id,screen,device_class,viewport,safe_area,ui_scale,input_method,player_state,test,status,evidence,blocker
"C0001","Collection","iphone7","666x374","0,-58,666,374","1","Studio rendered layout","Natural Grove complete / partial Display / claimed login","Baseline visual inspection","Pass","native-layout-cases.json",""
"C0002","Collection","iphone7","666x374","0,-58,666,374","1","Studio pointer/keyboard","Natural baseline","Full control activation coverage","Blocked","COVERAGE.md","B01"
"C0003","Collection","iphone7","666x374","0,-58,666,374","1","Physical touch","Natural baseline","Full control activation coverage","Blocked","COVERAGE.md","B02; B01"
"C0004","Collection","iphone7","666x374","0,-58,666,374","1","Gamepad","Natural baseline","Full control activation coverage","Blocked","COVERAGE.md","B02; B01"
"C0005","Display","iphone7","666x374","0,-58,666,374","1","Studio rendered layout","Natural Grove complete / partial Display / claimed login","Baseline visual inspection","Fail","native-layout-cases.json; AQ02",""
"C0006","Display","iphone7","666x374","0,-58,666,374","1","Studio pointer/keyboard","Natural baseline","Full control activation coverage","Blocked","COVERAGE.md","B01"
"C0007","Display","iphone7","666x374","0,-58,666,374","1","Physical touch","Natural baseline","Full control activation coverage","Blocked","COVERAGE.md","B02; B01"
"C0008","Display","iphone7","666x374","0,-58,666,374","1","Gamepad","Natural baseline","Full control activation coverage","Blocked","COVERAGE.md","B02; B01"
"C0009","Shop","iphone7","666x374","0,-58,666,374","1","Studio rendered layout","Natural Grove complete / partial Display / claimed login","Baseline visual inspection","Pass","native-layout-cases.json",""
"C0010","Shop","iphone7","666x374","0,-58,666,374","1","Studio pointer/keyboard","Natural baseline","Full control activation coverage","Blocked","COVERAGE.md","B01"
"C0011","Shop","iphone7","666x374","0,-58,666,374","1","Physical touch","Natural baseline","Full control activation coverage","Blocked","COVERAGE.md","B02; B01"
"C0012","Shop","iphone7","666x374","0,-58,666,374","1","Gamepad","Natural baseline","Full control activation coverage","Blocked","COVERAGE.md","B02; B01"
"C0013","Goals","iphone7","666x374","0,-58,666,374","1","Studio rendered layout","Natural Grove complete / partial Display / claimed login","Baseline visual inspection","Pass","native-layout-cases.json",""
"C0014","Goals","iphone7","666x374","0,-58,666,374","1","Studio pointer/keyboard","Natural baseline","Full control activation coverage","Blocked","COVERAGE.md","B01"
"C0015","Goals","iphone7","666x374","0,-58,666,374","1","Physical touch","Natural baseline","Full control activation coverage","Blocked","COVERAGE.md","B02; B01"
"C0016","Goals","iphone7","666x374","0,-58,666,374","1","Gamepad","Natural baseline","Full control activation coverage","Blocked","COVERAGE.md","B02; B01"
"C0017","Shelves","iphone7","666x374","0,-58,666,374","1","Studio rendered layout","Natural Grove complete / partial Display / claimed login","Baseline visual inspection","Fail","native-layout-cases.json; AQ01",""
"C0018","Shelves","iphone7","666x374","0,-58,666,374","1","Studio pointer/keyboard","Natural baseline","Full control activation coverage","Blocked","COVERAGE.md","B01"
"C0019","Shelves","iphone7","666x374","0,-58,666,374","1","Physical touch","Natural baseline","Full control activation coverage","Blocked","COVERAGE.md","B02; B01"
"C0020","Shelves","iphone7","666x374","0,-58,666,374","1","Gamepad","Natural baseline","Full control activation coverage","Blocked","COVERAGE.md","B02; B01"
"C0021","Login","iphone7","666x374","0,-58,666,374","1","Studio rendered layout","Natural Grove complete / partial Display / claimed login","Baseline visual inspection","Pass","native-layout-cases.json",""
"C0022","Login","iphone7","666x374","0,-58,666,374","1","Studio pointer/keyboard","Natural baseline","Full control activation coverage","Blocked","COVERAGE.md","B01"
"C0023","Login","iphone7","666x374","0,-58,666,374","1","Physical touch","Natural baseline","Full control activation coverage","Blocked","COVERAGE.md","B02; B01"
"C0024","Login","iphone7","666x374","0,-58,666,374","1","Gamepad","Natural baseline","Full control activation coverage","Blocked","COVERAGE.md","B02; B01"
"C0025","HUD","iphone7","666x374","0,-58,666,374","1","Studio rendered layout","Natural Grove complete / partial Display / claimed login","Baseline visual inspection","Pass","first-coins.jpg; WALKTHROUGH.md",""
"C0026","HUD","iphone7","666x374","0,-58,666,374","1","Studio pointer/keyboard","Natural baseline","Full control activation coverage","Blocked","COVERAGE.md","B01"
"C0027","HUD","iphone7","666x374","0,-58,666,374","1","Physical touch","Natural baseline","Full control activation coverage","Blocked","COVERAGE.md","B02; B01"
"C0028","HUD","iphone7","666x374","0,-58,666,374","1","Gamepad","Natural baseline","Full control activation coverage","Blocked","COVERAGE.md","B02; B01"
"C0029","Settings","iphone7","666x374","0,-58,666,374","1","Studio rendered layout","Natural Grove complete / partial Display / claimed login","Baseline visual inspection","Blocked","runtime-blockers.json","B01"
"C0030","Settings","iphone7","666x374","0,-58,666,374","1","Studio pointer/keyboard","Natural baseline","Full control activation coverage","Blocked","COVERAGE.md","B01"
"C0031","Settings","iphone7","666x374","0,-58,666,374","1","Physical touch","Natural baseline","Full control activation coverage","Blocked","COVERAGE.md","B02; B01"
"C0032","Settings","iphone7","666x374","0,-58,666,374","1","Gamepad","Natural baseline","Full control activation coverage","Blocked","COVERAGE.md","B02; B01"
"C0033","Collection","a06","705x338","0,-58,705,338","1","Studio rendered layout","Natural Grove complete / partial Display / claimed login","Baseline visual inspection","Pass","native-layout-cases.json",""
"C0034","Collection","a06","705x338","0,-58,705,338","1","Studio pointer/keyboard","Natural baseline","Full control activation coverage","Blocked","COVERAGE.md","B01"
"C0035","Collection","a06","705x338","0,-58,705,338","1","Physical touch","Natural baseline","Full control activation coverage","Blocked","COVERAGE.md","B02; B01"
"C0036","Collection","a06","705x338","0,-58,705,338","1","Gamepad","Natural baseline","Full control activation coverage","Blocked","COVERAGE.md","B02; B01"
"C0037","Display","a06","705x338","0,-58,705,338","1","Studio rendered layout","Natural Grove complete / partial Display / claimed login","Baseline visual inspection","Fail","native-layout-cases.json; AQ02",""
"C0038","Display","a06","705x338","0,-58,705,338","1","Studio pointer/keyboard","Natural baseline","Full control activation coverage","Blocked","COVERAGE.md","B01"
"C0039","Display","a06","705x338","0,-58,705,338","1","Physical touch","Natural baseline","Full control activation coverage","Blocked","COVERAGE.md","B02; B01"
"C0040","Display","a06","705x338","0,-58,705,338","1","Gamepad","Natural baseline","Full control activation coverage","Blocked","COVERAGE.md","B02; B01"
"C0041","Shop","a06","705x338","0,-58,705,338","1","Studio rendered layout","Natural Grove complete / partial Display / claimed login","Baseline visual inspection","Pass","native-layout-cases.json",""
"C0042","Shop","a06","705x338","0,-58,705,338","1","Studio pointer/keyboard","Natural baseline","Full control activation coverage","Blocked","COVERAGE.md","B01"
"C0043","Shop","a06","705x338","0,-58,705,338","1","Physical touch","Natural baseline","Full control activation coverage","Blocked","COVERAGE.md","B02; B01"
"C0044","Shop","a06","705x338","0,-58,705,338","1","Gamepad","Natural baseline","Full control activation coverage","Blocked","COVERAGE.md","B02; B01"
"C0045","Goals","a06","705x338","0,-58,705,338","1","Studio rendered layout","Natural Grove complete / partial Display / claimed login","Baseline visual inspection","Pass","native-layout-cases.json",""
"C0046","Goals","a06","705x338","0,-58,705,338","1","Studio pointer/keyboard","Natural baseline","Full control activation coverage","Blocked","COVERAGE.md","B01"
"C0047","Goals","a06","705x338","0,-58,705,338","1","Physical touch","Natural baseline","Full control activation coverage","Blocked","COVERAGE.md","B02; B01"
"C0048","Goals","a06","705x338","0,-58,705,338","1","Gamepad","Natural baseline","Full control activation coverage","Blocked","COVERAGE.md","B02; B01"
"C0049","Shelves","a06","705x338","0,-58,705,338","1","Studio rendered layout","Natural Grove complete / partial Display / claimed login","Baseline visual inspection","Pass","native-layout-cases.json",""
"C0050","Shelves","a06","705x338","0,-58,705,338","1","Studio pointer/keyboard","Natural baseline","Full control activation coverage","Blocked","COVERAGE.md","B01"
"C0051","Shelves","a06","705x338","0,-58,705,338","1","Physical touch","Natural baseline","Full control activation coverage","Blocked","COVERAGE.md","B02; B01"
"C0052","Shelves","a06","705x338","0,-58,705,338","1","Gamepad","Natural baseline","Full control activation coverage","Blocked","COVERAGE.md","B02; B01"
"C0053","Login","a06","705x338","0,-58,705,338","1","Studio rendered layout","Natural Grove complete / partial Display / claimed login","Baseline visual inspection","Pass","native-layout-cases.json",""
"C0054","Login","a06","705x338","0,-58,705,338","1","Studio pointer/keyboard","Natural baseline","Full control activation coverage","Blocked","COVERAGE.md","B01"
"C0055","Login","a06","705x338","0,-58,705,338","1","Physical touch","Natural baseline","Full control activation coverage","Blocked","COVERAGE.md","B02; B01"
"C0056","Login","a06","705x338","0,-58,705,338","1","Gamepad","Natural baseline","Full control activation coverage","Blocked","COVERAGE.md","B02; B01"
"C0057","HUD","a06","705x338","0,-58,705,338","1","Studio rendered layout","Natural Grove complete / partial Display / claimed login","Baseline visual inspection","Pass","native-layout-cases.json",""
"C0058","HUD","a06","705x338","0,-58,705,338","1","Studio pointer/keyboard","Natural baseline","Full control activation coverage","Blocked","COVERAGE.md","B01"
"C0059","HUD","a06","705x338","0,-58,705,338","1","Physical touch","Natural baseline","Full control activation coverage","Blocked","COVERAGE.md","B02; B01"
"C0060","HUD","a06","705x338","0,-58,705,338","1","Gamepad","Natural baseline","Full control activation coverage","Blocked","COVERAGE.md","B02; B01"
"C0061","Settings","a06","705x338","0,-58,705,338","1","Studio rendered layout","Natural Grove complete / partial Display / claimed login","Baseline visual inspection","Pass","native-layout-cases.json",""
"C0062","Settings","a06","705x338","0,-58,705,338","1","Studio pointer/keyboard","Natural baseline","Full control activation coverage","Blocked","COVERAGE.md","B01"
"C0063","Settings","a06","705x338","0,-58,705,338","1","Physical touch","Natural baseline","Full control activation coverage","Blocked","COVERAGE.md","B02; B01"
"C0064","Settings","a06","705x338","0,-58,705,338","1","Gamepad","Natural baseline","Full control activation coverage","Blocked","COVERAGE.md","B02; B01"
"C0065","Collection","iphone13","749x389","0,-58,749,389","1","Studio rendered layout","Natural Grove complete / partial Display / claimed login","Baseline visual inspection","Pass","native-layout-cases.json",""
"C0066","Collection","iphone13","749x389","0,-58,749,389","1","Studio pointer/keyboard","Natural baseline","Full control activation coverage","Blocked","COVERAGE.md","B01"
"C0067","Collection","iphone13","749x389","0,-58,749,389","1","Physical touch","Natural baseline","Full control activation coverage","Blocked","COVERAGE.md","B02; B01"
"C0068","Collection","iphone13","749x389","0,-58,749,389","1","Gamepad","Natural baseline","Full control activation coverage","Blocked","COVERAGE.md","B02; B01"
"C0069","Display","iphone13","749x389","0,-58,749,389","1","Studio rendered layout","Natural Grove complete / partial Display / claimed login","Baseline visual inspection","Pass","native-layout-cases.json",""
"C0070","Display","iphone13","749x389","0,-58,749,389","1","Studio pointer/keyboard","Natural baseline","Full control activation coverage","Blocked","COVERAGE.md","B01"
"C0071","Display","iphone13","749x389","0,-58,749,389","1","Physical touch","Natural baseline","Full control activation coverage","Blocked","COVERAGE.md","B02; B01"
"C0072","Display","iphone13","749x389","0,-58,749,389","1","Gamepad","Natural baseline","Full control activation coverage","Blocked","COVERAGE.md","B02; B01"
"C0073","Shop","iphone13","749x389","0,-58,749,389","1","Studio rendered layout","Natural Grove complete / partial Display / claimed login","Baseline visual inspection","Pass","native-layout-cases.json",""
"C0074","Shop","iphone13","749x389","0,-58,749,389","1","Studio pointer/keyboard","Natural baseline","Full control activation coverage","Blocked","COVERAGE.md","B01"
"C0075","Shop","iphone13","749x389","0,-58,749,389","1","Physical touch","Natural baseline","Full control activation coverage","Blocked","COVERAGE.md","B02; B01"
"C0076","Shop","iphone13","749x389","0,-58,749,389","1","Gamepad","Natural baseline","Full control activation coverage","Blocked","COVERAGE.md","B02; B01"
"C0077","Goals","iphone13","749x389","0,-58,749,389","1","Studio rendered layout","Natural Grove complete / partial Display / claimed login","Baseline visual inspection","Pass","native-layout-cases.json",""
"C0078","Goals","iphone13","749x389","0,-58,749,389","1","Studio pointer/keyboard","Natural baseline","Full control activation coverage","Blocked","COVERAGE.md","B01"
"C0079","Goals","iphone13","749x389","0,-58,749,389","1","Physical touch","Natural baseline","Full control activation coverage","Blocked","COVERAGE.md","B02; B01"
"C0080","Goals","iphone13","749x389","0,-58,749,389","1","Gamepad","Natural baseline","Full control activation coverage","Blocked","COVERAGE.md","B02; B01"
"C0081","Shelves","iphone13","749x389","0,-58,749,389","1","Studio rendered layout","Natural Grove complete / partial Display / claimed login","Baseline visual inspection","Fail","native-layout-cases.json; AQ01",""
"C0082","Shelves","iphone13","749x389","0,-58,749,389","1","Studio pointer/keyboard","Natural baseline","Full control activation coverage","Blocked","COVERAGE.md","B01"
"C0083","Shelves","iphone13","749x389","0,-58,749,389","1","Physical touch","Natural baseline","Full control activation coverage","Blocked","COVERAGE.md","B02; B01"
"C0084","Shelves","iphone13","749x389","0,-58,749,389","1","Gamepad","Natural baseline","Full control activation coverage","Blocked","COVERAGE.md","B02; B01"
"C0085","Login","iphone13","749x389","0,-58,749,389","1","Studio rendered layout","Natural Grove complete / partial Display / claimed login","Baseline visual inspection","Pass","native-layout-cases.json",""
"C0086","Login","iphone13","749x389","0,-58,749,389","1","Studio pointer/keyboard","Natural baseline","Full control activation coverage","Blocked","COVERAGE.md","B01"
"C0087","Login","iphone13","749x389","0,-58,749,389","1","Physical touch","Natural baseline","Full control activation coverage","Blocked","COVERAGE.md","B02; B01"
"C0088","Login","iphone13","749x389","0,-58,749,389","1","Gamepad","Natural baseline","Full control activation coverage","Blocked","COVERAGE.md","B02; B01"
"C0089","HUD","iphone13","749x389","0,-58,749,389","1","Studio rendered layout","Natural Grove complete / partial Display / claimed login","Baseline visual inspection","Pass","native-layout-cases.json",""
"C0090","HUD","iphone13","749x389","0,-58,749,389","1","Studio pointer/keyboard","Natural baseline","Full control activation coverage","Blocked","COVERAGE.md","B01"
"C0091","HUD","iphone13","749x389","0,-58,749,389","1","Physical touch","Natural baseline","Full control activation coverage","Blocked","COVERAGE.md","B02; B01"
"C0092","HUD","iphone13","749x389","0,-58,749,389","1","Gamepad","Natural baseline","Full control activation coverage","Blocked","COVERAGE.md","B02; B01"
"C0093","Settings","iphone13","749x389","0,-58,749,389","1","Studio rendered layout","Natural Grove complete / partial Display / claimed login","Baseline visual inspection","Pass","native-layout-cases.json",""
"C0094","Settings","iphone13","749x389","0,-58,749,389","1","Studio pointer/keyboard","Natural baseline","Full control activation coverage","Blocked","COVERAGE.md","B01"
"C0095","Settings","iphone13","749x389","0,-58,749,389","1","Physical touch","Natural baseline","Full control activation coverage","Blocked","COVERAGE.md","B02; B01"
"C0096","Settings","iphone13","749x389","0,-58,749,389","1","Gamepad","Natural baseline","Full control activation coverage","Blocked","COVERAGE.md","B02; B01"
"C0097","Collection","iphone16max","831x439","0,-58,831,439","1","Studio rendered layout","Natural Grove complete / partial Display / claimed login","Baseline visual inspection","Pass","native-layout-cases.json",""
"C0098","Collection","iphone16max","831x439","0,-58,831,439","1","Studio pointer/keyboard","Natural baseline","Full control activation coverage","Blocked","COVERAGE.md","B01"
"C0099","Collection","iphone16max","831x439","0,-58,831,439","1","Physical touch","Natural baseline","Full control activation coverage","Blocked","COVERAGE.md","B02; B01"
"C0100","Collection","iphone16max","831x439","0,-58,831,439","1","Gamepad","Natural baseline","Full control activation coverage","Blocked","COVERAGE.md","B02; B01"
"C0101","Display","iphone16max","831x439","0,-58,831,439","1","Studio rendered layout","Natural Grove complete / partial Display / claimed login","Baseline visual inspection","Pass","native-layout-cases.json",""
"C0102","Display","iphone16max","831x439","0,-58,831,439","1","Studio pointer/keyboard","Natural baseline","Full control activation coverage","Blocked","COVERAGE.md","B01"
"C0103","Display","iphone16max","831x439","0,-58,831,439","1","Physical touch","Natural baseline","Full control activation coverage","Blocked","COVERAGE.md","B02; B01"
"C0104","Display","iphone16max","831x439","0,-58,831,439","1","Gamepad","Natural baseline","Full control activation coverage","Blocked","COVERAGE.md","B02; B01"
"C0105","Shop","iphone16max","831x439","0,-58,831,439","1","Studio rendered layout","Natural Grove complete / partial Display / claimed login","Baseline visual inspection","Pass","native-layout-cases.json",""
"C0106","Shop","iphone16max","831x439","0,-58,831,439","1","Studio pointer/keyboard","Natural baseline","Full control activation coverage","Blocked","COVERAGE.md","B01"
"C0107","Shop","iphone16max","831x439","0,-58,831,439","1","Physical touch","Natural baseline","Full control activation coverage","Blocked","COVERAGE.md","B02; B01"
"C0108","Shop","iphone16max","831x439","0,-58,831,439","1","Gamepad","Natural baseline","Full control activation coverage","Blocked","COVERAGE.md","B02; B01"
"C0109","Goals","iphone16max","831x439","0,-58,831,439","1","Studio rendered layout","Natural Grove complete / partial Display / claimed login","Baseline visual inspection","Pass","native-layout-cases.json",""
"C0110","Goals","iphone16max","831x439","0,-58,831,439","1","Studio pointer/keyboard","Natural baseline","Full control activation coverage","Blocked","COVERAGE.md","B01"
"C0111","Goals","iphone16max","831x439","0,-58,831,439","1","Physical touch","Natural baseline","Full control activation coverage","Blocked","COVERAGE.md","B02; B01"
"C0112","Goals","iphone16max","831x439","0,-58,831,439","1","Gamepad","Natural baseline","Full control activation coverage","Blocked","COVERAGE.md","B02; B01"
"C0113","Shelves","iphone16max","831x439","0,-58,831,439","1","Studio rendered layout","Natural Grove complete / partial Display / claimed login","Baseline visual inspection","Pass","native-layout-cases.json",""
"C0114","Shelves","iphone16max","831x439","0,-58,831,439","1","Studio pointer/keyboard","Natural baseline","Full control activation coverage","Blocked","COVERAGE.md","B01"
"C0115","Shelves","iphone16max","831x439","0,-58,831,439","1","Physical touch","Natural baseline","Full control activation coverage","Blocked","COVERAGE.md","B02; B01"
"C0116","Shelves","iphone16max","831x439","0,-58,831,439","1","Gamepad","Natural baseline","Full control activation coverage","Blocked","COVERAGE.md","B02; B01"
"C0117","Login","iphone16max","831x439","0,-58,831,439","1","Studio rendered layout","Natural Grove complete / partial Display / claimed login","Baseline visual inspection","Pass","native-layout-cases.json",""
"C0118","Login","iphone16max","831x439","0,-58,831,439","1","Studio pointer/keyboard","Natural baseline","Full control activation coverage","Blocked","COVERAGE.md","B01"
"C0119","Login","iphone16max","831x439","0,-58,831,439","1","Physical touch","Natural baseline","Full control activation coverage","Blocked","COVERAGE.md","B02; B01"
"C0120","Login","iphone16max","831x439","0,-58,831,439","1","Gamepad","Natural baseline","Full control activation coverage","Blocked","COVERAGE.md","B02; B01"
"C0121","HUD","iphone16max","831x439","0,-58,831,439","1","Studio rendered layout","Natural Grove complete / partial Display / claimed login","Baseline visual inspection","Pass","native-layout-cases.json",""
"C0122","HUD","iphone16max","831x439","0,-58,831,439","1","Studio pointer/keyboard","Natural baseline","Full control activation coverage","Blocked","COVERAGE.md","B01"
"C0123","HUD","iphone16max","831x439","0,-58,831,439","1","Physical touch","Natural baseline","Full control activation coverage","Blocked","COVERAGE.md","B02; B01"
"C0124","HUD","iphone16max","831x439","0,-58,831,439","1","Gamepad","Natural baseline","Full control activation coverage","Blocked","COVERAGE.md","B02; B01"
"C0125","Settings","iphone16max","831x439","0,-58,831,439","1","Studio rendered layout","Natural Grove complete / partial Display / claimed login","Baseline visual inspection","Pass","native-layout-cases.json",""
"C0126","Settings","iphone16max","831x439","0,-58,831,439","1","Studio pointer/keyboard","Natural baseline","Full control activation coverage","Blocked","COVERAGE.md","B01"
"C0127","Settings","iphone16max","831x439","0,-58,831,439","1","Physical touch","Natural baseline","Full control activation coverage","Blocked","COVERAGE.md","B02; B01"
"C0128","Settings","iphone16max","831x439","0,-58,831,439","1","Gamepad","Natural baseline","Full control activation coverage","Blocked","COVERAGE.md","B02; B01"
"C0129","Collection","smalltablet","959x599","0,-58,959,599","1","Studio rendered layout","Natural Grove complete / partial Display / claimed login","Baseline visual inspection","Pass","native-layout-cases.json",""
"C0130","Collection","smalltablet","959x599","0,-58,959,599","1","Studio pointer/keyboard","Natural baseline","Full control activation coverage","Blocked","COVERAGE.md","B01"
"C0131","Collection","smalltablet","959x599","0,-58,959,599","1","Physical touch","Natural baseline","Full control activation coverage","Blocked","COVERAGE.md","B02; B01"
"C0132","Collection","smalltablet","959x599","0,-58,959,599","1","Gamepad","Natural baseline","Full control activation coverage","Blocked","COVERAGE.md","B02; B01"
"C0133","Display","smalltablet","959x599","0,-58,959,599","1","Studio rendered layout","Natural Grove complete / partial Display / claimed login","Baseline visual inspection","Fail","native-layout-cases.json; AQ01",""
"C0134","Display","smalltablet","959x599","0,-58,959,599","1","Studio pointer/keyboard","Natural baseline","Full control activation coverage","Blocked","COVERAGE.md","B01"
"C0135","Display","smalltablet","959x599","0,-58,959,599","1","Physical touch","Natural baseline","Full control activation coverage","Blocked","COVERAGE.md","B02; B01"
"C0136","Display","smalltablet","959x599","0,-58,959,599","1","Gamepad","Natural baseline","Full control activation coverage","Blocked","COVERAGE.md","B02; B01"
"C0137","Shop","smalltablet","959x599","0,-58,959,599","1","Studio rendered layout","Natural Grove complete / partial Display / claimed login","Baseline visual inspection","Pass","native-layout-cases.json",""
"C0138","Shop","smalltablet","959x599","0,-58,959,599","1","Studio pointer/keyboard","Natural baseline","Full control activation coverage","Blocked","COVERAGE.md","B01"
"C0139","Shop","smalltablet","959x599","0,-58,959,599","1","Physical touch","Natural baseline","Full control activation coverage","Blocked","COVERAGE.md","B02; B01"
"C0140","Shop","smalltablet","959x599","0,-58,959,599","1","Gamepad","Natural baseline","Full control activation coverage","Blocked","COVERAGE.md","B02; B01"
"C0141","Goals","smalltablet","959x599","0,-58,959,599","1","Studio rendered layout","Natural Grove complete / partial Display / claimed login","Baseline visual inspection","Pass","native-layout-cases.json",""
"C0142","Goals","smalltablet","959x599","0,-58,959,599","1","Studio pointer/keyboard","Natural baseline","Full control activation coverage","Blocked","COVERAGE.md","B01"
"C0143","Goals","smalltablet","959x599","0,-58,959,599","1","Physical touch","Natural baseline","Full control activation coverage","Blocked","COVERAGE.md","B02; B01"
"C0144","Goals","smalltablet","959x599","0,-58,959,599","1","Gamepad","Natural baseline","Full control activation coverage","Blocked","COVERAGE.md","B02; B01"
"C0145","Shelves","smalltablet","959x599","0,-58,959,599","1","Studio rendered layout","Natural Grove complete / partial Display / claimed login","Baseline visual inspection","Pass","native-layout-cases.json",""
"C0146","Shelves","smalltablet","959x599","0,-58,959,599","1","Studio pointer/keyboard","Natural baseline","Full control activation coverage","Blocked","COVERAGE.md","B01"
"C0147","Shelves","smalltablet","959x599","0,-58,959,599","1","Physical touch","Natural baseline","Full control activation coverage","Blocked","COVERAGE.md","B02; B01"
"C0148","Shelves","smalltablet","959x599","0,-58,959,599","1","Gamepad","Natural baseline","Full control activation coverage","Blocked","COVERAGE.md","B02; B01"
"C0149","Login","smalltablet","959x599","0,-58,959,599","1","Studio rendered layout","Natural Grove complete / partial Display / claimed login","Baseline visual inspection","Pass","native-layout-cases.json",""
"C0150","Login","smalltablet","959x599","0,-58,959,599","1","Studio pointer/keyboard","Natural baseline","Full control activation coverage","Blocked","COVERAGE.md","B01"
"C0151","Login","smalltablet","959x599","0,-58,959,599","1","Physical touch","Natural baseline","Full control activation coverage","Blocked","COVERAGE.md","B02; B01"
"C0152","Login","smalltablet","959x599","0,-58,959,599","1","Gamepad","Natural baseline","Full control activation coverage","Blocked","COVERAGE.md","B02; B01"
"C0153","HUD","smalltablet","959x599","0,-58,959,599","1","Studio rendered layout","Natural Grove complete / partial Display / claimed login","Baseline visual inspection","Pass","native-layout-cases.json",""
"C0154","HUD","smalltablet","959x599","0,-58,959,599","1","Studio pointer/keyboard","Natural baseline","Full control activation coverage","Blocked","COVERAGE.md","B01"
"C0155","HUD","smalltablet","959x599","0,-58,959,599","1","Physical touch","Natural baseline","Full control activation coverage","Blocked","COVERAGE.md","B02; B01"
"C0156","HUD","smalltablet","959x599","0,-58,959,599","1","Gamepad","Natural baseline","Full control activation coverage","Blocked","COVERAGE.md","B02; B01"
"C0157","Settings","smalltablet","959x599","0,-58,959,599","1","Studio rendered layout","Natural Grove complete / partial Display / claimed login","Baseline visual inspection","Pass","native-layout-cases.json",""
"C0158","Settings","smalltablet","959x599","0,-58,959,599","1","Studio pointer/keyboard","Natural baseline","Full control activation coverage","Blocked","COVERAGE.md","B01"
"C0159","Settings","smalltablet","959x599","0,-58,959,599","1","Physical touch","Natural baseline","Full control activation coverage","Blocked","COVERAGE.md","B02; B01"
"C0160","Settings","smalltablet","959x599","0,-58,959,599","1","Gamepad","Natural baseline","Full control activation coverage","Blocked","COVERAGE.md","B02; B01"
"C0161","Collection","ipad4x3","1023x768","0,-58,1023,768","1","Studio rendered layout","Natural Grove complete / partial Display / claimed login","Baseline visual inspection","Fail","native-layout-cases.json; AQ03",""
"C0162","Collection","ipad4x3","1023x768","0,-58,1023,768","1","Studio pointer/keyboard","Natural baseline","Full control activation coverage","Blocked","COVERAGE.md","B01"
"C0163","Collection","ipad4x3","1023x768","0,-58,1023,768","1","Physical touch","Natural baseline","Full control activation coverage","Blocked","COVERAGE.md","B02; B01"
"C0164","Collection","ipad4x3","1023x768","0,-58,1023,768","1","Gamepad","Natural baseline","Full control activation coverage","Blocked","COVERAGE.md","B02; B01"
"C0165","Display","ipad4x3","1023x768","0,-58,1023,768","1","Studio rendered layout","Natural Grove complete / partial Display / claimed login","Baseline visual inspection","Pass","native-layout-cases.json",""
"C0166","Display","ipad4x3","1023x768","0,-58,1023,768","1","Studio pointer/keyboard","Natural baseline","Full control activation coverage","Blocked","COVERAGE.md","B01"
"C0167","Display","ipad4x3","1023x768","0,-58,1023,768","1","Physical touch","Natural baseline","Full control activation coverage","Blocked","COVERAGE.md","B02; B01"
"C0168","Display","ipad4x3","1023x768","0,-58,1023,768","1","Gamepad","Natural baseline","Full control activation coverage","Blocked","COVERAGE.md","B02; B01"
"C0169","Shop","ipad4x3","1023x768","0,-58,1023,768","1","Studio rendered layout","Natural Grove complete / partial Display / claimed login","Baseline visual inspection","Pass","native-layout-cases.json",""
"C0170","Shop","ipad4x3","1023x768","0,-58,1023,768","1","Studio pointer/keyboard","Natural baseline","Full control activation coverage","Blocked","COVERAGE.md","B01"
"C0171","Shop","ipad4x3","1023x768","0,-58,1023,768","1","Physical touch","Natural baseline","Full control activation coverage","Blocked","COVERAGE.md","B02; B01"
"C0172","Shop","ipad4x3","1023x768","0,-58,1023,768","1","Gamepad","Natural baseline","Full control activation coverage","Blocked","COVERAGE.md","B02; B01"
"C0173","Goals","ipad4x3","1023x768","0,-58,1023,768","1","Studio rendered layout","Natural Grove complete / partial Display / claimed login","Baseline visual inspection","Pass","native-layout-cases.json",""
"C0174","Goals","ipad4x3","1023x768","0,-58,1023,768","1","Studio pointer/keyboard","Natural baseline","Full control activation coverage","Blocked","COVERAGE.md","B01"
"C0175","Goals","ipad4x3","1023x768","0,-58,1023,768","1","Physical touch","Natural baseline","Full control activation coverage","Blocked","COVERAGE.md","B02; B01"
"C0176","Goals","ipad4x3","1023x768","0,-58,1023,768","1","Gamepad","Natural baseline","Full control activation coverage","Blocked","COVERAGE.md","B02; B01"
"C0177","Shelves","ipad4x3","1023x768","0,-58,1023,768","1","Studio rendered layout","Natural Grove complete / partial Display / claimed login","Baseline visual inspection","Pass","native-layout-cases.json",""
"C0178","Shelves","ipad4x3","1023x768","0,-58,1023,768","1","Studio pointer/keyboard","Natural baseline","Full control activation coverage","Blocked","COVERAGE.md","B01"
"C0179","Shelves","ipad4x3","1023x768","0,-58,1023,768","1","Physical touch","Natural baseline","Full control activation coverage","Blocked","COVERAGE.md","B02; B01"
"C0180","Shelves","ipad4x3","1023x768","0,-58,1023,768","1","Gamepad","Natural baseline","Full control activation coverage","Blocked","COVERAGE.md","B02; B01"
"C0181","Login","ipad4x3","1023x768","0,-58,1023,768","1","Studio rendered layout","Natural Grove complete / partial Display / claimed login","Baseline visual inspection","Pass","native-layout-cases.json",""
"C0182","Login","ipad4x3","1023x768","0,-58,1023,768","1","Studio pointer/keyboard","Natural baseline","Full control activation coverage","Blocked","COVERAGE.md","B01"
"C0183","Login","ipad4x3","1023x768","0,-58,1023,768","1","Physical touch","Natural baseline","Full control activation coverage","Blocked","COVERAGE.md","B02; B01"
"C0184","Login","ipad4x3","1023x768","0,-58,1023,768","1","Gamepad","Natural baseline","Full control activation coverage","Blocked","COVERAGE.md","B02; B01"
"C0185","HUD","ipad4x3","1023x768","0,-58,1023,768","1","Studio rendered layout","Natural Grove complete / partial Display / claimed login","Baseline visual inspection","Pass","native-layout-cases.json",""
"C0186","HUD","ipad4x3","1023x768","0,-58,1023,768","1","Studio pointer/keyboard","Natural baseline","Full control activation coverage","Blocked","COVERAGE.md","B01"
"C0187","HUD","ipad4x3","1023x768","0,-58,1023,768","1","Physical touch","Natural baseline","Full control activation coverage","Blocked","COVERAGE.md","B02; B01"
"C0188","HUD","ipad4x3","1023x768","0,-58,1023,768","1","Gamepad","Natural baseline","Full control activation coverage","Blocked","COVERAGE.md","B02; B01"
"C0189","Settings","ipad4x3","1023x768","0,-58,1023,768","1","Studio rendered layout","Natural Grove complete / partial Display / claimed login","Baseline visual inspection","Pass","native-layout-cases.json",""
"C0190","Settings","ipad4x3","1023x768","0,-58,1023,768","1","Studio pointer/keyboard","Natural baseline","Full control activation coverage","Blocked","COVERAGE.md","B01"
"C0191","Settings","ipad4x3","1023x768","0,-58,1023,768","1","Physical touch","Natural baseline","Full control activation coverage","Blocked","COVERAGE.md","B02; B01"
"C0192","Settings","ipad4x3","1023x768","0,-58,1023,768","1","Gamepad","Natural baseline","Full control activation coverage","Blocked","COVERAGE.md","B02; B01"
"C0193","Collection","largetablet","1375x1032","0,-58,1375,1032","1.07421875","Studio rendered layout","Natural Grove complete / partial Display / claimed login","Baseline visual inspection","Pass","native-layout-cases.json",""
"C0194","Collection","largetablet","1375x1032","0,-58,1375,1032","1.07421875","Studio pointer/keyboard","Natural baseline","Full control activation coverage","Blocked","COVERAGE.md","B01"
"C0195","Collection","largetablet","1375x1032","0,-58,1375,1032","1.07421875","Physical touch","Natural baseline","Full control activation coverage","Blocked","COVERAGE.md","B02; B01"
"C0196","Collection","largetablet","1375x1032","0,-58,1375,1032","1.07421875","Gamepad","Natural baseline","Full control activation coverage","Blocked","COVERAGE.md","B02; B01"
"C0197","Display","largetablet","1375x1032","0,-58,1375,1032","1.07421875","Studio rendered layout","Natural Grove complete / partial Display / claimed login","Baseline visual inspection","Pass","native-layout-cases.json",""
"C0198","Display","largetablet","1375x1032","0,-58,1375,1032","1.07421875","Studio pointer/keyboard","Natural baseline","Full control activation coverage","Blocked","COVERAGE.md","B01"
"C0199","Display","largetablet","1375x1032","0,-58,1375,1032","1.07421875","Physical touch","Natural baseline","Full control activation coverage","Blocked","COVERAGE.md","B02; B01"
"C0200","Display","largetablet","1375x1032","0,-58,1375,1032","1.07421875","Gamepad","Natural baseline","Full control activation coverage","Blocked","COVERAGE.md","B02; B01"
"C0201","Shop","largetablet","1375x1032","0,-58,1375,1032","1.07421875","Studio rendered layout","Natural Grove complete / partial Display / claimed login","Baseline visual inspection","Pass","native-layout-cases.json",""
"C0202","Shop","largetablet","1375x1032","0,-58,1375,1032","1.07421875","Studio pointer/keyboard","Natural baseline","Full control activation coverage","Blocked","COVERAGE.md","B01"
"C0203","Shop","largetablet","1375x1032","0,-58,1375,1032","1.07421875","Physical touch","Natural baseline","Full control activation coverage","Blocked","COVERAGE.md","B02; B01"
"C0204","Shop","largetablet","1375x1032","0,-58,1375,1032","1.07421875","Gamepad","Natural baseline","Full control activation coverage","Blocked","COVERAGE.md","B02; B01"
"C0205","Goals","largetablet","1375x1032","0,-58,1375,1032","1.07421875","Studio rendered layout","Natural Grove complete / partial Display / claimed login","Baseline visual inspection","Pass","native-layout-cases.json",""
"C0206","Goals","largetablet","1375x1032","0,-58,1375,1032","1.07421875","Studio pointer/keyboard","Natural baseline","Full control activation coverage","Blocked","COVERAGE.md","B01"
"C0207","Goals","largetablet","1375x1032","0,-58,1375,1032","1.07421875","Physical touch","Natural baseline","Full control activation coverage","Blocked","COVERAGE.md","B02; B01"
"C0208","Goals","largetablet","1375x1032","0,-58,1375,1032","1.07421875","Gamepad","Natural baseline","Full control activation coverage","Blocked","COVERAGE.md","B02; B01"
"C0209","Shelves","largetablet","1375x1032","0,-58,1375,1032","1.07421875","Studio rendered layout","Natural Grove complete / partial Display / claimed login","Baseline visual inspection","Pass","native-layout-cases.json",""
"C0210","Shelves","largetablet","1375x1032","0,-58,1375,1032","1.07421875","Studio pointer/keyboard","Natural baseline","Full control activation coverage","Blocked","COVERAGE.md","B01"
"C0211","Shelves","largetablet","1375x1032","0,-58,1375,1032","1.07421875","Physical touch","Natural baseline","Full control activation coverage","Blocked","COVERAGE.md","B02; B01"
"C0212","Shelves","largetablet","1375x1032","0,-58,1375,1032","1.07421875","Gamepad","Natural baseline","Full control activation coverage","Blocked","COVERAGE.md","B02; B01"
"C0213","Login","largetablet","1375x1032","0,-58,1375,1032","1.07421875","Studio rendered layout","Natural Grove complete / partial Display / claimed login","Baseline visual inspection","Pass","native-layout-cases.json",""
"C0214","Login","largetablet","1375x1032","0,-58,1375,1032","1.07421875","Studio pointer/keyboard","Natural baseline","Full control activation coverage","Blocked","COVERAGE.md","B01"
"C0215","Login","largetablet","1375x1032","0,-58,1375,1032","1.07421875","Physical touch","Natural baseline","Full control activation coverage","Blocked","COVERAGE.md","B02; B01"
"C0216","Login","largetablet","1375x1032","0,-58,1375,1032","1.07421875","Gamepad","Natural baseline","Full control activation coverage","Blocked","COVERAGE.md","B02; B01"
"C0217","HUD","largetablet","1375x1032","0,-58,1375,1032","1.07421875","Studio rendered layout","Natural Grove complete / partial Display / claimed login","Baseline visual inspection","Pass","native-layout-cases.json",""
"C0218","HUD","largetablet","1375x1032","0,-58,1375,1032","1.07421875","Studio pointer/keyboard","Natural baseline","Full control activation coverage","Blocked","COVERAGE.md","B01"
"C0219","HUD","largetablet","1375x1032","0,-58,1375,1032","1.07421875","Physical touch","Natural baseline","Full control activation coverage","Blocked","COVERAGE.md","B02; B01"
"C0220","HUD","largetablet","1375x1032","0,-58,1375,1032","1.07421875","Gamepad","Natural baseline","Full control activation coverage","Blocked","COVERAGE.md","B02; B01"
"C0221","Settings","largetablet","1375x1032","0,-58,1375,1032","1.07421875","Studio rendered layout","Natural Grove complete / partial Display / claimed login","Baseline visual inspection","Pass","native-layout-cases.json",""
"C0222","Settings","largetablet","1375x1032","0,-58,1375,1032","1.07421875","Studio pointer/keyboard","Natural baseline","Full control activation coverage","Blocked","COVERAGE.md","B01"
"C0223","Settings","largetablet","1375x1032","0,-58,1375,1032","1.07421875","Physical touch","Natural baseline","Full control activation coverage","Blocked","COVERAGE.md","B02; B01"
"C0224","Settings","largetablet","1375x1032","0,-58,1375,1032","1.07421875","Gamepad","Natural baseline","Full control activation coverage","Blocked","COVERAGE.md","B02; B01"
"C0225","Collection","laptop","1365x768","0,-58,1365,768","1.06640625","Studio rendered layout","Natural Grove complete / partial Display / claimed login","Baseline visual inspection","Pass","native-layout-cases.json",""
"C0226","Collection","laptop","1365x768","0,-58,1365,768","1.06640625","Studio pointer/keyboard","Natural baseline","Full control activation coverage","Blocked","COVERAGE.md","B01"
"C0227","Collection","laptop","1365x768","0,-58,1365,768","1.06640625","Physical touch","Natural baseline","Full control activation coverage","Blocked","COVERAGE.md","B02; B01"
"C0228","Collection","laptop","1365x768","0,-58,1365,768","1.06640625","Gamepad","Natural baseline","Full control activation coverage","Blocked","COVERAGE.md","B02; B01"
"C0229","Display","laptop","1365x768","0,-58,1365,768","1.06640625","Studio rendered layout","Natural Grove complete / partial Display / claimed login","Baseline visual inspection","Pass","native-layout-cases.json",""
"C0230","Display","laptop","1365x768","0,-58,1365,768","1.06640625","Studio pointer/keyboard","Natural baseline","Full control activation coverage","Blocked","COVERAGE.md","B01"
"C0231","Display","laptop","1365x768","0,-58,1365,768","1.06640625","Physical touch","Natural baseline","Full control activation coverage","Blocked","COVERAGE.md","B02; B01"
"C0232","Display","laptop","1365x768","0,-58,1365,768","1.06640625","Gamepad","Natural baseline","Full control activation coverage","Blocked","COVERAGE.md","B02; B01"
"C0233","Shop","laptop","1365x768","0,-58,1365,768","1.06640625","Studio rendered layout","Natural Grove complete / partial Display / claimed login","Baseline visual inspection","Pass","native-layout-cases.json",""
"C0234","Shop","laptop","1365x768","0,-58,1365,768","1.06640625","Studio pointer/keyboard","Natural baseline","Full control activation coverage","Blocked","COVERAGE.md","B01"
"C0235","Shop","laptop","1365x768","0,-58,1365,768","1.06640625","Physical touch","Natural baseline","Full control activation coverage","Blocked","COVERAGE.md","B02; B01"
"C0236","Shop","laptop","1365x768","0,-58,1365,768","1.06640625","Gamepad","Natural baseline","Full control activation coverage","Blocked","COVERAGE.md","B02; B01"
"C0237","Goals","laptop","1365x768","0,-58,1365,768","1.06640625","Studio rendered layout","Natural Grove complete / partial Display / claimed login","Baseline visual inspection","Pass","native-layout-cases.json",""
"C0238","Goals","laptop","1365x768","0,-58,1365,768","1.06640625","Studio pointer/keyboard","Natural baseline","Full control activation coverage","Blocked","COVERAGE.md","B01"
"C0239","Goals","laptop","1365x768","0,-58,1365,768","1.06640625","Physical touch","Natural baseline","Full control activation coverage","Blocked","COVERAGE.md","B02; B01"
"C0240","Goals","laptop","1365x768","0,-58,1365,768","1.06640625","Gamepad","Natural baseline","Full control activation coverage","Blocked","COVERAGE.md","B02; B01"
"C0241","Shelves","laptop","1365x768","0,-58,1365,768","1.06640625","Studio rendered layout","Natural Grove complete / partial Display / claimed login","Baseline visual inspection","Pass","native-layout-cases.json",""
"C0242","Shelves","laptop","1365x768","0,-58,1365,768","1.06640625","Studio pointer/keyboard","Natural baseline","Full control activation coverage","Blocked","COVERAGE.md","B01"
"C0243","Shelves","laptop","1365x768","0,-58,1365,768","1.06640625","Physical touch","Natural baseline","Full control activation coverage","Blocked","COVERAGE.md","B02; B01"
"C0244","Shelves","laptop","1365x768","0,-58,1365,768","1.06640625","Gamepad","Natural baseline","Full control activation coverage","Blocked","COVERAGE.md","B02; B01"
"C0245","Login","laptop","1365x768","0,-58,1365,768","1.06640625","Studio rendered layout","Natural Grove complete / partial Display / claimed login","Baseline visual inspection","Pass","native-layout-cases.json",""
"C0246","Login","laptop","1365x768","0,-58,1365,768","1.06640625","Studio pointer/keyboard","Natural baseline","Full control activation coverage","Blocked","COVERAGE.md","B01"
"C0247","Login","laptop","1365x768","0,-58,1365,768","1.06640625","Physical touch","Natural baseline","Full control activation coverage","Blocked","COVERAGE.md","B02; B01"
"C0248","Login","laptop","1365x768","0,-58,1365,768","1.06640625","Gamepad","Natural baseline","Full control activation coverage","Blocked","COVERAGE.md","B02; B01"
"C0249","HUD","laptop","1365x768","0,-58,1365,768","1.06640625","Studio rendered layout","Natural Grove complete / partial Display / claimed login","Baseline visual inspection","Pass","native-layout-cases.json",""
"C0250","HUD","laptop","1365x768","0,-58,1365,768","1.06640625","Studio pointer/keyboard","Natural baseline","Full control activation coverage","Blocked","COVERAGE.md","B01"
"C0251","HUD","laptop","1365x768","0,-58,1365,768","1.06640625","Physical touch","Natural baseline","Full control activation coverage","Blocked","COVERAGE.md","B02; B01"
"C0252","HUD","laptop","1365x768","0,-58,1365,768","1.06640625","Gamepad","Natural baseline","Full control activation coverage","Blocked","COVERAGE.md","B02; B01"
"C0253","Settings","laptop","1365x768","0,-58,1365,768","1.06640625","Studio rendered layout","Natural Grove complete / partial Display / claimed login","Baseline visual inspection","Pass","native-layout-cases.json",""
"C0254","Settings","laptop","1365x768","0,-58,1365,768","1.06640625","Studio pointer/keyboard","Natural baseline","Full control activation coverage","Blocked","COVERAGE.md","B01"
"C0255","Settings","laptop","1365x768","0,-58,1365,768","1.06640625","Physical touch","Natural baseline","Full control activation coverage","Blocked","COVERAGE.md","B02; B01"
"C0256","Settings","laptop","1365x768","0,-58,1365,768","1.06640625","Gamepad","Natural baseline","Full control activation coverage","Blocked","COVERAGE.md","B02; B01"
"C0257","Collection","hd720","1279x720","0,-58,1279,720","1","Studio rendered layout","Natural Grove complete / partial Display / claimed login","Baseline visual inspection","Fail","native-layout-cases.json; AQ03",""
"C0258","Collection","hd720","1279x720","0,-58,1279,720","1","Studio pointer/keyboard","Natural baseline","Full control activation coverage","Blocked","COVERAGE.md","B01"
"C0259","Collection","hd720","1279x720","0,-58,1279,720","1","Physical touch","Natural baseline","Full control activation coverage","Blocked","COVERAGE.md","B02; B01"
"C0260","Collection","hd720","1279x720","0,-58,1279,720","1","Gamepad","Natural baseline","Full control activation coverage","Blocked","COVERAGE.md","B02; B01"
"C0261","Display","hd720","1279x720","0,-58,1279,720","1","Studio rendered layout","Natural Grove complete / partial Display / claimed login","Baseline visual inspection","Pass","native-layout-cases.json",""
"C0262","Display","hd720","1279x720","0,-58,1279,720","1","Studio pointer/keyboard","Natural baseline","Full control activation coverage","Blocked","COVERAGE.md","B01"
"C0263","Display","hd720","1279x720","0,-58,1279,720","1","Physical touch","Natural baseline","Full control activation coverage","Blocked","COVERAGE.md","B02; B01"
"C0264","Display","hd720","1279x720","0,-58,1279,720","1","Gamepad","Natural baseline","Full control activation coverage","Blocked","COVERAGE.md","B02; B01"
"C0265","Shop","hd720","1279x720","0,-58,1279,720","1","Studio rendered layout","Natural Grove complete / partial Display / claimed login","Baseline visual inspection","Pass","native-layout-cases.json",""
"C0266","Shop","hd720","1279x720","0,-58,1279,720","1","Studio pointer/keyboard","Natural baseline","Full control activation coverage","Blocked","COVERAGE.md","B01"
"C0267","Shop","hd720","1279x720","0,-58,1279,720","1","Physical touch","Natural baseline","Full control activation coverage","Blocked","COVERAGE.md","B02; B01"
"C0268","Shop","hd720","1279x720","0,-58,1279,720","1","Gamepad","Natural baseline","Full control activation coverage","Blocked","COVERAGE.md","B02; B01"
"C0269","Goals","hd720","1279x720","0,-58,1279,720","1","Studio rendered layout","Natural Grove complete / partial Display / claimed login","Baseline visual inspection","Pass","native-layout-cases.json",""
"C0270","Goals","hd720","1279x720","0,-58,1279,720","1","Studio pointer/keyboard","Natural baseline","Full control activation coverage","Blocked","COVERAGE.md","B01"
"C0271","Goals","hd720","1279x720","0,-58,1279,720","1","Physical touch","Natural baseline","Full control activation coverage","Blocked","COVERAGE.md","B02; B01"
"C0272","Goals","hd720","1279x720","0,-58,1279,720","1","Gamepad","Natural baseline","Full control activation coverage","Blocked","COVERAGE.md","B02; B01"
"C0273","Shelves","hd720","1279x720","0,-58,1279,720","1","Studio rendered layout","Natural Grove complete / partial Display / claimed login","Baseline visual inspection","Pass","native-layout-cases.json",""
"C0274","Shelves","hd720","1279x720","0,-58,1279,720","1","Studio pointer/keyboard","Natural baseline","Full control activation coverage","Blocked","COVERAGE.md","B01"
"C0275","Shelves","hd720","1279x720","0,-58,1279,720","1","Physical touch","Natural baseline","Full control activation coverage","Blocked","COVERAGE.md","B02; B01"
"C0276","Shelves","hd720","1279x720","0,-58,1279,720","1","Gamepad","Natural baseline","Full control activation coverage","Blocked","COVERAGE.md","B02; B01"
"C0277","Login","hd720","1279x720","0,-58,1279,720","1","Studio rendered layout","Natural Grove complete / partial Display / claimed login","Baseline visual inspection","Pass","native-layout-cases.json",""
"C0278","Login","hd720","1279x720","0,-58,1279,720","1","Studio pointer/keyboard","Natural baseline","Full control activation coverage","Blocked","COVERAGE.md","B01"
"C0279","Login","hd720","1279x720","0,-58,1279,720","1","Physical touch","Natural baseline","Full control activation coverage","Blocked","COVERAGE.md","B02; B01"
"C0280","Login","hd720","1279x720","0,-58,1279,720","1","Gamepad","Natural baseline","Full control activation coverage","Blocked","COVERAGE.md","B02; B01"
"C0281","HUD","hd720","1279x720","0,-58,1279,720","1","Studio rendered layout","Natural Grove complete / partial Display / claimed login","Baseline visual inspection","Pass","native-layout-cases.json",""
"C0282","HUD","hd720","1279x720","0,-58,1279,720","1","Studio pointer/keyboard","Natural baseline","Full control activation coverage","Blocked","COVERAGE.md","B01"
"C0283","HUD","hd720","1279x720","0,-58,1279,720","1","Physical touch","Natural baseline","Full control activation coverage","Blocked","COVERAGE.md","B02; B01"
"C0284","HUD","hd720","1279x720","0,-58,1279,720","1","Gamepad","Natural baseline","Full control activation coverage","Blocked","COVERAGE.md","B02; B01"
"C0285","Settings","hd720","1279x720","0,-58,1279,720","1","Studio rendered layout","Natural Grove complete / partial Display / claimed login","Baseline visual inspection","Pass","native-layout-cases.json",""
"C0286","Settings","hd720","1279x720","0,-58,1279,720","1","Studio pointer/keyboard","Natural baseline","Full control activation coverage","Blocked","COVERAGE.md","B01"
"C0287","Settings","hd720","1279x720","0,-58,1279,720","1","Physical touch","Natural baseline","Full control activation coverage","Blocked","COVERAGE.md","B02; B01"
"C0288","Settings","hd720","1279x720","0,-58,1279,720","1","Gamepad","Natural baseline","Full control activation coverage","Blocked","COVERAGE.md","B02; B01"
"C0289","Collection","desktop","1919x1079","0,-58,1919,1079","1.4986110925674438","Studio rendered layout","Natural Grove complete / partial Display / claimed login","Baseline visual inspection","Pass","native-layout-cases.json",""
"C0290","Collection","desktop","1919x1079","0,-58,1919,1079","1.4986110925674438","Studio pointer/keyboard","Natural baseline","Full control activation coverage","Blocked","COVERAGE.md","B01"
"C0291","Collection","desktop","1919x1079","0,-58,1919,1079","1.4986110925674438","Physical touch","Natural baseline","Full control activation coverage","Blocked","COVERAGE.md","B02; B01"
"C0292","Collection","desktop","1919x1079","0,-58,1919,1079","1.4986110925674438","Gamepad","Natural baseline","Full control activation coverage","Blocked","COVERAGE.md","B02; B01"
"C0293","Display","desktop","1919x1079","0,-58,1919,1079","1.4986110925674438","Studio rendered layout","Natural Grove complete / partial Display / claimed login","Baseline visual inspection","Pass","native-layout-cases.json",""
"C0294","Display","desktop","1919x1079","0,-58,1919,1079","1.4986110925674438","Studio pointer/keyboard","Natural baseline","Full control activation coverage","Blocked","COVERAGE.md","B01"
"C0295","Display","desktop","1919x1079","0,-58,1919,1079","1.4986110925674438","Physical touch","Natural baseline","Full control activation coverage","Blocked","COVERAGE.md","B02; B01"
"C0296","Display","desktop","1919x1079","0,-58,1919,1079","1.4986110925674438","Gamepad","Natural baseline","Full control activation coverage","Blocked","COVERAGE.md","B02; B01"
"C0297","Shop","desktop","1919x1079","0,-58,1919,1079","1.4986110925674438","Studio rendered layout","Natural Grove complete / partial Display / claimed login","Baseline visual inspection","Pass","native-layout-cases.json",""
"C0298","Shop","desktop","1919x1079","0,-58,1919,1079","1.4986110925674438","Studio pointer/keyboard","Natural baseline","Full control activation coverage","Blocked","COVERAGE.md","B01"
"C0299","Shop","desktop","1919x1079","0,-58,1919,1079","1.4986110925674438","Physical touch","Natural baseline","Full control activation coverage","Blocked","COVERAGE.md","B02; B01"
"C0300","Shop","desktop","1919x1079","0,-58,1919,1079","1.4986110925674438","Gamepad","Natural baseline","Full control activation coverage","Blocked","COVERAGE.md","B02; B01"
"C0301","Goals","desktop","1919x1079","0,-58,1919,1079","1.4986110925674438","Studio rendered layout","Natural Grove complete / partial Display / claimed login","Baseline visual inspection","Pass","native-layout-cases.json",""
"C0302","Goals","desktop","1919x1079","0,-58,1919,1079","1.4986110925674438","Studio pointer/keyboard","Natural baseline","Full control activation coverage","Blocked","COVERAGE.md","B01"
"C0303","Goals","desktop","1919x1079","0,-58,1919,1079","1.4986110925674438","Physical touch","Natural baseline","Full control activation coverage","Blocked","COVERAGE.md","B02; B01"
"C0304","Goals","desktop","1919x1079","0,-58,1919,1079","1.4986110925674438","Gamepad","Natural baseline","Full control activation coverage","Blocked","COVERAGE.md","B02; B01"
"C0305","Shelves","desktop","1919x1079","0,-58,1919,1079","1.4986110925674438","Studio rendered layout","Natural Grove complete / partial Display / claimed login","Baseline visual inspection","Pass","native-layout-cases.json",""
"C0306","Shelves","desktop","1919x1079","0,-58,1919,1079","1.4986110925674438","Studio pointer/keyboard","Natural baseline","Full control activation coverage","Blocked","COVERAGE.md","B01"
"C0307","Shelves","desktop","1919x1079","0,-58,1919,1079","1.4986110925674438","Physical touch","Natural baseline","Full control activation coverage","Blocked","COVERAGE.md","B02; B01"
"C0308","Shelves","desktop","1919x1079","0,-58,1919,1079","1.4986110925674438","Gamepad","Natural baseline","Full control activation coverage","Blocked","COVERAGE.md","B02; B01"
"C0309","Login","desktop","1919x1079","0,-58,1919,1079","1.4986110925674438","Studio rendered layout","Natural Grove complete / partial Display / claimed login","Baseline visual inspection","Pass","native-layout-cases.json",""
"C0310","Login","desktop","1919x1079","0,-58,1919,1079","1.4986110925674438","Studio pointer/keyboard","Natural baseline","Full control activation coverage","Blocked","COVERAGE.md","B01"
"C0311","Login","desktop","1919x1079","0,-58,1919,1079","1.4986110925674438","Physical touch","Natural baseline","Full control activation coverage","Blocked","COVERAGE.md","B02; B01"
"C0312","Login","desktop","1919x1079","0,-58,1919,1079","1.4986110925674438","Gamepad","Natural baseline","Full control activation coverage","Blocked","COVERAGE.md","B02; B01"
"C0313","HUD","desktop","1919x1079","0,-58,1919,1079","1.4986110925674438","Studio rendered layout","Natural Grove complete / partial Display / claimed login","Baseline visual inspection","Pass","native-layout-cases.json",""
"C0314","HUD","desktop","1919x1079","0,-58,1919,1079","1.4986110925674438","Studio pointer/keyboard","Natural baseline","Full control activation coverage","Blocked","COVERAGE.md","B01"
"C0315","HUD","desktop","1919x1079","0,-58,1919,1079","1.4986110925674438","Physical touch","Natural baseline","Full control activation coverage","Blocked","COVERAGE.md","B02; B01"
"C0316","HUD","desktop","1919x1079","0,-58,1919,1079","1.4986110925674438","Gamepad","Natural baseline","Full control activation coverage","Blocked","COVERAGE.md","B02; B01"
"C0317","Settings","desktop","1919x1079","0,-58,1919,1079","1.4986110925674438","Studio rendered layout","Natural Grove complete / partial Display / claimed login","Baseline visual inspection","Pass","native-layout-cases.json",""
"C0318","Settings","desktop","1919x1079","0,-58,1919,1079","1.4986110925674438","Studio pointer/keyboard","Natural baseline","Full control activation coverage","Blocked","COVERAGE.md","B01"
"C0319","Settings","desktop","1919x1079","0,-58,1919,1079","1.4986110925674438","Physical touch","Natural baseline","Full control activation coverage","Blocked","COVERAGE.md","B02; B01"
"C0320","Settings","desktop","1919x1079","0,-58,1919,1079","1.4986110925674438","Gamepad","Natural baseline","Full control activation coverage","Blocked","COVERAGE.md","B02; B01"
"C0321","Collection","hires","2560x1440","0,-58,2560,1440","2","Studio rendered layout","Natural Grove complete / partial Display / claimed login","Baseline visual inspection","Pass","native-layout-cases.json",""
"C0322","Collection","hires","2560x1440","0,-58,2560,1440","2","Studio pointer/keyboard","Natural baseline","Full control activation coverage","Blocked","COVERAGE.md","B01"
"C0323","Collection","hires","2560x1440","0,-58,2560,1440","2","Physical touch","Natural baseline","Full control activation coverage","Blocked","COVERAGE.md","B02; B01"
"C0324","Collection","hires","2560x1440","0,-58,2560,1440","2","Gamepad","Natural baseline","Full control activation coverage","Blocked","COVERAGE.md","B02; B01"
"C0325","Display","hires","2560x1440","0,-58,2560,1440","2","Studio rendered layout","Natural Grove complete / partial Display / claimed login","Baseline visual inspection","Pass","native-layout-cases.json",""
"C0326","Display","hires","2560x1440","0,-58,2560,1440","2","Studio pointer/keyboard","Natural baseline","Full control activation coverage","Blocked","COVERAGE.md","B01"
"C0327","Display","hires","2560x1440","0,-58,2560,1440","2","Physical touch","Natural baseline","Full control activation coverage","Blocked","COVERAGE.md","B02; B01"
"C0328","Display","hires","2560x1440","0,-58,2560,1440","2","Gamepad","Natural baseline","Full control activation coverage","Blocked","COVERAGE.md","B02; B01"
"C0329","Shop","hires","2560x1440","0,-58,2560,1440","2","Studio rendered layout","Natural Grove complete / partial Display / claimed login","Baseline visual inspection","Pass","native-layout-cases.json",""
"C0330","Shop","hires","2560x1440","0,-58,2560,1440","2","Studio pointer/keyboard","Natural baseline","Full control activation coverage","Blocked","COVERAGE.md","B01"
"C0331","Shop","hires","2560x1440","0,-58,2560,1440","2","Physical touch","Natural baseline","Full control activation coverage","Blocked","COVERAGE.md","B02; B01"
"C0332","Shop","hires","2560x1440","0,-58,2560,1440","2","Gamepad","Natural baseline","Full control activation coverage","Blocked","COVERAGE.md","B02; B01"
"C0333","Goals","hires","2560x1440","0,-58,2560,1440","2","Studio rendered layout","Natural Grove complete / partial Display / claimed login","Baseline visual inspection","Pass","native-layout-cases.json",""
"C0334","Goals","hires","2560x1440","0,-58,2560,1440","2","Studio pointer/keyboard","Natural baseline","Full control activation coverage","Blocked","COVERAGE.md","B01"
"C0335","Goals","hires","2560x1440","0,-58,2560,1440","2","Physical touch","Natural baseline","Full control activation coverage","Blocked","COVERAGE.md","B02; B01"
"C0336","Goals","hires","2560x1440","0,-58,2560,1440","2","Gamepad","Natural baseline","Full control activation coverage","Blocked","COVERAGE.md","B02; B01"
"C0337","Shelves","hires","2560x1440","0,-58,2560,1440","2","Studio rendered layout","Natural Grove complete / partial Display / claimed login","Baseline visual inspection","Pass","native-layout-cases.json",""
"C0338","Shelves","hires","2560x1440","0,-58,2560,1440","2","Studio pointer/keyboard","Natural baseline","Full control activation coverage","Blocked","COVERAGE.md","B01"
"C0339","Shelves","hires","2560x1440","0,-58,2560,1440","2","Physical touch","Natural baseline","Full control activation coverage","Blocked","COVERAGE.md","B02; B01"
"C0340","Shelves","hires","2560x1440","0,-58,2560,1440","2","Gamepad","Natural baseline","Full control activation coverage","Blocked","COVERAGE.md","B02; B01"
"C0341","Login","hires","2560x1440","0,-58,2560,1440","2","Studio rendered layout","Natural Grove complete / partial Display / claimed login","Baseline visual inspection","Pass","native-layout-cases.json",""
"C0342","Login","hires","2560x1440","0,-58,2560,1440","2","Studio pointer/keyboard","Natural baseline","Full control activation coverage","Blocked","COVERAGE.md","B01"
"C0343","Login","hires","2560x1440","0,-58,2560,1440","2","Physical touch","Natural baseline","Full control activation coverage","Blocked","COVERAGE.md","B02; B01"
"C0344","Login","hires","2560x1440","0,-58,2560,1440","2","Gamepad","Natural baseline","Full control activation coverage","Blocked","COVERAGE.md","B02; B01"
"C0345","HUD","hires","2560x1440","0,-58,2560,1440","2","Studio rendered layout","Natural Grove complete / partial Display / claimed login","Baseline visual inspection","Pass","native-layout-cases.json",""
"C0346","HUD","hires","2560x1440","0,-58,2560,1440","2","Studio pointer/keyboard","Natural baseline","Full control activation coverage","Blocked","COVERAGE.md","B01"
"C0347","HUD","hires","2560x1440","0,-58,2560,1440","2","Physical touch","Natural baseline","Full control activation coverage","Blocked","COVERAGE.md","B02; B01"
"C0348","HUD","hires","2560x1440","0,-58,2560,1440","2","Gamepad","Natural baseline","Full control activation coverage","Blocked","COVERAGE.md","B02; B01"
"C0349","Settings","hires","2560x1440","0,-58,2560,1440","2","Studio rendered layout","Natural Grove complete / partial Display / claimed login","Baseline visual inspection","Pass","native-layout-cases.json",""
"C0350","Settings","hires","2560x1440","0,-58,2560,1440","2","Studio pointer/keyboard","Natural baseline","Full control activation coverage","Blocked","COVERAGE.md","B01"
"C0351","Settings","hires","2560x1440","0,-58,2560,1440","2","Physical touch","Natural baseline","Full control activation coverage","Blocked","COVERAGE.md","B02; B01"
"C0352","Settings","hires","2560x1440","0,-58,2560,1440","2","Gamepad","Natural baseline","Full control activation coverage","Blocked","COVERAGE.md","B02; B01"
"C0353","Collection","ultrawide","3440x1440","0,-58,3440,1440","2","Studio rendered layout","Natural Grove complete / partial Display / claimed login","Baseline visual inspection","Pass","native-layout-cases.json",""
"C0354","Collection","ultrawide","3440x1440","0,-58,3440,1440","2","Studio pointer/keyboard","Natural baseline","Full control activation coverage","Blocked","COVERAGE.md","B01"
"C0355","Collection","ultrawide","3440x1440","0,-58,3440,1440","2","Physical touch","Natural baseline","Full control activation coverage","Blocked","COVERAGE.md","B02; B01"
"C0356","Collection","ultrawide","3440x1440","0,-58,3440,1440","2","Gamepad","Natural baseline","Full control activation coverage","Blocked","COVERAGE.md","B02; B01"
"C0357","Display","ultrawide","3440x1440","0,-58,3440,1440","2","Studio rendered layout","Natural Grove complete / partial Display / claimed login","Baseline visual inspection","Pass","native-layout-cases.json",""
"C0358","Display","ultrawide","3440x1440","0,-58,3440,1440","2","Studio pointer/keyboard","Natural baseline","Full control activation coverage","Blocked","COVERAGE.md","B01"
"C0359","Display","ultrawide","3440x1440","0,-58,3440,1440","2","Physical touch","Natural baseline","Full control activation coverage","Blocked","COVERAGE.md","B02; B01"
"C0360","Display","ultrawide","3440x1440","0,-58,3440,1440","2","Gamepad","Natural baseline","Full control activation coverage","Blocked","COVERAGE.md","B02; B01"
"C0361","Shop","ultrawide","3440x1440","0,-58,3440,1440","2","Studio rendered layout","Natural Grove complete / partial Display / claimed login","Baseline visual inspection","Pass","native-layout-cases.json",""
"C0362","Shop","ultrawide","3440x1440","0,-58,3440,1440","2","Studio pointer/keyboard","Natural baseline","Full control activation coverage","Blocked","COVERAGE.md","B01"
"C0363","Shop","ultrawide","3440x1440","0,-58,3440,1440","2","Physical touch","Natural baseline","Full control activation coverage","Blocked","COVERAGE.md","B02; B01"
"C0364","Shop","ultrawide","3440x1440","0,-58,3440,1440","2","Gamepad","Natural baseline","Full control activation coverage","Blocked","COVERAGE.md","B02; B01"
"C0365","Goals","ultrawide","3440x1440","0,-58,3440,1440","2","Studio rendered layout","Natural Grove complete / partial Display / claimed login","Baseline visual inspection","Pass","native-layout-cases.json",""
"C0366","Goals","ultrawide","3440x1440","0,-58,3440,1440","2","Studio pointer/keyboard","Natural baseline","Full control activation coverage","Blocked","COVERAGE.md","B01"
"C0367","Goals","ultrawide","3440x1440","0,-58,3440,1440","2","Physical touch","Natural baseline","Full control activation coverage","Blocked","COVERAGE.md","B02; B01"
"C0368","Goals","ultrawide","3440x1440","0,-58,3440,1440","2","Gamepad","Natural baseline","Full control activation coverage","Blocked","COVERAGE.md","B02; B01"
"C0369","Shelves","ultrawide","3440x1440","0,-58,3440,1440","2","Studio rendered layout","Natural Grove complete / partial Display / claimed login","Baseline visual inspection","Pass","native-layout-cases.json",""
"C0370","Shelves","ultrawide","3440x1440","0,-58,3440,1440","2","Studio pointer/keyboard","Natural baseline","Full control activation coverage","Blocked","COVERAGE.md","B01"
"C0371","Shelves","ultrawide","3440x1440","0,-58,3440,1440","2","Physical touch","Natural baseline","Full control activation coverage","Blocked","COVERAGE.md","B02; B01"
"C0372","Shelves","ultrawide","3440x1440","0,-58,3440,1440","2","Gamepad","Natural baseline","Full control activation coverage","Blocked","COVERAGE.md","B02; B01"
"C0373","Login","ultrawide","3440x1440","0,-58,3440,1440","2","Studio rendered layout","Natural Grove complete / partial Display / claimed login","Baseline visual inspection","Pass","native-layout-cases.json",""
"C0374","Login","ultrawide","3440x1440","0,-58,3440,1440","2","Studio pointer/keyboard","Natural baseline","Full control activation coverage","Blocked","COVERAGE.md","B01"
"C0375","Login","ultrawide","3440x1440","0,-58,3440,1440","2","Physical touch","Natural baseline","Full control activation coverage","Blocked","COVERAGE.md","B02; B01"
"C0376","Login","ultrawide","3440x1440","0,-58,3440,1440","2","Gamepad","Natural baseline","Full control activation coverage","Blocked","COVERAGE.md","B02; B01"
"C0377","HUD","ultrawide","3440x1440","0,-58,3440,1440","2","Studio rendered layout","Natural Grove complete / partial Display / claimed login","Baseline visual inspection","Pass","native-layout-cases.json",""
"C0378","HUD","ultrawide","3440x1440","0,-58,3440,1440","2","Studio pointer/keyboard","Natural baseline","Full control activation coverage","Blocked","COVERAGE.md","B01"
"C0379","HUD","ultrawide","3440x1440","0,-58,3440,1440","2","Physical touch","Natural baseline","Full control activation coverage","Blocked","COVERAGE.md","B02; B01"
"C0380","HUD","ultrawide","3440x1440","0,-58,3440,1440","2","Gamepad","Natural baseline","Full control activation coverage","Blocked","COVERAGE.md","B02; B01"
"C0381","Settings","ultrawide","3440x1440","0,-58,3440,1440","2","Studio rendered layout","Natural Grove complete / partial Display / claimed login","Baseline visual inspection","Pass","native-layout-cases.json",""
"C0382","Settings","ultrawide","3440x1440","0,-58,3440,1440","2","Studio pointer/keyboard","Natural baseline","Full control activation coverage","Blocked","COVERAGE.md","B01"
"C0383","Settings","ultrawide","3440x1440","0,-58,3440,1440","2","Physical touch","Natural baseline","Full control activation coverage","Blocked","COVERAGE.md","B02; B01"
"C0384","Settings","ultrawide","3440x1440","0,-58,3440,1440","2","Gamepad","Natural baseline","Full control activation coverage","Blocked","COVERAGE.md","B02; B01"
"C0385","HUD","iphone7","666x374","0,-58,666,374","1","Studio visual + pointer/keyboard","fresh quest / goal-ready / large values","Edge-state native/visual acceptance","Blocked","COVERAGE.md; runtime-blockers.json","B01"
"C0386","HUD","iphone7","666x374","0,-58,666,374","1","Physical touch","fresh quest / goal-ready / large values","Edge-state native/visual acceptance","Blocked","COVERAGE.md; runtime-blockers.json","B01; B02"
"C0387","HUD","iphone7","666x374","0,-58,666,374","1","Gamepad","fresh quest / goal-ready / large values","Edge-state native/visual acceptance","Blocked","COVERAGE.md; runtime-blockers.json","B01; B02"
"C0388","HUD","a06","705x338","0,-58,705,338","1","Studio visual + pointer/keyboard","fresh quest / goal-ready / large values","Edge-state native/visual acceptance","Blocked","COVERAGE.md; runtime-blockers.json","B01"
"C0389","HUD","a06","705x338","0,-58,705,338","1","Physical touch","fresh quest / goal-ready / large values","Edge-state native/visual acceptance","Blocked","COVERAGE.md; runtime-blockers.json","B01; B02"
"C0390","HUD","a06","705x338","0,-58,705,338","1","Gamepad","fresh quest / goal-ready / large values","Edge-state native/visual acceptance","Blocked","COVERAGE.md; runtime-blockers.json","B01; B02"
"C0391","HUD","iphone13","749x389","0,-58,749,389","1","Studio visual + pointer/keyboard","fresh quest / goal-ready / large values","Edge-state native/visual acceptance","Blocked","COVERAGE.md; runtime-blockers.json","B01"
"C0392","HUD","iphone13","749x389","0,-58,749,389","1","Physical touch","fresh quest / goal-ready / large values","Edge-state native/visual acceptance","Blocked","COVERAGE.md; runtime-blockers.json","B01; B02"
"C0393","HUD","iphone13","749x389","0,-58,749,389","1","Gamepad","fresh quest / goal-ready / large values","Edge-state native/visual acceptance","Blocked","COVERAGE.md; runtime-blockers.json","B01; B02"
"C0394","HUD","iphone16max","831x439","0,-58,831,439","1","Studio visual + pointer/keyboard","fresh quest / goal-ready / large values","Edge-state native/visual acceptance","Blocked","COVERAGE.md; runtime-blockers.json","B01"
"C0395","HUD","iphone16max","831x439","0,-58,831,439","1","Physical touch","fresh quest / goal-ready / large values","Edge-state native/visual acceptance","Blocked","COVERAGE.md; runtime-blockers.json","B01; B02"
"C0396","HUD","iphone16max","831x439","0,-58,831,439","1","Gamepad","fresh quest / goal-ready / large values","Edge-state native/visual acceptance","Blocked","COVERAGE.md; runtime-blockers.json","B01; B02"
"C0397","HUD","smalltablet","959x599","0,-58,959,599","1","Studio visual + pointer/keyboard","fresh quest / goal-ready / large values","Edge-state native/visual acceptance","Blocked","COVERAGE.md; runtime-blockers.json","B01"
"C0398","HUD","smalltablet","959x599","0,-58,959,599","1","Physical touch","fresh quest / goal-ready / large values","Edge-state native/visual acceptance","Blocked","COVERAGE.md; runtime-blockers.json","B01; B02"
"C0399","HUD","smalltablet","959x599","0,-58,959,599","1","Gamepad","fresh quest / goal-ready / large values","Edge-state native/visual acceptance","Blocked","COVERAGE.md; runtime-blockers.json","B01; B02"
"C0400","HUD","ipad4x3","1023x768","0,-58,1023,768","1","Studio visual + pointer/keyboard","fresh quest / goal-ready / large values","Edge-state native/visual acceptance","Blocked","COVERAGE.md; runtime-blockers.json","B01"
"C0401","HUD","ipad4x3","1023x768","0,-58,1023,768","1","Physical touch","fresh quest / goal-ready / large values","Edge-state native/visual acceptance","Blocked","COVERAGE.md; runtime-blockers.json","B01; B02"
"C0402","HUD","ipad4x3","1023x768","0,-58,1023,768","1","Gamepad","fresh quest / goal-ready / large values","Edge-state native/visual acceptance","Blocked","COVERAGE.md; runtime-blockers.json","B01; B02"
"C0403","HUD","largetablet","1375x1032","0,-58,1375,1032","1.07421875","Studio visual + pointer/keyboard","fresh quest / goal-ready / large values","Edge-state native/visual acceptance","Blocked","COVERAGE.md; runtime-blockers.json","B01"
"C0404","HUD","largetablet","1375x1032","0,-58,1375,1032","1.07421875","Physical touch","fresh quest / goal-ready / large values","Edge-state native/visual acceptance","Blocked","COVERAGE.md; runtime-blockers.json","B01; B02"
"C0405","HUD","largetablet","1375x1032","0,-58,1375,1032","1.07421875","Gamepad","fresh quest / goal-ready / large values","Edge-state native/visual acceptance","Blocked","COVERAGE.md; runtime-blockers.json","B01; B02"
"C0406","HUD","laptop","1365x768","0,-58,1365,768","1.06640625","Studio visual + pointer/keyboard","fresh quest / goal-ready / large values","Edge-state native/visual acceptance","Blocked","COVERAGE.md; runtime-blockers.json","B01"
"C0407","HUD","laptop","1365x768","0,-58,1365,768","1.06640625","Physical touch","fresh quest / goal-ready / large values","Edge-state native/visual acceptance","Blocked","COVERAGE.md; runtime-blockers.json","B01; B02"
"C0408","HUD","laptop","1365x768","0,-58,1365,768","1.06640625","Gamepad","fresh quest / goal-ready / large values","Edge-state native/visual acceptance","Blocked","COVERAGE.md; runtime-blockers.json","B01; B02"
"C0409","HUD","hd720","1279x720","0,-58,1279,720","1","Studio visual + pointer/keyboard","fresh quest / goal-ready / large values","Edge-state native/visual acceptance","Blocked","COVERAGE.md; runtime-blockers.json","B01"
"C0410","HUD","hd720","1279x720","0,-58,1279,720","1","Physical touch","fresh quest / goal-ready / large values","Edge-state native/visual acceptance","Blocked","COVERAGE.md; runtime-blockers.json","B01; B02"
"C0411","HUD","hd720","1279x720","0,-58,1279,720","1","Gamepad","fresh quest / goal-ready / large values","Edge-state native/visual acceptance","Blocked","COVERAGE.md; runtime-blockers.json","B01; B02"
"C0412","HUD","desktop","1919x1079","0,-58,1919,1079","1.4986110925674438","Studio visual + pointer/keyboard","fresh quest / goal-ready / large values","Edge-state native/visual acceptance","Blocked","COVERAGE.md; runtime-blockers.json","B01"
"C0413","HUD","desktop","1919x1079","0,-58,1919,1079","1.4986110925674438","Physical touch","fresh quest / goal-ready / large values","Edge-state native/visual acceptance","Blocked","COVERAGE.md; runtime-blockers.json","B01; B02"
"C0414","HUD","desktop","1919x1079","0,-58,1919,1079","1.4986110925674438","Gamepad","fresh quest / goal-ready / large values","Edge-state native/visual acceptance","Blocked","COVERAGE.md; runtime-blockers.json","B01; B02"
"C0415","HUD","hires","2560x1440","0,-58,2560,1440","2","Studio visual + pointer/keyboard","fresh quest / goal-ready / large values","Edge-state native/visual acceptance","Blocked","COVERAGE.md; runtime-blockers.json","B01"
"C0416","HUD","hires","2560x1440","0,-58,2560,1440","2","Physical touch","fresh quest / goal-ready / large values","Edge-state native/visual acceptance","Blocked","COVERAGE.md; runtime-blockers.json","B01; B02"
"C0417","HUD","hires","2560x1440","0,-58,2560,1440","2","Gamepad","fresh quest / goal-ready / large values","Edge-state native/visual acceptance","Blocked","COVERAGE.md; runtime-blockers.json","B01; B02"
"C0418","HUD","ultrawide","3440x1440","0,-58,3440,1440","2","Studio visual + pointer/keyboard","fresh quest / goal-ready / large values","Edge-state native/visual acceptance","Blocked","COVERAGE.md; runtime-blockers.json","B01"
"C0419","HUD","ultrawide","3440x1440","0,-58,3440,1440","2","Physical touch","fresh quest / goal-ready / large values","Edge-state native/visual acceptance","Blocked","COVERAGE.md; runtime-blockers.json","B01; B02"
"C0420","HUD","ultrawide","3440x1440","0,-58,3440,1440","2","Gamepad","fresh quest / goal-ready / large values","Edge-state native/visual acceptance","Blocked","COVERAGE.md; runtime-blockers.json","B01; B02"
"C0421","Settings","iphone7","666x374","0,-58,666,374","1","Studio visual + pointer/keyboard","volume endpoints / pending / reduced / reopen","Edge-state native/visual acceptance","Blocked","COVERAGE.md; runtime-blockers.json","B01"
"C0422","Settings","iphone7","666x374","0,-58,666,374","1","Physical touch","volume endpoints / pending / reduced / reopen","Edge-state native/visual acceptance","Blocked","COVERAGE.md; runtime-blockers.json","B01; B02"
"C0423","Settings","iphone7","666x374","0,-58,666,374","1","Gamepad","volume endpoints / pending / reduced / reopen","Edge-state native/visual acceptance","Blocked","COVERAGE.md; runtime-blockers.json","B01; B02"
"C0424","Settings","a06","705x338","0,-58,705,338","1","Studio visual + pointer/keyboard","volume endpoints / pending / reduced / reopen","Edge-state native/visual acceptance","Blocked","COVERAGE.md; runtime-blockers.json","B01"
"C0425","Settings","a06","705x338","0,-58,705,338","1","Physical touch","volume endpoints / pending / reduced / reopen","Edge-state native/visual acceptance","Blocked","COVERAGE.md; runtime-blockers.json","B01; B02"
"C0426","Settings","a06","705x338","0,-58,705,338","1","Gamepad","volume endpoints / pending / reduced / reopen","Edge-state native/visual acceptance","Blocked","COVERAGE.md; runtime-blockers.json","B01; B02"
"C0427","Settings","iphone13","749x389","0,-58,749,389","1","Studio visual + pointer/keyboard","volume endpoints / pending / reduced / reopen","Edge-state native/visual acceptance","Blocked","COVERAGE.md; runtime-blockers.json","B01"
"C0428","Settings","iphone13","749x389","0,-58,749,389","1","Physical touch","volume endpoints / pending / reduced / reopen","Edge-state native/visual acceptance","Blocked","COVERAGE.md; runtime-blockers.json","B01; B02"
"C0429","Settings","iphone13","749x389","0,-58,749,389","1","Gamepad","volume endpoints / pending / reduced / reopen","Edge-state native/visual acceptance","Blocked","COVERAGE.md; runtime-blockers.json","B01; B02"
"C0430","Settings","iphone16max","831x439","0,-58,831,439","1","Studio visual + pointer/keyboard","volume endpoints / pending / reduced / reopen","Edge-state native/visual acceptance","Blocked","COVERAGE.md; runtime-blockers.json","B01"
"C0431","Settings","iphone16max","831x439","0,-58,831,439","1","Physical touch","volume endpoints / pending / reduced / reopen","Edge-state native/visual acceptance","Blocked","COVERAGE.md; runtime-blockers.json","B01; B02"
"C0432","Settings","iphone16max","831x439","0,-58,831,439","1","Gamepad","volume endpoints / pending / reduced / reopen","Edge-state native/visual acceptance","Blocked","COVERAGE.md; runtime-blockers.json","B01; B02"
"C0433","Settings","smalltablet","959x599","0,-58,959,599","1","Studio visual + pointer/keyboard","volume endpoints / pending / reduced / reopen","Edge-state native/visual acceptance","Blocked","COVERAGE.md; runtime-blockers.json","B01"
"C0434","Settings","smalltablet","959x599","0,-58,959,599","1","Physical touch","volume endpoints / pending / reduced / reopen","Edge-state native/visual acceptance","Blocked","COVERAGE.md; runtime-blockers.json","B01; B02"
"C0435","Settings","smalltablet","959x599","0,-58,959,599","1","Gamepad","volume endpoints / pending / reduced / reopen","Edge-state native/visual acceptance","Blocked","COVERAGE.md; runtime-blockers.json","B01; B02"
"C0436","Settings","ipad4x3","1023x768","0,-58,1023,768","1","Studio visual + pointer/keyboard","volume endpoints / pending / reduced / reopen","Edge-state native/visual acceptance","Blocked","COVERAGE.md; runtime-blockers.json","B01"
"C0437","Settings","ipad4x3","1023x768","0,-58,1023,768","1","Physical touch","volume endpoints / pending / reduced / reopen","Edge-state native/visual acceptance","Blocked","COVERAGE.md; runtime-blockers.json","B01; B02"
"C0438","Settings","ipad4x3","1023x768","0,-58,1023,768","1","Gamepad","volume endpoints / pending / reduced / reopen","Edge-state native/visual acceptance","Blocked","COVERAGE.md; runtime-blockers.json","B01; B02"
"C0439","Settings","largetablet","1375x1032","0,-58,1375,1032","1.07421875","Studio visual + pointer/keyboard","volume endpoints / pending / reduced / reopen","Edge-state native/visual acceptance","Blocked","COVERAGE.md; runtime-blockers.json","B01"
"C0440","Settings","largetablet","1375x1032","0,-58,1375,1032","1.07421875","Physical touch","volume endpoints / pending / reduced / reopen","Edge-state native/visual acceptance","Blocked","COVERAGE.md; runtime-blockers.json","B01; B02"
"C0441","Settings","largetablet","1375x1032","0,-58,1375,1032","1.07421875","Gamepad","volume endpoints / pending / reduced / reopen","Edge-state native/visual acceptance","Blocked","COVERAGE.md; runtime-blockers.json","B01; B02"
"C0442","Settings","laptop","1365x768","0,-58,1365,768","1.06640625","Studio visual + pointer/keyboard","volume endpoints / pending / reduced / reopen","Edge-state native/visual acceptance","Blocked","COVERAGE.md; runtime-blockers.json","B01"
"C0443","Settings","laptop","1365x768","0,-58,1365,768","1.06640625","Physical touch","volume endpoints / pending / reduced / reopen","Edge-state native/visual acceptance","Blocked","COVERAGE.md; runtime-blockers.json","B01; B02"
"C0444","Settings","laptop","1365x768","0,-58,1365,768","1.06640625","Gamepad","volume endpoints / pending / reduced / reopen","Edge-state native/visual acceptance","Blocked","COVERAGE.md; runtime-blockers.json","B01; B02"
"C0445","Settings","hd720","1279x720","0,-58,1279,720","1","Studio visual + pointer/keyboard","volume endpoints / pending / reduced / reopen","Edge-state native/visual acceptance","Blocked","COVERAGE.md; runtime-blockers.json","B01"
"C0446","Settings","hd720","1279x720","0,-58,1279,720","1","Physical touch","volume endpoints / pending / reduced / reopen","Edge-state native/visual acceptance","Blocked","COVERAGE.md; runtime-blockers.json","B01; B02"
"C0447","Settings","hd720","1279x720","0,-58,1279,720","1","Gamepad","volume endpoints / pending / reduced / reopen","Edge-state native/visual acceptance","Blocked","COVERAGE.md; runtime-blockers.json","B01; B02"
"C0448","Settings","desktop","1919x1079","0,-58,1919,1079","1.4986110925674438","Studio visual + pointer/keyboard","volume endpoints / pending / reduced / reopen","Edge-state native/visual acceptance","Blocked","COVERAGE.md; runtime-blockers.json","B01"
"C0449","Settings","desktop","1919x1079","0,-58,1919,1079","1.4986110925674438","Physical touch","volume endpoints / pending / reduced / reopen","Edge-state native/visual acceptance","Blocked","COVERAGE.md; runtime-blockers.json","B01; B02"
"C0450","Settings","desktop","1919x1079","0,-58,1919,1079","1.4986110925674438","Gamepad","volume endpoints / pending / reduced / reopen","Edge-state native/visual acceptance","Blocked","COVERAGE.md; runtime-blockers.json","B01; B02"
"C0451","Settings","hires","2560x1440","0,-58,2560,1440","2","Studio visual + pointer/keyboard","volume endpoints / pending / reduced / reopen","Edge-state native/visual acceptance","Blocked","COVERAGE.md; runtime-blockers.json","B01"
"C0452","Settings","hires","2560x1440","0,-58,2560,1440","2","Physical touch","volume endpoints / pending / reduced / reopen","Edge-state native/visual acceptance","Blocked","COVERAGE.md; runtime-blockers.json","B01; B02"
"C0453","Settings","hires","2560x1440","0,-58,2560,1440","2","Gamepad","volume endpoints / pending / reduced / reopen","Edge-state native/visual acceptance","Blocked","COVERAGE.md; runtime-blockers.json","B01; B02"
"C0454","Settings","ultrawide","3440x1440","0,-58,3440,1440","2","Studio visual + pointer/keyboard","volume endpoints / pending / reduced / reopen","Edge-state native/visual acceptance","Blocked","COVERAGE.md; runtime-blockers.json","B01"
"C0455","Settings","ultrawide","3440x1440","0,-58,3440,1440","2","Physical touch","volume endpoints / pending / reduced / reopen","Edge-state native/visual acceptance","Blocked","COVERAGE.md; runtime-blockers.json","B01; B02"
"C0456","Settings","ultrawide","3440x1440","0,-58,3440,1440","2","Gamepad","volume endpoints / pending / reduced / reopen","Edge-state native/visual acceptance","Blocked","COVERAGE.md; runtime-blockers.json","B01; B02"
"C0457","Collection","iphone7","666x374","0,-58,666,374","1","Studio visual + pointer/keyboard","empty inventory","Edge-state native/visual acceptance","Blocked","COVERAGE.md; runtime-blockers.json","B01"
"C0458","Collection","iphone7","666x374","0,-58,666,374","1","Physical touch","empty inventory","Edge-state native/visual acceptance","Blocked","COVERAGE.md; runtime-blockers.json","B01; B02"
"C0459","Collection","iphone7","666x374","0,-58,666,374","1","Gamepad","empty inventory","Edge-state native/visual acceptance","Blocked","COVERAGE.md; runtime-blockers.json","B01; B02"
"C0460","Collection","a06","705x338","0,-58,705,338","1","Studio visual + pointer/keyboard","empty inventory","Edge-state native/visual acceptance","Blocked","COVERAGE.md; runtime-blockers.json","B01"
"C0461","Collection","a06","705x338","0,-58,705,338","1","Physical touch","empty inventory","Edge-state native/visual acceptance","Blocked","COVERAGE.md; runtime-blockers.json","B01; B02"
"C0462","Collection","a06","705x338","0,-58,705,338","1","Gamepad","empty inventory","Edge-state native/visual acceptance","Blocked","COVERAGE.md; runtime-blockers.json","B01; B02"
"C0463","Collection","iphone13","749x389","0,-58,749,389","1","Studio visual + pointer/keyboard","empty inventory","Edge-state native/visual acceptance","Blocked","COVERAGE.md; runtime-blockers.json","B01"
"C0464","Collection","iphone13","749x389","0,-58,749,389","1","Physical touch","empty inventory","Edge-state native/visual acceptance","Blocked","COVERAGE.md; runtime-blockers.json","B01; B02"
"C0465","Collection","iphone13","749x389","0,-58,749,389","1","Gamepad","empty inventory","Edge-state native/visual acceptance","Blocked","COVERAGE.md; runtime-blockers.json","B01; B02"
"C0466","Collection","iphone16max","831x439","0,-58,831,439","1","Studio visual + pointer/keyboard","empty inventory","Edge-state native/visual acceptance","Blocked","COVERAGE.md; runtime-blockers.json","B01"
"C0467","Collection","iphone16max","831x439","0,-58,831,439","1","Physical touch","empty inventory","Edge-state native/visual acceptance","Blocked","COVERAGE.md; runtime-blockers.json","B01; B02"
"C0468","Collection","iphone16max","831x439","0,-58,831,439","1","Gamepad","empty inventory","Edge-state native/visual acceptance","Blocked","COVERAGE.md; runtime-blockers.json","B01; B02"
"C0469","Collection","smalltablet","959x599","0,-58,959,599","1","Studio visual + pointer/keyboard","empty inventory","Edge-state native/visual acceptance","Blocked","COVERAGE.md; runtime-blockers.json","B01"
"C0470","Collection","smalltablet","959x599","0,-58,959,599","1","Physical touch","empty inventory","Edge-state native/visual acceptance","Blocked","COVERAGE.md; runtime-blockers.json","B01; B02"
"C0471","Collection","smalltablet","959x599","0,-58,959,599","1","Gamepad","empty inventory","Edge-state native/visual acceptance","Blocked","COVERAGE.md; runtime-blockers.json","B01; B02"
"C0472","Collection","ipad4x3","1023x768","0,-58,1023,768","1","Studio visual + pointer/keyboard","empty inventory","Edge-state native/visual acceptance","Blocked","COVERAGE.md; runtime-blockers.json","B01"
"C0473","Collection","ipad4x3","1023x768","0,-58,1023,768","1","Physical touch","empty inventory","Edge-state native/visual acceptance","Blocked","COVERAGE.md; runtime-blockers.json","B01; B02"
"C0474","Collection","ipad4x3","1023x768","0,-58,1023,768","1","Gamepad","empty inventory","Edge-state native/visual acceptance","Blocked","COVERAGE.md; runtime-blockers.json","B01; B02"
"C0475","Collection","largetablet","1375x1032","0,-58,1375,1032","1.07421875","Studio visual + pointer/keyboard","empty inventory","Edge-state native/visual acceptance","Blocked","COVERAGE.md; runtime-blockers.json","B01"
"C0476","Collection","largetablet","1375x1032","0,-58,1375,1032","1.07421875","Physical touch","empty inventory","Edge-state native/visual acceptance","Blocked","COVERAGE.md; runtime-blockers.json","B01; B02"
"C0477","Collection","largetablet","1375x1032","0,-58,1375,1032","1.07421875","Gamepad","empty inventory","Edge-state native/visual acceptance","Blocked","COVERAGE.md; runtime-blockers.json","B01; B02"
"C0478","Collection","laptop","1365x768","0,-58,1365,768","1.06640625","Studio visual + pointer/keyboard","empty inventory","Edge-state native/visual acceptance","Blocked","COVERAGE.md; runtime-blockers.json","B01"
"C0479","Collection","laptop","1365x768","0,-58,1365,768","1.06640625","Physical touch","empty inventory","Edge-state native/visual acceptance","Blocked","COVERAGE.md; runtime-blockers.json","B01; B02"
"C0480","Collection","laptop","1365x768","0,-58,1365,768","1.06640625","Gamepad","empty inventory","Edge-state native/visual acceptance","Blocked","COVERAGE.md; runtime-blockers.json","B01; B02"
"C0481","Collection","hd720","1279x720","0,-58,1279,720","1","Studio visual + pointer/keyboard","empty inventory","Edge-state native/visual acceptance","Blocked","COVERAGE.md; runtime-blockers.json","B01"
"C0482","Collection","hd720","1279x720","0,-58,1279,720","1","Physical touch","empty inventory","Edge-state native/visual acceptance","Blocked","COVERAGE.md; runtime-blockers.json","B01; B02"
"C0483","Collection","hd720","1279x720","0,-58,1279,720","1","Gamepad","empty inventory","Edge-state native/visual acceptance","Blocked","COVERAGE.md; runtime-blockers.json","B01; B02"
"C0484","Collection","desktop","1919x1079","0,-58,1919,1079","1.4986110925674438","Studio visual + pointer/keyboard","empty inventory","Edge-state native/visual acceptance","Blocked","COVERAGE.md; runtime-blockers.json","B01"
"C0485","Collection","desktop","1919x1079","0,-58,1919,1079","1.4986110925674438","Physical touch","empty inventory","Edge-state native/visual acceptance","Blocked","COVERAGE.md; runtime-blockers.json","B01; B02"
"C0486","Collection","desktop","1919x1079","0,-58,1919,1079","1.4986110925674438","Gamepad","empty inventory","Edge-state native/visual acceptance","Blocked","COVERAGE.md; runtime-blockers.json","B01; B02"
"C0487","Collection","hires","2560x1440","0,-58,2560,1440","2","Studio visual + pointer/keyboard","empty inventory","Edge-state native/visual acceptance","Blocked","COVERAGE.md; runtime-blockers.json","B01"
"C0488","Collection","hires","2560x1440","0,-58,2560,1440","2","Physical touch","empty inventory","Edge-state native/visual acceptance","Blocked","COVERAGE.md; runtime-blockers.json","B01; B02"
"C0489","Collection","hires","2560x1440","0,-58,2560,1440","2","Gamepad","empty inventory","Edge-state native/visual acceptance","Blocked","COVERAGE.md; runtime-blockers.json","B01; B02"
"C0490","Collection","ultrawide","3440x1440","0,-58,3440,1440","2","Studio visual + pointer/keyboard","empty inventory","Edge-state native/visual acceptance","Blocked","COVERAGE.md; runtime-blockers.json","B01"
"C0491","Collection","ultrawide","3440x1440","0,-58,3440,1440","2","Physical touch","empty inventory","Edge-state native/visual acceptance","Blocked","COVERAGE.md; runtime-blockers.json","B01; B02"
"C0492","Collection","ultrawide","3440x1440","0,-58,3440,1440","2","Gamepad","empty inventory","Edge-state native/visual acceptance","Blocked","COVERAGE.md; runtime-blockers.json","B01; B02"
"C0493","Collection","iphone7","666x374","0,-58,666,374","1","Studio visual + pointer/keyboard","partial and unknown details","Edge-state native/visual acceptance","Blocked","COVERAGE.md; runtime-blockers.json","B01"
"C0494","Collection","iphone7","666x374","0,-58,666,374","1","Physical touch","partial and unknown details","Edge-state native/visual acceptance","Blocked","COVERAGE.md; runtime-blockers.json","B01; B02"
"C0495","Collection","iphone7","666x374","0,-58,666,374","1","Gamepad","partial and unknown details","Edge-state native/visual acceptance","Blocked","COVERAGE.md; runtime-blockers.json","B01; B02"
"C0496","Collection","a06","705x338","0,-58,705,338","1","Studio visual + pointer/keyboard","partial and unknown details","Edge-state native/visual acceptance","Blocked","COVERAGE.md; runtime-blockers.json","B01"
"C0497","Collection","a06","705x338","0,-58,705,338","1","Physical touch","partial and unknown details","Edge-state native/visual acceptance","Blocked","COVERAGE.md; runtime-blockers.json","B01; B02"
"C0498","Collection","a06","705x338","0,-58,705,338","1","Gamepad","partial and unknown details","Edge-state native/visual acceptance","Blocked","COVERAGE.md; runtime-blockers.json","B01; B02"
"C0499","Collection","iphone13","749x389","0,-58,749,389","1","Studio visual + pointer/keyboard","partial and unknown details","Edge-state native/visual acceptance","Blocked","COVERAGE.md; runtime-blockers.json","B01"
"C0500","Collection","iphone13","749x389","0,-58,749,389","1","Physical touch","partial and unknown details","Edge-state native/visual acceptance","Blocked","COVERAGE.md; runtime-blockers.json","B01; B02"
"C0501","Collection","iphone13","749x389","0,-58,749,389","1","Gamepad","partial and unknown details","Edge-state native/visual acceptance","Blocked","COVERAGE.md; runtime-blockers.json","B01; B02"
"C0502","Collection","iphone16max","831x439","0,-58,831,439","1","Studio visual + pointer/keyboard","partial and unknown details","Edge-state native/visual acceptance","Blocked","COVERAGE.md; runtime-blockers.json","B01"
"C0503","Collection","iphone16max","831x439","0,-58,831,439","1","Physical touch","partial and unknown details","Edge-state native/visual acceptance","Blocked","COVERAGE.md; runtime-blockers.json","B01; B02"
"C0504","Collection","iphone16max","831x439","0,-58,831,439","1","Gamepad","partial and unknown details","Edge-state native/visual acceptance","Blocked","COVERAGE.md; runtime-blockers.json","B01; B02"
"C0505","Collection","smalltablet","959x599","0,-58,959,599","1","Studio visual + pointer/keyboard","partial and unknown details","Edge-state native/visual acceptance","Blocked","COVERAGE.md; runtime-blockers.json","B01"
"C0506","Collection","smalltablet","959x599","0,-58,959,599","1","Physical touch","partial and unknown details","Edge-state native/visual acceptance","Blocked","COVERAGE.md; runtime-blockers.json","B01; B02"
"C0507","Collection","smalltablet","959x599","0,-58,959,599","1","Gamepad","partial and unknown details","Edge-state native/visual acceptance","Blocked","COVERAGE.md; runtime-blockers.json","B01; B02"
"C0508","Collection","ipad4x3","1023x768","0,-58,1023,768","1","Studio visual + pointer/keyboard","partial and unknown details","Edge-state native/visual acceptance","Blocked","COVERAGE.md; runtime-blockers.json","B01"
"C0509","Collection","ipad4x3","1023x768","0,-58,1023,768","1","Physical touch","partial and unknown details","Edge-state native/visual acceptance","Blocked","COVERAGE.md; runtime-blockers.json","B01; B02"
"C0510","Collection","ipad4x3","1023x768","0,-58,1023,768","1","Gamepad","partial and unknown details","Edge-state native/visual acceptance","Blocked","COVERAGE.md; runtime-blockers.json","B01; B02"
"C0511","Collection","largetablet","1375x1032","0,-58,1375,1032","1.07421875","Studio visual + pointer/keyboard","partial and unknown details","Edge-state native/visual acceptance","Blocked","COVERAGE.md; runtime-blockers.json","B01"
"C0512","Collection","largetablet","1375x1032","0,-58,1375,1032","1.07421875","Physical touch","partial and unknown details","Edge-state native/visual acceptance","Blocked","COVERAGE.md; runtime-blockers.json","B01; B02"
"C0513","Collection","largetablet","1375x1032","0,-58,1375,1032","1.07421875","Gamepad","partial and unknown details","Edge-state native/visual acceptance","Blocked","COVERAGE.md; runtime-blockers.json","B01; B02"
"C0514","Collection","laptop","1365x768","0,-58,1365,768","1.06640625","Studio visual + pointer/keyboard","partial and unknown details","Edge-state native/visual acceptance","Blocked","COVERAGE.md; runtime-blockers.json","B01"
"C0515","Collection","laptop","1365x768","0,-58,1365,768","1.06640625","Physical touch","partial and unknown details","Edge-state native/visual acceptance","Blocked","COVERAGE.md; runtime-blockers.json","B01; B02"
"C0516","Collection","laptop","1365x768","0,-58,1365,768","1.06640625","Gamepad","partial and unknown details","Edge-state native/visual acceptance","Blocked","COVERAGE.md; runtime-blockers.json","B01; B02"
"C0517","Collection","hd720","1279x720","0,-58,1279,720","1","Studio visual + pointer/keyboard","partial and unknown details","Edge-state native/visual acceptance","Blocked","COVERAGE.md; runtime-blockers.json","B01"
"C0518","Collection","hd720","1279x720","0,-58,1279,720","1","Physical touch","partial and unknown details","Edge-state native/visual acceptance","Blocked","COVERAGE.md; runtime-blockers.json","B01; B02"
"C0519","Collection","hd720","1279x720","0,-58,1279,720","1","Gamepad","partial and unknown details","Edge-state native/visual acceptance","Blocked","COVERAGE.md; runtime-blockers.json","B01; B02"
"C0520","Collection","desktop","1919x1079","0,-58,1919,1079","1.4986110925674438","Studio visual + pointer/keyboard","partial and unknown details","Edge-state native/visual acceptance","Blocked","COVERAGE.md; runtime-blockers.json","B01"
"C0521","Collection","desktop","1919x1079","0,-58,1919,1079","1.4986110925674438","Physical touch","partial and unknown details","Edge-state native/visual acceptance","Blocked","COVERAGE.md; runtime-blockers.json","B01; B02"
"C0522","Collection","desktop","1919x1079","0,-58,1919,1079","1.4986110925674438","Gamepad","partial and unknown details","Edge-state native/visual acceptance","Blocked","COVERAGE.md; runtime-blockers.json","B01; B02"
"C0523","Collection","hires","2560x1440","0,-58,2560,1440","2","Studio visual + pointer/keyboard","partial and unknown details","Edge-state native/visual acceptance","Blocked","COVERAGE.md; runtime-blockers.json","B01"
"C0524","Collection","hires","2560x1440","0,-58,2560,1440","2","Physical touch","partial and unknown details","Edge-state native/visual acceptance","Blocked","COVERAGE.md; runtime-blockers.json","B01; B02"
"C0525","Collection","hires","2560x1440","0,-58,2560,1440","2","Gamepad","partial and unknown details","Edge-state native/visual acceptance","Blocked","COVERAGE.md; runtime-blockers.json","B01; B02"
"C0526","Collection","ultrawide","3440x1440","0,-58,3440,1440","2","Studio visual + pointer/keyboard","partial and unknown details","Edge-state native/visual acceptance","Blocked","COVERAGE.md; runtime-blockers.json","B01"
"C0527","Collection","ultrawide","3440x1440","0,-58,3440,1440","2","Physical touch","partial and unknown details","Edge-state native/visual acceptance","Blocked","COVERAGE.md; runtime-blockers.json","B01; B02"
"C0528","Collection","ultrawide","3440x1440","0,-58,3440,1440","2","Gamepad","partial and unknown details","Edge-state native/visual acceptance","Blocked","COVERAGE.md; runtime-blockers.json","B01; B02"
"C0529","Collection","iphone7","666x374","0,-58,666,374","1","Studio visual + pointer/keyboard","Found and Missing filters","Edge-state native/visual acceptance","Blocked","COVERAGE.md; runtime-blockers.json","B01"
"C0530","Collection","iphone7","666x374","0,-58,666,374","1","Physical touch","Found and Missing filters","Edge-state native/visual acceptance","Blocked","COVERAGE.md; runtime-blockers.json","B01; B02"
"C0531","Collection","iphone7","666x374","0,-58,666,374","1","Gamepad","Found and Missing filters","Edge-state native/visual acceptance","Blocked","COVERAGE.md; runtime-blockers.json","B01; B02"
"C0532","Collection","a06","705x338","0,-58,705,338","1","Studio visual + pointer/keyboard","Found and Missing filters","Edge-state native/visual acceptance","Blocked","COVERAGE.md; runtime-blockers.json","B01"
"C0533","Collection","a06","705x338","0,-58,705,338","1","Physical touch","Found and Missing filters","Edge-state native/visual acceptance","Blocked","COVERAGE.md; runtime-blockers.json","B01; B02"
"C0534","Collection","a06","705x338","0,-58,705,338","1","Gamepad","Found and Missing filters","Edge-state native/visual acceptance","Blocked","COVERAGE.md; runtime-blockers.json","B01; B02"
"C0535","Collection","iphone13","749x389","0,-58,749,389","1","Studio visual + pointer/keyboard","Found and Missing filters","Edge-state native/visual acceptance","Blocked","COVERAGE.md; runtime-blockers.json","B01"
"C0536","Collection","iphone13","749x389","0,-58,749,389","1","Physical touch","Found and Missing filters","Edge-state native/visual acceptance","Blocked","COVERAGE.md; runtime-blockers.json","B01; B02"
"C0537","Collection","iphone13","749x389","0,-58,749,389","1","Gamepad","Found and Missing filters","Edge-state native/visual acceptance","Blocked","COVERAGE.md; runtime-blockers.json","B01; B02"
"C0538","Collection","iphone16max","831x439","0,-58,831,439","1","Studio visual + pointer/keyboard","Found and Missing filters","Edge-state native/visual acceptance","Blocked","COVERAGE.md; runtime-blockers.json","B01"
"C0539","Collection","iphone16max","831x439","0,-58,831,439","1","Physical touch","Found and Missing filters","Edge-state native/visual acceptance","Blocked","COVERAGE.md; runtime-blockers.json","B01; B02"
"C0540","Collection","iphone16max","831x439","0,-58,831,439","1","Gamepad","Found and Missing filters","Edge-state native/visual acceptance","Blocked","COVERAGE.md; runtime-blockers.json","B01; B02"
"C0541","Collection","smalltablet","959x599","0,-58,959,599","1","Studio visual + pointer/keyboard","Found and Missing filters","Edge-state native/visual acceptance","Blocked","COVERAGE.md; runtime-blockers.json","B01"
"C0542","Collection","smalltablet","959x599","0,-58,959,599","1","Physical touch","Found and Missing filters","Edge-state native/visual acceptance","Blocked","COVERAGE.md; runtime-blockers.json","B01; B02"
"C0543","Collection","smalltablet","959x599","0,-58,959,599","1","Gamepad","Found and Missing filters","Edge-state native/visual acceptance","Blocked","COVERAGE.md; runtime-blockers.json","B01; B02"
"C0544","Collection","ipad4x3","1023x768","0,-58,1023,768","1","Studio visual + pointer/keyboard","Found and Missing filters","Edge-state native/visual acceptance","Blocked","COVERAGE.md; runtime-blockers.json","B01"
"C0545","Collection","ipad4x3","1023x768","0,-58,1023,768","1","Physical touch","Found and Missing filters","Edge-state native/visual acceptance","Blocked","COVERAGE.md; runtime-blockers.json","B01; B02"
"C0546","Collection","ipad4x3","1023x768","0,-58,1023,768","1","Gamepad","Found and Missing filters","Edge-state native/visual acceptance","Blocked","COVERAGE.md; runtime-blockers.json","B01; B02"
"C0547","Collection","largetablet","1375x1032","0,-58,1375,1032","1.07421875","Studio visual + pointer/keyboard","Found and Missing filters","Edge-state native/visual acceptance","Blocked","COVERAGE.md; runtime-blockers.json","B01"
"C0548","Collection","largetablet","1375x1032","0,-58,1375,1032","1.07421875","Physical touch","Found and Missing filters","Edge-state native/visual acceptance","Blocked","COVERAGE.md; runtime-blockers.json","B01; B02"
"C0549","Collection","largetablet","1375x1032","0,-58,1375,1032","1.07421875","Gamepad","Found and Missing filters","Edge-state native/visual acceptance","Blocked","COVERAGE.md; runtime-blockers.json","B01; B02"
"C0550","Collection","laptop","1365x768","0,-58,1365,768","1.06640625","Studio visual + pointer/keyboard","Found and Missing filters","Edge-state native/visual acceptance","Blocked","COVERAGE.md; runtime-blockers.json","B01"
"C0551","Collection","laptop","1365x768","0,-58,1365,768","1.06640625","Physical touch","Found and Missing filters","Edge-state native/visual acceptance","Blocked","COVERAGE.md; runtime-blockers.json","B01; B02"
"C0552","Collection","laptop","1365x768","0,-58,1365,768","1.06640625","Gamepad","Found and Missing filters","Edge-state native/visual acceptance","Blocked","COVERAGE.md; runtime-blockers.json","B01; B02"
"C0553","Collection","hd720","1279x720","0,-58,1279,720","1","Studio visual + pointer/keyboard","Found and Missing filters","Edge-state native/visual acceptance","Blocked","COVERAGE.md; runtime-blockers.json","B01"
"C0554","Collection","hd720","1279x720","0,-58,1279,720","1","Physical touch","Found and Missing filters","Edge-state native/visual acceptance","Blocked","COVERAGE.md; runtime-blockers.json","B01; B02"
"C0555","Collection","hd720","1279x720","0,-58,1279,720","1","Gamepad","Found and Missing filters","Edge-state native/visual acceptance","Blocked","COVERAGE.md; runtime-blockers.json","B01; B02"
"C0556","Collection","desktop","1919x1079","0,-58,1919,1079","1.4986110925674438","Studio visual + pointer/keyboard","Found and Missing filters","Edge-state native/visual acceptance","Blocked","COVERAGE.md; runtime-blockers.json","B01"
"C0557","Collection","desktop","1919x1079","0,-58,1919,1079","1.4986110925674438","Physical touch","Found and Missing filters","Edge-state native/visual acceptance","Blocked","COVERAGE.md; runtime-blockers.json","B01; B02"
"C0558","Collection","desktop","1919x1079","0,-58,1919,1079","1.4986110925674438","Gamepad","Found and Missing filters","Edge-state native/visual acceptance","Blocked","COVERAGE.md; runtime-blockers.json","B01; B02"
"C0559","Collection","hires","2560x1440","0,-58,2560,1440","2","Studio visual + pointer/keyboard","Found and Missing filters","Edge-state native/visual acceptance","Blocked","COVERAGE.md; runtime-blockers.json","B01"
"C0560","Collection","hires","2560x1440","0,-58,2560,1440","2","Physical touch","Found and Missing filters","Edge-state native/visual acceptance","Blocked","COVERAGE.md; runtime-blockers.json","B01; B02"
"C0561","Collection","hires","2560x1440","0,-58,2560,1440","2","Gamepad","Found and Missing filters","Edge-state native/visual acceptance","Blocked","COVERAGE.md; runtime-blockers.json","B01; B02"
"C0562","Collection","ultrawide","3440x1440","0,-58,3440,1440","2","Studio visual + pointer/keyboard","Found and Missing filters","Edge-state native/visual acceptance","Blocked","COVERAGE.md; runtime-blockers.json","B01"
"C0563","Collection","ultrawide","3440x1440","0,-58,3440,1440","2","Physical touch","Found and Missing filters","Edge-state native/visual acceptance","Blocked","COVERAGE.md; runtime-blockers.json","B01; B02"
"C0564","Collection","ultrawide","3440x1440","0,-58,3440,1440","2","Gamepad","Found and Missing filters","Edge-state native/visual acceptance","Blocked","COVERAGE.md; runtime-blockers.json","B01; B02"
"C0565","Collection","iphone7","666x374","0,-58,666,374","1","Studio visual + pointer/keyboard","long names / high rate / large owned count","Edge-state native/visual acceptance","Blocked","COVERAGE.md; runtime-blockers.json","B01"
"C0566","Collection","iphone7","666x374","0,-58,666,374","1","Physical touch","long names / high rate / large owned count","Edge-state native/visual acceptance","Blocked","COVERAGE.md; runtime-blockers.json","B01; B02"
"C0567","Collection","iphone7","666x374","0,-58,666,374","1","Gamepad","long names / high rate / large owned count","Edge-state native/visual acceptance","Blocked","COVERAGE.md; runtime-blockers.json","B01; B02"
"C0568","Collection","a06","705x338","0,-58,705,338","1","Studio visual + pointer/keyboard","long names / high rate / large owned count","Edge-state native/visual acceptance","Blocked","COVERAGE.md; runtime-blockers.json","B01"
"C0569","Collection","a06","705x338","0,-58,705,338","1","Physical touch","long names / high rate / large owned count","Edge-state native/visual acceptance","Blocked","COVERAGE.md; runtime-blockers.json","B01; B02"
"C0570","Collection","a06","705x338","0,-58,705,338","1","Gamepad","long names / high rate / large owned count","Edge-state native/visual acceptance","Blocked","COVERAGE.md; runtime-blockers.json","B01; B02"
"C0571","Collection","iphone13","749x389","0,-58,749,389","1","Studio visual + pointer/keyboard","long names / high rate / large owned count","Edge-state native/visual acceptance","Blocked","COVERAGE.md; runtime-blockers.json","B01"
"C0572","Collection","iphone13","749x389","0,-58,749,389","1","Physical touch","long names / high rate / large owned count","Edge-state native/visual acceptance","Blocked","COVERAGE.md; runtime-blockers.json","B01; B02"
"C0573","Collection","iphone13","749x389","0,-58,749,389","1","Gamepad","long names / high rate / large owned count","Edge-state native/visual acceptance","Blocked","COVERAGE.md; runtime-blockers.json","B01; B02"
"C0574","Collection","iphone16max","831x439","0,-58,831,439","1","Studio visual + pointer/keyboard","long names / high rate / large owned count","Edge-state native/visual acceptance","Blocked","COVERAGE.md; runtime-blockers.json","B01"
"C0575","Collection","iphone16max","831x439","0,-58,831,439","1","Physical touch","long names / high rate / large owned count","Edge-state native/visual acceptance","Blocked","COVERAGE.md; runtime-blockers.json","B01; B02"
"C0576","Collection","iphone16max","831x439","0,-58,831,439","1","Gamepad","long names / high rate / large owned count","Edge-state native/visual acceptance","Blocked","COVERAGE.md; runtime-blockers.json","B01; B02"
"C0577","Collection","smalltablet","959x599","0,-58,959,599","1","Studio visual + pointer/keyboard","long names / high rate / large owned count","Edge-state native/visual acceptance","Blocked","COVERAGE.md; runtime-blockers.json","B01"
"C0578","Collection","smalltablet","959x599","0,-58,959,599","1","Physical touch","long names / high rate / large owned count","Edge-state native/visual acceptance","Blocked","COVERAGE.md; runtime-blockers.json","B01; B02"
"C0579","Collection","smalltablet","959x599","0,-58,959,599","1","Gamepad","long names / high rate / large owned count","Edge-state native/visual acceptance","Blocked","COVERAGE.md; runtime-blockers.json","B01; B02"
"C0580","Collection","ipad4x3","1023x768","0,-58,1023,768","1","Studio visual + pointer/keyboard","long names / high rate / large owned count","Edge-state native/visual acceptance","Blocked","COVERAGE.md; runtime-blockers.json","B01"
"C0581","Collection","ipad4x3","1023x768","0,-58,1023,768","1","Physical touch","long names / high rate / large owned count","Edge-state native/visual acceptance","Blocked","COVERAGE.md; runtime-blockers.json","B01; B02"
"C0582","Collection","ipad4x3","1023x768","0,-58,1023,768","1","Gamepad","long names / high rate / large owned count","Edge-state native/visual acceptance","Blocked","COVERAGE.md; runtime-blockers.json","B01; B02"
"C0583","Collection","largetablet","1375x1032","0,-58,1375,1032","1.07421875","Studio visual + pointer/keyboard","long names / high rate / large owned count","Edge-state native/visual acceptance","Blocked","COVERAGE.md; runtime-blockers.json","B01"
"C0584","Collection","largetablet","1375x1032","0,-58,1375,1032","1.07421875","Physical touch","long names / high rate / large owned count","Edge-state native/visual acceptance","Blocked","COVERAGE.md; runtime-blockers.json","B01; B02"
"C0585","Collection","largetablet","1375x1032","0,-58,1375,1032","1.07421875","Gamepad","long names / high rate / large owned count","Edge-state native/visual acceptance","Blocked","COVERAGE.md; runtime-blockers.json","B01; B02"
"C0586","Collection","laptop","1365x768","0,-58,1365,768","1.06640625","Studio visual + pointer/keyboard","long names / high rate / large owned count","Edge-state native/visual acceptance","Blocked","COVERAGE.md; runtime-blockers.json","B01"
"C0587","Collection","laptop","1365x768","0,-58,1365,768","1.06640625","Physical touch","long names / high rate / large owned count","Edge-state native/visual acceptance","Blocked","COVERAGE.md; runtime-blockers.json","B01; B02"
"C0588","Collection","laptop","1365x768","0,-58,1365,768","1.06640625","Gamepad","long names / high rate / large owned count","Edge-state native/visual acceptance","Blocked","COVERAGE.md; runtime-blockers.json","B01; B02"
"C0589","Collection","hd720","1279x720","0,-58,1279,720","1","Studio visual + pointer/keyboard","long names / high rate / large owned count","Edge-state native/visual acceptance","Blocked","COVERAGE.md; runtime-blockers.json","B01"
"C0590","Collection","hd720","1279x720","0,-58,1279,720","1","Physical touch","long names / high rate / large owned count","Edge-state native/visual acceptance","Blocked","COVERAGE.md; runtime-blockers.json","B01; B02"
"C0591","Collection","hd720","1279x720","0,-58,1279,720","1","Gamepad","long names / high rate / large owned count","Edge-state native/visual acceptance","Blocked","COVERAGE.md; runtime-blockers.json","B01; B02"
"C0592","Collection","desktop","1919x1079","0,-58,1919,1079","1.4986110925674438","Studio visual + pointer/keyboard","long names / high rate / large owned count","Edge-state native/visual acceptance","Blocked","COVERAGE.md; runtime-blockers.json","B01"
"C0593","Collection","desktop","1919x1079","0,-58,1919,1079","1.4986110925674438","Physical touch","long names / high rate / large owned count","Edge-state native/visual acceptance","Blocked","COVERAGE.md; runtime-blockers.json","B01; B02"
"C0594","Collection","desktop","1919x1079","0,-58,1919,1079","1.4986110925674438","Gamepad","long names / high rate / large owned count","Edge-state native/visual acceptance","Blocked","COVERAGE.md; runtime-blockers.json","B01; B02"
"C0595","Collection","hires","2560x1440","0,-58,2560,1440","2","Studio visual + pointer/keyboard","long names / high rate / large owned count","Edge-state native/visual acceptance","Blocked","COVERAGE.md; runtime-blockers.json","B01"
"C0596","Collection","hires","2560x1440","0,-58,2560,1440","2","Physical touch","long names / high rate / large owned count","Edge-state native/visual acceptance","Blocked","COVERAGE.md; runtime-blockers.json","B01; B02"
"C0597","Collection","hires","2560x1440","0,-58,2560,1440","2","Gamepad","long names / high rate / large owned count","Edge-state native/visual acceptance","Blocked","COVERAGE.md; runtime-blockers.json","B01; B02"
"C0598","Collection","ultrawide","3440x1440","0,-58,3440,1440","2","Studio visual + pointer/keyboard","long names / high rate / large owned count","Edge-state native/visual acceptance","Blocked","COVERAGE.md; runtime-blockers.json","B01"
"C0599","Collection","ultrawide","3440x1440","0,-58,3440,1440","2","Physical touch","long names / high rate / large owned count","Edge-state native/visual acceptance","Blocked","COVERAGE.md; runtime-blockers.json","B01; B02"
"C0600","Collection","ultrawide","3440x1440","0,-58,3440,1440","2","Gamepad","long names / high rate / large owned count","Edge-state native/visual acceptance","Blocked","COVERAGE.md; runtime-blockers.json","B01; B02"
"C0601","Display","iphone7","666x374","0,-58,666,374","1","Studio visual + pointer/keyboard","all six slots full","Edge-state native/visual acceptance","Blocked","COVERAGE.md; runtime-blockers.json","B01"
"C0602","Display","iphone7","666x374","0,-58,666,374","1","Physical touch","all six slots full","Edge-state native/visual acceptance","Blocked","COVERAGE.md; runtime-blockers.json","B01; B02"
"C0603","Display","iphone7","666x374","0,-58,666,374","1","Gamepad","all six slots full","Edge-state native/visual acceptance","Blocked","COVERAGE.md; runtime-blockers.json","B01; B02"
"C0604","Display","a06","705x338","0,-58,705,338","1","Studio visual + pointer/keyboard","all six slots full","Edge-state native/visual acceptance","Blocked","COVERAGE.md; runtime-blockers.json","B01"
"C0605","Display","a06","705x338","0,-58,705,338","1","Physical touch","all six slots full","Edge-state native/visual acceptance","Blocked","COVERAGE.md; runtime-blockers.json","B01; B02"
"C0606","Display","a06","705x338","0,-58,705,338","1","Gamepad","all six slots full","Edge-state native/visual acceptance","Blocked","COVERAGE.md; runtime-blockers.json","B01; B02"
"C0607","Display","iphone13","749x389","0,-58,749,389","1","Studio visual + pointer/keyboard","all six slots full","Edge-state native/visual acceptance","Blocked","COVERAGE.md; runtime-blockers.json","B01"
"C0608","Display","iphone13","749x389","0,-58,749,389","1","Physical touch","all six slots full","Edge-state native/visual acceptance","Blocked","COVERAGE.md; runtime-blockers.json","B01; B02"
"C0609","Display","iphone13","749x389","0,-58,749,389","1","Gamepad","all six slots full","Edge-state native/visual acceptance","Blocked","COVERAGE.md; runtime-blockers.json","B01; B02"
"C0610","Display","iphone16max","831x439","0,-58,831,439","1","Studio visual + pointer/keyboard","all six slots full","Edge-state native/visual acceptance","Blocked","COVERAGE.md; runtime-blockers.json","B01"
"C0611","Display","iphone16max","831x439","0,-58,831,439","1","Physical touch","all six slots full","Edge-state native/visual acceptance","Blocked","COVERAGE.md; runtime-blockers.json","B01; B02"
"C0612","Display","iphone16max","831x439","0,-58,831,439","1","Gamepad","all six slots full","Edge-state native/visual acceptance","Blocked","COVERAGE.md; runtime-blockers.json","B01; B02"
"C0613","Display","smalltablet","959x599","0,-58,959,599","1","Studio visual + pointer/keyboard","all six slots full","Edge-state native/visual acceptance","Blocked","COVERAGE.md; runtime-blockers.json","B01"
"C0614","Display","smalltablet","959x599","0,-58,959,599","1","Physical touch","all six slots full","Edge-state native/visual acceptance","Blocked","COVERAGE.md; runtime-blockers.json","B01; B02"
"C0615","Display","smalltablet","959x599","0,-58,959,599","1","Gamepad","all six slots full","Edge-state native/visual acceptance","Blocked","COVERAGE.md; runtime-blockers.json","B01; B02"
"C0616","Display","ipad4x3","1023x768","0,-58,1023,768","1","Studio visual + pointer/keyboard","all six slots full","Edge-state native/visual acceptance","Blocked","COVERAGE.md; runtime-blockers.json","B01"
"C0617","Display","ipad4x3","1023x768","0,-58,1023,768","1","Physical touch","all six slots full","Edge-state native/visual acceptance","Blocked","COVERAGE.md; runtime-blockers.json","B01; B02"
"C0618","Display","ipad4x3","1023x768","0,-58,1023,768","1","Gamepad","all six slots full","Edge-state native/visual acceptance","Blocked","COVERAGE.md; runtime-blockers.json","B01; B02"
"C0619","Display","largetablet","1375x1032","0,-58,1375,1032","1.07421875","Studio visual + pointer/keyboard","all six slots full","Edge-state native/visual acceptance","Blocked","COVERAGE.md; runtime-blockers.json","B01"
"C0620","Display","largetablet","1375x1032","0,-58,1375,1032","1.07421875","Physical touch","all six slots full","Edge-state native/visual acceptance","Blocked","COVERAGE.md; runtime-blockers.json","B01; B02"
"C0621","Display","largetablet","1375x1032","0,-58,1375,1032","1.07421875","Gamepad","all six slots full","Edge-state native/visual acceptance","Blocked","COVERAGE.md; runtime-blockers.json","B01; B02"
"C0622","Display","laptop","1365x768","0,-58,1365,768","1.06640625","Studio visual + pointer/keyboard","all six slots full","Edge-state native/visual acceptance","Blocked","COVERAGE.md; runtime-blockers.json","B01"
"C0623","Display","laptop","1365x768","0,-58,1365,768","1.06640625","Physical touch","all six slots full","Edge-state native/visual acceptance","Blocked","COVERAGE.md; runtime-blockers.json","B01; B02"
"C0624","Display","laptop","1365x768","0,-58,1365,768","1.06640625","Gamepad","all six slots full","Edge-state native/visual acceptance","Blocked","COVERAGE.md; runtime-blockers.json","B01; B02"
"C0625","Display","hd720","1279x720","0,-58,1279,720","1","Studio visual + pointer/keyboard","all six slots full","Edge-state native/visual acceptance","Blocked","COVERAGE.md; runtime-blockers.json","B01"
"C0626","Display","hd720","1279x720","0,-58,1279,720","1","Physical touch","all six slots full","Edge-state native/visual acceptance","Blocked","COVERAGE.md; runtime-blockers.json","B01; B02"
"C0627","Display","hd720","1279x720","0,-58,1279,720","1","Gamepad","all six slots full","Edge-state native/visual acceptance","Blocked","COVERAGE.md; runtime-blockers.json","B01; B02"
"C0628","Display","desktop","1919x1079","0,-58,1919,1079","1.4986110925674438","Studio visual + pointer/keyboard","all six slots full","Edge-state native/visual acceptance","Blocked","COVERAGE.md; runtime-blockers.json","B01"
"C0629","Display","desktop","1919x1079","0,-58,1919,1079","1.4986110925674438","Physical touch","all six slots full","Edge-state native/visual acceptance","Blocked","COVERAGE.md; runtime-blockers.json","B01; B02"
"C0630","Display","desktop","1919x1079","0,-58,1919,1079","1.4986110925674438","Gamepad","all six slots full","Edge-state native/visual acceptance","Blocked","COVERAGE.md; runtime-blockers.json","B01; B02"
"C0631","Display","hires","2560x1440","0,-58,2560,1440","2","Studio visual + pointer/keyboard","all six slots full","Edge-state native/visual acceptance","Blocked","COVERAGE.md; runtime-blockers.json","B01"
"C0632","Display","hires","2560x1440","0,-58,2560,1440","2","Physical touch","all six slots full","Edge-state native/visual acceptance","Blocked","COVERAGE.md; runtime-blockers.json","B01; B02"
"C0633","Display","hires","2560x1440","0,-58,2560,1440","2","Gamepad","all six slots full","Edge-state native/visual acceptance","Blocked","COVERAGE.md; runtime-blockers.json","B01; B02"
"C0634","Display","ultrawide","3440x1440","0,-58,3440,1440","2","Studio visual + pointer/keyboard","all six slots full","Edge-state native/visual acceptance","Blocked","COVERAGE.md; runtime-blockers.json","B01"
"C0635","Display","ultrawide","3440x1440","0,-58,3440,1440","2","Physical touch","all six slots full","Edge-state native/visual acceptance","Blocked","COVERAGE.md; runtime-blockers.json","B01; B02"
"C0636","Display","ultrawide","3440x1440","0,-58,3440,1440","2","Gamepad","all six slots full","Edge-state native/visual acceptance","Blocked","COVERAGE.md; runtime-blockers.json","B01; B02"
"C0637","Display","iphone7","666x374","0,-58,666,374","1","Studio visual + pointer/keyboard","selected-target remove / replace / cancel","Edge-state native/visual acceptance","Blocked","COVERAGE.md; runtime-blockers.json","B01"
"C0638","Display","iphone7","666x374","0,-58,666,374","1","Physical touch","selected-target remove / replace / cancel","Edge-state native/visual acceptance","Blocked","COVERAGE.md; runtime-blockers.json","B01; B02"
"C0639","Display","iphone7","666x374","0,-58,666,374","1","Gamepad","selected-target remove / replace / cancel","Edge-state native/visual acceptance","Blocked","COVERAGE.md; runtime-blockers.json","B01; B02"
"C0640","Display","a06","705x338","0,-58,705,338","1","Studio visual + pointer/keyboard","selected-target remove / replace / cancel","Edge-state native/visual acceptance","Blocked","COVERAGE.md; runtime-blockers.json","B01"
"C0641","Display","a06","705x338","0,-58,705,338","1","Physical touch","selected-target remove / replace / cancel","Edge-state native/visual acceptance","Blocked","COVERAGE.md; runtime-blockers.json","B01; B02"
"C0642","Display","a06","705x338","0,-58,705,338","1","Gamepad","selected-target remove / replace / cancel","Edge-state native/visual acceptance","Blocked","COVERAGE.md; runtime-blockers.json","B01; B02"
"C0643","Display","iphone13","749x389","0,-58,749,389","1","Studio visual + pointer/keyboard","selected-target remove / replace / cancel","Edge-state native/visual acceptance","Blocked","COVERAGE.md; runtime-blockers.json","B01"
"C0644","Display","iphone13","749x389","0,-58,749,389","1","Physical touch","selected-target remove / replace / cancel","Edge-state native/visual acceptance","Blocked","COVERAGE.md; runtime-blockers.json","B01; B02"
"C0645","Display","iphone13","749x389","0,-58,749,389","1","Gamepad","selected-target remove / replace / cancel","Edge-state native/visual acceptance","Blocked","COVERAGE.md; runtime-blockers.json","B01; B02"
"C0646","Display","iphone16max","831x439","0,-58,831,439","1","Studio visual + pointer/keyboard","selected-target remove / replace / cancel","Edge-state native/visual acceptance","Blocked","COVERAGE.md; runtime-blockers.json","B01"
"C0647","Display","iphone16max","831x439","0,-58,831,439","1","Physical touch","selected-target remove / replace / cancel","Edge-state native/visual acceptance","Blocked","COVERAGE.md; runtime-blockers.json","B01; B02"
"C0648","Display","iphone16max","831x439","0,-58,831,439","1","Gamepad","selected-target remove / replace / cancel","Edge-state native/visual acceptance","Blocked","COVERAGE.md; runtime-blockers.json","B01; B02"
"C0649","Display","smalltablet","959x599","0,-58,959,599","1","Studio visual + pointer/keyboard","selected-target remove / replace / cancel","Edge-state native/visual acceptance","Blocked","COVERAGE.md; runtime-blockers.json","B01"
"C0650","Display","smalltablet","959x599","0,-58,959,599","1","Physical touch","selected-target remove / replace / cancel","Edge-state native/visual acceptance","Blocked","COVERAGE.md; runtime-blockers.json","B01; B02"
"C0651","Display","smalltablet","959x599","0,-58,959,599","1","Gamepad","selected-target remove / replace / cancel","Edge-state native/visual acceptance","Blocked","COVERAGE.md; runtime-blockers.json","B01; B02"
"C0652","Display","ipad4x3","1023x768","0,-58,1023,768","1","Studio visual + pointer/keyboard","selected-target remove / replace / cancel","Edge-state native/visual acceptance","Blocked","COVERAGE.md; runtime-blockers.json","B01"
"C0653","Display","ipad4x3","1023x768","0,-58,1023,768","1","Physical touch","selected-target remove / replace / cancel","Edge-state native/visual acceptance","Blocked","COVERAGE.md; runtime-blockers.json","B01; B02"
"C0654","Display","ipad4x3","1023x768","0,-58,1023,768","1","Gamepad","selected-target remove / replace / cancel","Edge-state native/visual acceptance","Blocked","COVERAGE.md; runtime-blockers.json","B01; B02"
"C0655","Display","largetablet","1375x1032","0,-58,1375,1032","1.07421875","Studio visual + pointer/keyboard","selected-target remove / replace / cancel","Edge-state native/visual acceptance","Blocked","COVERAGE.md; runtime-blockers.json","B01"
"C0656","Display","largetablet","1375x1032","0,-58,1375,1032","1.07421875","Physical touch","selected-target remove / replace / cancel","Edge-state native/visual acceptance","Blocked","COVERAGE.md; runtime-blockers.json","B01; B02"
"C0657","Display","largetablet","1375x1032","0,-58,1375,1032","1.07421875","Gamepad","selected-target remove / replace / cancel","Edge-state native/visual acceptance","Blocked","COVERAGE.md; runtime-blockers.json","B01; B02"
"C0658","Display","laptop","1365x768","0,-58,1365,768","1.06640625","Studio visual + pointer/keyboard","selected-target remove / replace / cancel","Edge-state native/visual acceptance","Blocked","COVERAGE.md; runtime-blockers.json","B01"
"C0659","Display","laptop","1365x768","0,-58,1365,768","1.06640625","Physical touch","selected-target remove / replace / cancel","Edge-state native/visual acceptance","Blocked","COVERAGE.md; runtime-blockers.json","B01; B02"
"C0660","Display","laptop","1365x768","0,-58,1365,768","1.06640625","Gamepad","selected-target remove / replace / cancel","Edge-state native/visual acceptance","Blocked","COVERAGE.md; runtime-blockers.json","B01; B02"
"C0661","Display","hd720","1279x720","0,-58,1279,720","1","Studio visual + pointer/keyboard","selected-target remove / replace / cancel","Edge-state native/visual acceptance","Blocked","COVERAGE.md; runtime-blockers.json","B01"
"C0662","Display","hd720","1279x720","0,-58,1279,720","1","Physical touch","selected-target remove / replace / cancel","Edge-state native/visual acceptance","Blocked","COVERAGE.md; runtime-blockers.json","B01; B02"
"C0663","Display","hd720","1279x720","0,-58,1279,720","1","Gamepad","selected-target remove / replace / cancel","Edge-state native/visual acceptance","Blocked","COVERAGE.md; runtime-blockers.json","B01; B02"
"C0664","Display","desktop","1919x1079","0,-58,1919,1079","1.4986110925674438","Studio visual + pointer/keyboard","selected-target remove / replace / cancel","Edge-state native/visual acceptance","Blocked","COVERAGE.md; runtime-blockers.json","B01"
"C0665","Display","desktop","1919x1079","0,-58,1919,1079","1.4986110925674438","Physical touch","selected-target remove / replace / cancel","Edge-state native/visual acceptance","Blocked","COVERAGE.md; runtime-blockers.json","B01; B02"
"C0666","Display","desktop","1919x1079","0,-58,1919,1079","1.4986110925674438","Gamepad","selected-target remove / replace / cancel","Edge-state native/visual acceptance","Blocked","COVERAGE.md; runtime-blockers.json","B01; B02"
"C0667","Display","hires","2560x1440","0,-58,2560,1440","2","Studio visual + pointer/keyboard","selected-target remove / replace / cancel","Edge-state native/visual acceptance","Blocked","COVERAGE.md; runtime-blockers.json","B01"
"C0668","Display","hires","2560x1440","0,-58,2560,1440","2","Physical touch","selected-target remove / replace / cancel","Edge-state native/visual acceptance","Blocked","COVERAGE.md; runtime-blockers.json","B01; B02"
"C0669","Display","hires","2560x1440","0,-58,2560,1440","2","Gamepad","selected-target remove / replace / cancel","Edge-state native/visual acceptance","Blocked","COVERAGE.md; runtime-blockers.json","B01; B02"
"C0670","Display","ultrawide","3440x1440","0,-58,3440,1440","2","Studio visual + pointer/keyboard","selected-target remove / replace / cancel","Edge-state native/visual acceptance","Blocked","COVERAGE.md; runtime-blockers.json","B01"
"C0671","Display","ultrawide","3440x1440","0,-58,3440,1440","2","Physical touch","selected-target remove / replace / cancel","Edge-state native/visual acceptance","Blocked","COVERAGE.md; runtime-blockers.json","B01; B02"
"C0672","Display","ultrawide","3440x1440","0,-58,3440,1440","2","Gamepad","selected-target remove / replace / cancel","Edge-state native/visual acceptance","Blocked","COVERAGE.md; runtime-blockers.json","B01; B02"
"C0673","Display","iphone7","666x374","0,-58,666,374","1","Studio visual + pointer/keyboard","locked affordable and shortfall 40K/400K/4M","Edge-state native/visual acceptance","Blocked","COVERAGE.md; runtime-blockers.json","B01"
"C0674","Display","iphone7","666x374","0,-58,666,374","1","Physical touch","locked affordable and shortfall 40K/400K/4M","Edge-state native/visual acceptance","Blocked","COVERAGE.md; runtime-blockers.json","B01; B02"
"C0675","Display","iphone7","666x374","0,-58,666,374","1","Gamepad","locked affordable and shortfall 40K/400K/4M","Edge-state native/visual acceptance","Blocked","COVERAGE.md; runtime-blockers.json","B01; B02"
"C0676","Display","a06","705x338","0,-58,705,338","1","Studio visual + pointer/keyboard","locked affordable and shortfall 40K/400K/4M","Edge-state native/visual acceptance","Blocked","COVERAGE.md; runtime-blockers.json","B01"
"C0677","Display","a06","705x338","0,-58,705,338","1","Physical touch","locked affordable and shortfall 40K/400K/4M","Edge-state native/visual acceptance","Blocked","COVERAGE.md; runtime-blockers.json","B01; B02"
"C0678","Display","a06","705x338","0,-58,705,338","1","Gamepad","locked affordable and shortfall 40K/400K/4M","Edge-state native/visual acceptance","Blocked","COVERAGE.md; runtime-blockers.json","B01; B02"
"C0679","Display","iphone13","749x389","0,-58,749,389","1","Studio visual + pointer/keyboard","locked affordable and shortfall 40K/400K/4M","Edge-state native/visual acceptance","Blocked","COVERAGE.md; runtime-blockers.json","B01"
"C0680","Display","iphone13","749x389","0,-58,749,389","1","Physical touch","locked affordable and shortfall 40K/400K/4M","Edge-state native/visual acceptance","Blocked","COVERAGE.md; runtime-blockers.json","B01; B02"
"C0681","Display","iphone13","749x389","0,-58,749,389","1","Gamepad","locked affordable and shortfall 40K/400K/4M","Edge-state native/visual acceptance","Blocked","COVERAGE.md; runtime-blockers.json","B01; B02"
"C0682","Display","iphone16max","831x439","0,-58,831,439","1","Studio visual + pointer/keyboard","locked affordable and shortfall 40K/400K/4M","Edge-state native/visual acceptance","Blocked","COVERAGE.md; runtime-blockers.json","B01"
"C0683","Display","iphone16max","831x439","0,-58,831,439","1","Physical touch","locked affordable and shortfall 40K/400K/4M","Edge-state native/visual acceptance","Blocked","COVERAGE.md; runtime-blockers.json","B01; B02"
"C0684","Display","iphone16max","831x439","0,-58,831,439","1","Gamepad","locked affordable and shortfall 40K/400K/4M","Edge-state native/visual acceptance","Blocked","COVERAGE.md; runtime-blockers.json","B01; B02"
"C0685","Display","smalltablet","959x599","0,-58,959,599","1","Studio visual + pointer/keyboard","locked affordable and shortfall 40K/400K/4M","Edge-state native/visual acceptance","Blocked","COVERAGE.md; runtime-blockers.json","B01"
"C0686","Display","smalltablet","959x599","0,-58,959,599","1","Physical touch","locked affordable and shortfall 40K/400K/4M","Edge-state native/visual acceptance","Blocked","COVERAGE.md; runtime-blockers.json","B01; B02"
"C0687","Display","smalltablet","959x599","0,-58,959,599","1","Gamepad","locked affordable and shortfall 40K/400K/4M","Edge-state native/visual acceptance","Blocked","COVERAGE.md; runtime-blockers.json","B01; B02"
"C0688","Display","ipad4x3","1023x768","0,-58,1023,768","1","Studio visual + pointer/keyboard","locked affordable and shortfall 40K/400K/4M","Edge-state native/visual acceptance","Blocked","COVERAGE.md; runtime-blockers.json","B01"
"C0689","Display","ipad4x3","1023x768","0,-58,1023,768","1","Physical touch","locked affordable and shortfall 40K/400K/4M","Edge-state native/visual acceptance","Blocked","COVERAGE.md; runtime-blockers.json","B01; B02"
"C0690","Display","ipad4x3","1023x768","0,-58,1023,768","1","Gamepad","locked affordable and shortfall 40K/400K/4M","Edge-state native/visual acceptance","Blocked","COVERAGE.md; runtime-blockers.json","B01; B02"
"C0691","Display","largetablet","1375x1032","0,-58,1375,1032","1.07421875","Studio visual + pointer/keyboard","locked affordable and shortfall 40K/400K/4M","Edge-state native/visual acceptance","Blocked","COVERAGE.md; runtime-blockers.json","B01"
"C0692","Display","largetablet","1375x1032","0,-58,1375,1032","1.07421875","Physical touch","locked affordable and shortfall 40K/400K/4M","Edge-state native/visual acceptance","Blocked","COVERAGE.md; runtime-blockers.json","B01; B02"
"C0693","Display","largetablet","1375x1032","0,-58,1375,1032","1.07421875","Gamepad","locked affordable and shortfall 40K/400K/4M","Edge-state native/visual acceptance","Blocked","COVERAGE.md; runtime-blockers.json","B01; B02"
"C0694","Display","laptop","1365x768","0,-58,1365,768","1.06640625","Studio visual + pointer/keyboard","locked affordable and shortfall 40K/400K/4M","Edge-state native/visual acceptance","Blocked","COVERAGE.md; runtime-blockers.json","B01"
"C0695","Display","laptop","1365x768","0,-58,1365,768","1.06640625","Physical touch","locked affordable and shortfall 40K/400K/4M","Edge-state native/visual acceptance","Blocked","COVERAGE.md; runtime-blockers.json","B01; B02"
"C0696","Display","laptop","1365x768","0,-58,1365,768","1.06640625","Gamepad","locked affordable and shortfall 40K/400K/4M","Edge-state native/visual acceptance","Blocked","COVERAGE.md; runtime-blockers.json","B01; B02"
"C0697","Display","hd720","1279x720","0,-58,1279,720","1","Studio visual + pointer/keyboard","locked affordable and shortfall 40K/400K/4M","Edge-state native/visual acceptance","Blocked","COVERAGE.md; runtime-blockers.json","B01"
"C0698","Display","hd720","1279x720","0,-58,1279,720","1","Physical touch","locked affordable and shortfall 40K/400K/4M","Edge-state native/visual acceptance","Blocked","COVERAGE.md; runtime-blockers.json","B01; B02"
"C0699","Display","hd720","1279x720","0,-58,1279,720","1","Gamepad","locked affordable and shortfall 40K/400K/4M","Edge-state native/visual acceptance","Blocked","COVERAGE.md; runtime-blockers.json","B01; B02"
"C0700","Display","desktop","1919x1079","0,-58,1919,1079","1.4986110925674438","Studio visual + pointer/keyboard","locked affordable and shortfall 40K/400K/4M","Edge-state native/visual acceptance","Blocked","COVERAGE.md; runtime-blockers.json","B01"
"C0701","Display","desktop","1919x1079","0,-58,1919,1079","1.4986110925674438","Physical touch","locked affordable and shortfall 40K/400K/4M","Edge-state native/visual acceptance","Blocked","COVERAGE.md; runtime-blockers.json","B01; B02"
"C0702","Display","desktop","1919x1079","0,-58,1919,1079","1.4986110925674438","Gamepad","locked affordable and shortfall 40K/400K/4M","Edge-state native/visual acceptance","Blocked","COVERAGE.md; runtime-blockers.json","B01; B02"
"C0703","Display","hires","2560x1440","0,-58,2560,1440","2","Studio visual + pointer/keyboard","locked affordable and shortfall 40K/400K/4M","Edge-state native/visual acceptance","Blocked","COVERAGE.md; runtime-blockers.json","B01"
"C0704","Display","hires","2560x1440","0,-58,2560,1440","2","Physical touch","locked affordable and shortfall 40K/400K/4M","Edge-state native/visual acceptance","Blocked","COVERAGE.md; runtime-blockers.json","B01; B02"
"C0705","Display","hires","2560x1440","0,-58,2560,1440","2","Gamepad","locked affordable and shortfall 40K/400K/4M","Edge-state native/visual acceptance","Blocked","COVERAGE.md; runtime-blockers.json","B01; B02"
"C0706","Display","ultrawide","3440x1440","0,-58,3440,1440","2","Studio visual + pointer/keyboard","locked affordable and shortfall 40K/400K/4M","Edge-state native/visual acceptance","Blocked","COVERAGE.md; runtime-blockers.json","B01"
"C0707","Display","ultrawide","3440x1440","0,-58,3440,1440","2","Physical touch","locked affordable and shortfall 40K/400K/4M","Edge-state native/visual acceptance","Blocked","COVERAGE.md; runtime-blockers.json","B01; B02"
"C0708","Display","ultrawide","3440x1440","0,-58,3440,1440","2","Gamepad","locked affordable and shortfall 40K/400K/4M","Edge-state native/visual acceptance","Blocked","COVERAGE.md; runtime-blockers.json","B01; B02"
"C0709","Display","iphone7","666x374","0,-58,666,374","1","Studio visual + pointer/keyboard","retained banks / full-wallet overflow","Edge-state native/visual acceptance","Blocked","COVERAGE.md; runtime-blockers.json","B01"
"C0710","Display","iphone7","666x374","0,-58,666,374","1","Physical touch","retained banks / full-wallet overflow","Edge-state native/visual acceptance","Blocked","COVERAGE.md; runtime-blockers.json","B01; B02"
"C0711","Display","iphone7","666x374","0,-58,666,374","1","Gamepad","retained banks / full-wallet overflow","Edge-state native/visual acceptance","Blocked","COVERAGE.md; runtime-blockers.json","B01; B02"
"C0712","Display","a06","705x338","0,-58,705,338","1","Studio visual + pointer/keyboard","retained banks / full-wallet overflow","Edge-state native/visual acceptance","Blocked","COVERAGE.md; runtime-blockers.json","B01"
"C0713","Display","a06","705x338","0,-58,705,338","1","Physical touch","retained banks / full-wallet overflow","Edge-state native/visual acceptance","Blocked","COVERAGE.md; runtime-blockers.json","B01; B02"
"C0714","Display","a06","705x338","0,-58,705,338","1","Gamepad","retained banks / full-wallet overflow","Edge-state native/visual acceptance","Blocked","COVERAGE.md; runtime-blockers.json","B01; B02"
"C0715","Display","iphone13","749x389","0,-58,749,389","1","Studio visual + pointer/keyboard","retained banks / full-wallet overflow","Edge-state native/visual acceptance","Blocked","COVERAGE.md; runtime-blockers.json","B01"
"C0716","Display","iphone13","749x389","0,-58,749,389","1","Physical touch","retained banks / full-wallet overflow","Edge-state native/visual acceptance","Blocked","COVERAGE.md; runtime-blockers.json","B01; B02"
"C0717","Display","iphone13","749x389","0,-58,749,389","1","Gamepad","retained banks / full-wallet overflow","Edge-state native/visual acceptance","Blocked","COVERAGE.md; runtime-blockers.json","B01; B02"
"C0718","Display","iphone16max","831x439","0,-58,831,439","1","Studio visual + pointer/keyboard","retained banks / full-wallet overflow","Edge-state native/visual acceptance","Blocked","COVERAGE.md; runtime-blockers.json","B01"
"C0719","Display","iphone16max","831x439","0,-58,831,439","1","Physical touch","retained banks / full-wallet overflow","Edge-state native/visual acceptance","Blocked","COVERAGE.md; runtime-blockers.json","B01; B02"
"C0720","Display","iphone16max","831x439","0,-58,831,439","1","Gamepad","retained banks / full-wallet overflow","Edge-state native/visual acceptance","Blocked","COVERAGE.md; runtime-blockers.json","B01; B02"
"C0721","Display","smalltablet","959x599","0,-58,959,599","1","Studio visual + pointer/keyboard","retained banks / full-wallet overflow","Edge-state native/visual acceptance","Blocked","COVERAGE.md; runtime-blockers.json","B01"
"C0722","Display","smalltablet","959x599","0,-58,959,599","1","Physical touch","retained banks / full-wallet overflow","Edge-state native/visual acceptance","Blocked","COVERAGE.md; runtime-blockers.json","B01; B02"
"C0723","Display","smalltablet","959x599","0,-58,959,599","1","Gamepad","retained banks / full-wallet overflow","Edge-state native/visual acceptance","Blocked","COVERAGE.md; runtime-blockers.json","B01; B02"
"C0724","Display","ipad4x3","1023x768","0,-58,1023,768","1","Studio visual + pointer/keyboard","retained banks / full-wallet overflow","Edge-state native/visual acceptance","Blocked","COVERAGE.md; runtime-blockers.json","B01"
"C0725","Display","ipad4x3","1023x768","0,-58,1023,768","1","Physical touch","retained banks / full-wallet overflow","Edge-state native/visual acceptance","Blocked","COVERAGE.md; runtime-blockers.json","B01; B02"
"C0726","Display","ipad4x3","1023x768","0,-58,1023,768","1","Gamepad","retained banks / full-wallet overflow","Edge-state native/visual acceptance","Blocked","COVERAGE.md; runtime-blockers.json","B01; B02"
"C0727","Display","largetablet","1375x1032","0,-58,1375,1032","1.07421875","Studio visual + pointer/keyboard","retained banks / full-wallet overflow","Edge-state native/visual acceptance","Blocked","COVERAGE.md; runtime-blockers.json","B01"
"C0728","Display","largetablet","1375x1032","0,-58,1375,1032","1.07421875","Physical touch","retained banks / full-wallet overflow","Edge-state native/visual acceptance","Blocked","COVERAGE.md; runtime-blockers.json","B01; B02"
"C0729","Display","largetablet","1375x1032","0,-58,1375,1032","1.07421875","Gamepad","retained banks / full-wallet overflow","Edge-state native/visual acceptance","Blocked","COVERAGE.md; runtime-blockers.json","B01; B02"
"C0730","Display","laptop","1365x768","0,-58,1365,768","1.06640625","Studio visual + pointer/keyboard","retained banks / full-wallet overflow","Edge-state native/visual acceptance","Blocked","COVERAGE.md; runtime-blockers.json","B01"
"C0731","Display","laptop","1365x768","0,-58,1365,768","1.06640625","Physical touch","retained banks / full-wallet overflow","Edge-state native/visual acceptance","Blocked","COVERAGE.md; runtime-blockers.json","B01; B02"
"C0732","Display","laptop","1365x768","0,-58,1365,768","1.06640625","Gamepad","retained banks / full-wallet overflow","Edge-state native/visual acceptance","Blocked","COVERAGE.md; runtime-blockers.json","B01; B02"
"C0733","Display","hd720","1279x720","0,-58,1279,720","1","Studio visual + pointer/keyboard","retained banks / full-wallet overflow","Edge-state native/visual acceptance","Blocked","COVERAGE.md; runtime-blockers.json","B01"
"C0734","Display","hd720","1279x720","0,-58,1279,720","1","Physical touch","retained banks / full-wallet overflow","Edge-state native/visual acceptance","Blocked","COVERAGE.md; runtime-blockers.json","B01; B02"
"C0735","Display","hd720","1279x720","0,-58,1279,720","1","Gamepad","retained banks / full-wallet overflow","Edge-state native/visual acceptance","Blocked","COVERAGE.md; runtime-blockers.json","B01; B02"
"C0736","Display","desktop","1919x1079","0,-58,1919,1079","1.4986110925674438","Studio visual + pointer/keyboard","retained banks / full-wallet overflow","Edge-state native/visual acceptance","Blocked","COVERAGE.md; runtime-blockers.json","B01"
"C0737","Display","desktop","1919x1079","0,-58,1919,1079","1.4986110925674438","Physical touch","retained banks / full-wallet overflow","Edge-state native/visual acceptance","Blocked","COVERAGE.md; runtime-blockers.json","B01; B02"
"C0738","Display","desktop","1919x1079","0,-58,1919,1079","1.4986110925674438","Gamepad","retained banks / full-wallet overflow","Edge-state native/visual acceptance","Blocked","COVERAGE.md; runtime-blockers.json","B01; B02"
"C0739","Display","hires","2560x1440","0,-58,2560,1440","2","Studio visual + pointer/keyboard","retained banks / full-wallet overflow","Edge-state native/visual acceptance","Blocked","COVERAGE.md; runtime-blockers.json","B01"
"C0740","Display","hires","2560x1440","0,-58,2560,1440","2","Physical touch","retained banks / full-wallet overflow","Edge-state native/visual acceptance","Blocked","COVERAGE.md; runtime-blockers.json","B01; B02"
"C0741","Display","hires","2560x1440","0,-58,2560,1440","2","Gamepad","retained banks / full-wallet overflow","Edge-state native/visual acceptance","Blocked","COVERAGE.md; runtime-blockers.json","B01; B02"
"C0742","Display","ultrawide","3440x1440","0,-58,3440,1440","2","Studio visual + pointer/keyboard","retained banks / full-wallet overflow","Edge-state native/visual acceptance","Blocked","COVERAGE.md; runtime-blockers.json","B01"
"C0743","Display","ultrawide","3440x1440","0,-58,3440,1440","2","Physical touch","retained banks / full-wallet overflow","Edge-state native/visual acceptance","Blocked","COVERAGE.md; runtime-blockers.json","B01; B02"
"C0744","Display","ultrawide","3440x1440","0,-58,3440,1440","2","Gamepad","retained banks / full-wallet overflow","Edge-state native/visual acceptance","Blocked","COVERAGE.md; runtime-blockers.json","B01; B02"
"C0745","Shelves","iphone7","666x374","0,-58,666,374","1","Studio visual + pointer/keyboard","all nine spots full","Edge-state native/visual acceptance","Blocked","COVERAGE.md; runtime-blockers.json","B01"
"C0746","Shelves","iphone7","666x374","0,-58,666,374","1","Physical touch","all nine spots full","Edge-state native/visual acceptance","Blocked","COVERAGE.md; runtime-blockers.json","B01; B02"
"C0747","Shelves","iphone7","666x374","0,-58,666,374","1","Gamepad","all nine spots full","Edge-state native/visual acceptance","Blocked","COVERAGE.md; runtime-blockers.json","B01; B02"
"C0748","Shelves","a06","705x338","0,-58,705,338","1","Studio visual + pointer/keyboard","all nine spots full","Edge-state native/visual acceptance","Blocked","COVERAGE.md; runtime-blockers.json","B01"
"C0749","Shelves","a06","705x338","0,-58,705,338","1","Physical touch","all nine spots full","Edge-state native/visual acceptance","Blocked","COVERAGE.md; runtime-blockers.json","B01; B02"
"C0750","Shelves","a06","705x338","0,-58,705,338","1","Gamepad","all nine spots full","Edge-state native/visual acceptance","Blocked","COVERAGE.md; runtime-blockers.json","B01; B02"
"C0751","Shelves","iphone13","749x389","0,-58,749,389","1","Studio visual + pointer/keyboard","all nine spots full","Edge-state native/visual acceptance","Blocked","COVERAGE.md; runtime-blockers.json","B01"
"C0752","Shelves","iphone13","749x389","0,-58,749,389","1","Physical touch","all nine spots full","Edge-state native/visual acceptance","Blocked","COVERAGE.md; runtime-blockers.json","B01; B02"
"C0753","Shelves","iphone13","749x389","0,-58,749,389","1","Gamepad","all nine spots full","Edge-state native/visual acceptance","Blocked","COVERAGE.md; runtime-blockers.json","B01; B02"
"C0754","Shelves","iphone16max","831x439","0,-58,831,439","1","Studio visual + pointer/keyboard","all nine spots full","Edge-state native/visual acceptance","Blocked","COVERAGE.md; runtime-blockers.json","B01"
"C0755","Shelves","iphone16max","831x439","0,-58,831,439","1","Physical touch","all nine spots full","Edge-state native/visual acceptance","Blocked","COVERAGE.md; runtime-blockers.json","B01; B02"
"C0756","Shelves","iphone16max","831x439","0,-58,831,439","1","Gamepad","all nine spots full","Edge-state native/visual acceptance","Blocked","COVERAGE.md; runtime-blockers.json","B01; B02"
"C0757","Shelves","smalltablet","959x599","0,-58,959,599","1","Studio visual + pointer/keyboard","all nine spots full","Edge-state native/visual acceptance","Blocked","COVERAGE.md; runtime-blockers.json","B01"
"C0758","Shelves","smalltablet","959x599","0,-58,959,599","1","Physical touch","all nine spots full","Edge-state native/visual acceptance","Blocked","COVERAGE.md; runtime-blockers.json","B01; B02"
"C0759","Shelves","smalltablet","959x599","0,-58,959,599","1","Gamepad","all nine spots full","Edge-state native/visual acceptance","Blocked","COVERAGE.md; runtime-blockers.json","B01; B02"
"C0760","Shelves","ipad4x3","1023x768","0,-58,1023,768","1","Studio visual + pointer/keyboard","all nine spots full","Edge-state native/visual acceptance","Blocked","COVERAGE.md; runtime-blockers.json","B01"
"C0761","Shelves","ipad4x3","1023x768","0,-58,1023,768","1","Physical touch","all nine spots full","Edge-state native/visual acceptance","Blocked","COVERAGE.md; runtime-blockers.json","B01; B02"
"C0762","Shelves","ipad4x3","1023x768","0,-58,1023,768","1","Gamepad","all nine spots full","Edge-state native/visual acceptance","Blocked","COVERAGE.md; runtime-blockers.json","B01; B02"
"C0763","Shelves","largetablet","1375x1032","0,-58,1375,1032","1.07421875","Studio visual + pointer/keyboard","all nine spots full","Edge-state native/visual acceptance","Blocked","COVERAGE.md; runtime-blockers.json","B01"
"C0764","Shelves","largetablet","1375x1032","0,-58,1375,1032","1.07421875","Physical touch","all nine spots full","Edge-state native/visual acceptance","Blocked","COVERAGE.md; runtime-blockers.json","B01; B02"
"C0765","Shelves","largetablet","1375x1032","0,-58,1375,1032","1.07421875","Gamepad","all nine spots full","Edge-state native/visual acceptance","Blocked","COVERAGE.md; runtime-blockers.json","B01; B02"
"C0766","Shelves","laptop","1365x768","0,-58,1365,768","1.06640625","Studio visual + pointer/keyboard","all nine spots full","Edge-state native/visual acceptance","Blocked","COVERAGE.md; runtime-blockers.json","B01"
"C0767","Shelves","laptop","1365x768","0,-58,1365,768","1.06640625","Physical touch","all nine spots full","Edge-state native/visual acceptance","Blocked","COVERAGE.md; runtime-blockers.json","B01; B02"
"C0768","Shelves","laptop","1365x768","0,-58,1365,768","1.06640625","Gamepad","all nine spots full","Edge-state native/visual acceptance","Blocked","COVERAGE.md; runtime-blockers.json","B01; B02"
"C0769","Shelves","hd720","1279x720","0,-58,1279,720","1","Studio visual + pointer/keyboard","all nine spots full","Edge-state native/visual acceptance","Blocked","COVERAGE.md; runtime-blockers.json","B01"
"C0770","Shelves","hd720","1279x720","0,-58,1279,720","1","Physical touch","all nine spots full","Edge-state native/visual acceptance","Blocked","COVERAGE.md; runtime-blockers.json","B01; B02"
"C0771","Shelves","hd720","1279x720","0,-58,1279,720","1","Gamepad","all nine spots full","Edge-state native/visual acceptance","Blocked","COVERAGE.md; runtime-blockers.json","B01; B02"
"C0772","Shelves","desktop","1919x1079","0,-58,1919,1079","1.4986110925674438","Studio visual + pointer/keyboard","all nine spots full","Edge-state native/visual acceptance","Blocked","COVERAGE.md; runtime-blockers.json","B01"
"C0773","Shelves","desktop","1919x1079","0,-58,1919,1079","1.4986110925674438","Physical touch","all nine spots full","Edge-state native/visual acceptance","Blocked","COVERAGE.md; runtime-blockers.json","B01; B02"
"C0774","Shelves","desktop","1919x1079","0,-58,1919,1079","1.4986110925674438","Gamepad","all nine spots full","Edge-state native/visual acceptance","Blocked","COVERAGE.md; runtime-blockers.json","B01; B02"
"C0775","Shelves","hires","2560x1440","0,-58,2560,1440","2","Studio visual + pointer/keyboard","all nine spots full","Edge-state native/visual acceptance","Blocked","COVERAGE.md; runtime-blockers.json","B01"
"C0776","Shelves","hires","2560x1440","0,-58,2560,1440","2","Physical touch","all nine spots full","Edge-state native/visual acceptance","Blocked","COVERAGE.md; runtime-blockers.json","B01; B02"
"C0777","Shelves","hires","2560x1440","0,-58,2560,1440","2","Gamepad","all nine spots full","Edge-state native/visual acceptance","Blocked","COVERAGE.md; runtime-blockers.json","B01; B02"
"C0778","Shelves","ultrawide","3440x1440","0,-58,3440,1440","2","Studio visual + pointer/keyboard","all nine spots full","Edge-state native/visual acceptance","Blocked","COVERAGE.md; runtime-blockers.json","B01"
"C0779","Shelves","ultrawide","3440x1440","0,-58,3440,1440","2","Physical touch","all nine spots full","Edge-state native/visual acceptance","Blocked","COVERAGE.md; runtime-blockers.json","B01; B02"
"C0780","Shelves","ultrawide","3440x1440","0,-58,3440,1440","2","Gamepad","all nine spots full","Edge-state native/visual acceptance","Blocked","COVERAGE.md; runtime-blockers.json","B01; B02"
"C0781","Shelves","iphone7","666x374","0,-58,666,374","1","Studio visual + pointer/keyboard","exhausted copies and clear","Edge-state native/visual acceptance","Blocked","COVERAGE.md; runtime-blockers.json","B01"
"C0782","Shelves","iphone7","666x374","0,-58,666,374","1","Physical touch","exhausted copies and clear","Edge-state native/visual acceptance","Blocked","COVERAGE.md; runtime-blockers.json","B01; B02"
"C0783","Shelves","iphone7","666x374","0,-58,666,374","1","Gamepad","exhausted copies and clear","Edge-state native/visual acceptance","Blocked","COVERAGE.md; runtime-blockers.json","B01; B02"
"C0784","Shelves","a06","705x338","0,-58,705,338","1","Studio visual + pointer/keyboard","exhausted copies and clear","Edge-state native/visual acceptance","Blocked","COVERAGE.md; runtime-blockers.json","B01"
"C0785","Shelves","a06","705x338","0,-58,705,338","1","Physical touch","exhausted copies and clear","Edge-state native/visual acceptance","Blocked","COVERAGE.md; runtime-blockers.json","B01; B02"
"C0786","Shelves","a06","705x338","0,-58,705,338","1","Gamepad","exhausted copies and clear","Edge-state native/visual acceptance","Blocked","COVERAGE.md; runtime-blockers.json","B01; B02"
"C0787","Shelves","iphone13","749x389","0,-58,749,389","1","Studio visual + pointer/keyboard","exhausted copies and clear","Edge-state native/visual acceptance","Blocked","COVERAGE.md; runtime-blockers.json","B01"
"C0788","Shelves","iphone13","749x389","0,-58,749,389","1","Physical touch","exhausted copies and clear","Edge-state native/visual acceptance","Blocked","COVERAGE.md; runtime-blockers.json","B01; B02"
"C0789","Shelves","iphone13","749x389","0,-58,749,389","1","Gamepad","exhausted copies and clear","Edge-state native/visual acceptance","Blocked","COVERAGE.md; runtime-blockers.json","B01; B02"
"C0790","Shelves","iphone16max","831x439","0,-58,831,439","1","Studio visual + pointer/keyboard","exhausted copies and clear","Edge-state native/visual acceptance","Blocked","COVERAGE.md; runtime-blockers.json","B01"
"C0791","Shelves","iphone16max","831x439","0,-58,831,439","1","Physical touch","exhausted copies and clear","Edge-state native/visual acceptance","Blocked","COVERAGE.md; runtime-blockers.json","B01; B02"
"C0792","Shelves","iphone16max","831x439","0,-58,831,439","1","Gamepad","exhausted copies and clear","Edge-state native/visual acceptance","Blocked","COVERAGE.md; runtime-blockers.json","B01; B02"
"C0793","Shelves","smalltablet","959x599","0,-58,959,599","1","Studio visual + pointer/keyboard","exhausted copies and clear","Edge-state native/visual acceptance","Blocked","COVERAGE.md; runtime-blockers.json","B01"
"C0794","Shelves","smalltablet","959x599","0,-58,959,599","1","Physical touch","exhausted copies and clear","Edge-state native/visual acceptance","Blocked","COVERAGE.md; runtime-blockers.json","B01; B02"
"C0795","Shelves","smalltablet","959x599","0,-58,959,599","1","Gamepad","exhausted copies and clear","Edge-state native/visual acceptance","Blocked","COVERAGE.md; runtime-blockers.json","B01; B02"
"C0796","Shelves","ipad4x3","1023x768","0,-58,1023,768","1","Studio visual + pointer/keyboard","exhausted copies and clear","Edge-state native/visual acceptance","Blocked","COVERAGE.md; runtime-blockers.json","B01"
"C0797","Shelves","ipad4x3","1023x768","0,-58,1023,768","1","Physical touch","exhausted copies and clear","Edge-state native/visual acceptance","Blocked","COVERAGE.md; runtime-blockers.json","B01; B02"
"C0798","Shelves","ipad4x3","1023x768","0,-58,1023,768","1","Gamepad","exhausted copies and clear","Edge-state native/visual acceptance","Blocked","COVERAGE.md; runtime-blockers.json","B01; B02"
"C0799","Shelves","largetablet","1375x1032","0,-58,1375,1032","1.07421875","Studio visual + pointer/keyboard","exhausted copies and clear","Edge-state native/visual acceptance","Blocked","COVERAGE.md; runtime-blockers.json","B01"
"C0800","Shelves","largetablet","1375x1032","0,-58,1375,1032","1.07421875","Physical touch","exhausted copies and clear","Edge-state native/visual acceptance","Blocked","COVERAGE.md; runtime-blockers.json","B01; B02"
"C0801","Shelves","largetablet","1375x1032","0,-58,1375,1032","1.07421875","Gamepad","exhausted copies and clear","Edge-state native/visual acceptance","Blocked","COVERAGE.md; runtime-blockers.json","B01; B02"
"C0802","Shelves","laptop","1365x768","0,-58,1365,768","1.06640625","Studio visual + pointer/keyboard","exhausted copies and clear","Edge-state native/visual acceptance","Blocked","COVERAGE.md; runtime-blockers.json","B01"
"C0803","Shelves","laptop","1365x768","0,-58,1365,768","1.06640625","Physical touch","exhausted copies and clear","Edge-state native/visual acceptance","Blocked","COVERAGE.md; runtime-blockers.json","B01; B02"
"C0804","Shelves","laptop","1365x768","0,-58,1365,768","1.06640625","Gamepad","exhausted copies and clear","Edge-state native/visual acceptance","Blocked","COVERAGE.md; runtime-blockers.json","B01; B02"
"C0805","Shelves","hd720","1279x720","0,-58,1279,720","1","Studio visual + pointer/keyboard","exhausted copies and clear","Edge-state native/visual acceptance","Blocked","COVERAGE.md; runtime-blockers.json","B01"
"C0806","Shelves","hd720","1279x720","0,-58,1279,720","1","Physical touch","exhausted copies and clear","Edge-state native/visual acceptance","Blocked","COVERAGE.md; runtime-blockers.json","B01; B02"
"C0807","Shelves","hd720","1279x720","0,-58,1279,720","1","Gamepad","exhausted copies and clear","Edge-state native/visual acceptance","Blocked","COVERAGE.md; runtime-blockers.json","B01; B02"
"C0808","Shelves","desktop","1919x1079","0,-58,1919,1079","1.4986110925674438","Studio visual + pointer/keyboard","exhausted copies and clear","Edge-state native/visual acceptance","Blocked","COVERAGE.md; runtime-blockers.json","B01"
"C0809","Shelves","desktop","1919x1079","0,-58,1919,1079","1.4986110925674438","Physical touch","exhausted copies and clear","Edge-state native/visual acceptance","Blocked","COVERAGE.md; runtime-blockers.json","B01; B02"
"C0810","Shelves","desktop","1919x1079","0,-58,1919,1079","1.4986110925674438","Gamepad","exhausted copies and clear","Edge-state native/visual acceptance","Blocked","COVERAGE.md; runtime-blockers.json","B01; B02"
"C0811","Shelves","hires","2560x1440","0,-58,2560,1440","2","Studio visual + pointer/keyboard","exhausted copies and clear","Edge-state native/visual acceptance","Blocked","COVERAGE.md; runtime-blockers.json","B01"
"C0812","Shelves","hires","2560x1440","0,-58,2560,1440","2","Physical touch","exhausted copies and clear","Edge-state native/visual acceptance","Blocked","COVERAGE.md; runtime-blockers.json","B01; B02"
"C0813","Shelves","hires","2560x1440","0,-58,2560,1440","2","Gamepad","exhausted copies and clear","Edge-state native/visual acceptance","Blocked","COVERAGE.md; runtime-blockers.json","B01; B02"
"C0814","Shelves","ultrawide","3440x1440","0,-58,3440,1440","2","Studio visual + pointer/keyboard","exhausted copies and clear","Edge-state native/visual acceptance","Blocked","COVERAGE.md; runtime-blockers.json","B01"
"C0815","Shelves","ultrawide","3440x1440","0,-58,3440,1440","2","Physical touch","exhausted copies and clear","Edge-state native/visual acceptance","Blocked","COVERAGE.md; runtime-blockers.json","B01; B02"
"C0816","Shelves","ultrawide","3440x1440","0,-58,3440,1440","2","Gamepad","exhausted copies and clear","Edge-state native/visual acceptance","Blocked","COVERAGE.md; runtime-blockers.json","B01; B02"
"C0817","Shelves","iphone7","666x374","0,-58,666,374","1","Studio visual + pointer/keyboard","native carousel / max purchase / pending editor","Edge-state native/visual acceptance","Blocked","COVERAGE.md; runtime-blockers.json","B01"
"C0818","Shelves","iphone7","666x374","0,-58,666,374","1","Physical touch","native carousel / max purchase / pending editor","Edge-state native/visual acceptance","Blocked","COVERAGE.md; runtime-blockers.json","B01; B02"
"C0819","Shelves","iphone7","666x374","0,-58,666,374","1","Gamepad","native carousel / max purchase / pending editor","Edge-state native/visual acceptance","Blocked","COVERAGE.md; runtime-blockers.json","B01; B02"
"C0820","Shelves","a06","705x338","0,-58,705,338","1","Studio visual + pointer/keyboard","native carousel / max purchase / pending editor","Edge-state native/visual acceptance","Blocked","COVERAGE.md; runtime-blockers.json","B01"
"C0821","Shelves","a06","705x338","0,-58,705,338","1","Physical touch","native carousel / max purchase / pending editor","Edge-state native/visual acceptance","Blocked","COVERAGE.md; runtime-blockers.json","B01; B02"
"C0822","Shelves","a06","705x338","0,-58,705,338","1","Gamepad","native carousel / max purchase / pending editor","Edge-state native/visual acceptance","Blocked","COVERAGE.md; runtime-blockers.json","B01; B02"
"C0823","Shelves","iphone13","749x389","0,-58,749,389","1","Studio visual + pointer/keyboard","native carousel / max purchase / pending editor","Edge-state native/visual acceptance","Blocked","COVERAGE.md; runtime-blockers.json","B01"
"C0824","Shelves","iphone13","749x389","0,-58,749,389","1","Physical touch","native carousel / max purchase / pending editor","Edge-state native/visual acceptance","Blocked","COVERAGE.md; runtime-blockers.json","B01; B02"
"C0825","Shelves","iphone13","749x389","0,-58,749,389","1","Gamepad","native carousel / max purchase / pending editor","Edge-state native/visual acceptance","Blocked","COVERAGE.md; runtime-blockers.json","B01; B02"
"C0826","Shelves","iphone16max","831x439","0,-58,831,439","1","Studio visual + pointer/keyboard","native carousel / max purchase / pending editor","Edge-state native/visual acceptance","Blocked","COVERAGE.md; runtime-blockers.json","B01"
"C0827","Shelves","iphone16max","831x439","0,-58,831,439","1","Physical touch","native carousel / max purchase / pending editor","Edge-state native/visual acceptance","Blocked","COVERAGE.md; runtime-blockers.json","B01; B02"
"C0828","Shelves","iphone16max","831x439","0,-58,831,439","1","Gamepad","native carousel / max purchase / pending editor","Edge-state native/visual acceptance","Blocked","COVERAGE.md; runtime-blockers.json","B01; B02"
"C0829","Shelves","smalltablet","959x599","0,-58,959,599","1","Studio visual + pointer/keyboard","native carousel / max purchase / pending editor","Edge-state native/visual acceptance","Blocked","COVERAGE.md; runtime-blockers.json","B01"
"C0830","Shelves","smalltablet","959x599","0,-58,959,599","1","Physical touch","native carousel / max purchase / pending editor","Edge-state native/visual acceptance","Blocked","COVERAGE.md; runtime-blockers.json","B01; B02"
"C0831","Shelves","smalltablet","959x599","0,-58,959,599","1","Gamepad","native carousel / max purchase / pending editor","Edge-state native/visual acceptance","Blocked","COVERAGE.md; runtime-blockers.json","B01; B02"
"C0832","Shelves","ipad4x3","1023x768","0,-58,1023,768","1","Studio visual + pointer/keyboard","native carousel / max purchase / pending editor","Edge-state native/visual acceptance","Blocked","COVERAGE.md; runtime-blockers.json","B01"
"C0833","Shelves","ipad4x3","1023x768","0,-58,1023,768","1","Physical touch","native carousel / max purchase / pending editor","Edge-state native/visual acceptance","Blocked","COVERAGE.md; runtime-blockers.json","B01; B02"
"C0834","Shelves","ipad4x3","1023x768","0,-58,1023,768","1","Gamepad","native carousel / max purchase / pending editor","Edge-state native/visual acceptance","Blocked","COVERAGE.md; runtime-blockers.json","B01; B02"
"C0835","Shelves","largetablet","1375x1032","0,-58,1375,1032","1.07421875","Studio visual + pointer/keyboard","native carousel / max purchase / pending editor","Edge-state native/visual acceptance","Blocked","COVERAGE.md; runtime-blockers.json","B01"
"C0836","Shelves","largetablet","1375x1032","0,-58,1375,1032","1.07421875","Physical touch","native carousel / max purchase / pending editor","Edge-state native/visual acceptance","Blocked","COVERAGE.md; runtime-blockers.json","B01; B02"
"C0837","Shelves","largetablet","1375x1032","0,-58,1375,1032","1.07421875","Gamepad","native carousel / max purchase / pending editor","Edge-state native/visual acceptance","Blocked","COVERAGE.md; runtime-blockers.json","B01; B02"
"C0838","Shelves","laptop","1365x768","0,-58,1365,768","1.06640625","Studio visual + pointer/keyboard","native carousel / max purchase / pending editor","Edge-state native/visual acceptance","Blocked","COVERAGE.md; runtime-blockers.json","B01"
"C0839","Shelves","laptop","1365x768","0,-58,1365,768","1.06640625","Physical touch","native carousel / max purchase / pending editor","Edge-state native/visual acceptance","Blocked","COVERAGE.md; runtime-blockers.json","B01; B02"
"C0840","Shelves","laptop","1365x768","0,-58,1365,768","1.06640625","Gamepad","native carousel / max purchase / pending editor","Edge-state native/visual acceptance","Blocked","COVERAGE.md; runtime-blockers.json","B01; B02"
"C0841","Shelves","hd720","1279x720","0,-58,1279,720","1","Studio visual + pointer/keyboard","native carousel / max purchase / pending editor","Edge-state native/visual acceptance","Blocked","COVERAGE.md; runtime-blockers.json","B01"
"C0842","Shelves","hd720","1279x720","0,-58,1279,720","1","Physical touch","native carousel / max purchase / pending editor","Edge-state native/visual acceptance","Blocked","COVERAGE.md; runtime-blockers.json","B01; B02"
"C0843","Shelves","hd720","1279x720","0,-58,1279,720","1","Gamepad","native carousel / max purchase / pending editor","Edge-state native/visual acceptance","Blocked","COVERAGE.md; runtime-blockers.json","B01; B02"
"C0844","Shelves","desktop","1919x1079","0,-58,1919,1079","1.4986110925674438","Studio visual + pointer/keyboard","native carousel / max purchase / pending editor","Edge-state native/visual acceptance","Blocked","COVERAGE.md; runtime-blockers.json","B01"
"C0845","Shelves","desktop","1919x1079","0,-58,1919,1079","1.4986110925674438","Physical touch","native carousel / max purchase / pending editor","Edge-state native/visual acceptance","Blocked","COVERAGE.md; runtime-blockers.json","B01; B02"
"C0846","Shelves","desktop","1919x1079","0,-58,1919,1079","1.4986110925674438","Gamepad","native carousel / max purchase / pending editor","Edge-state native/visual acceptance","Blocked","COVERAGE.md; runtime-blockers.json","B01; B02"
"C0847","Shelves","hires","2560x1440","0,-58,2560,1440","2","Studio visual + pointer/keyboard","native carousel / max purchase / pending editor","Edge-state native/visual acceptance","Blocked","COVERAGE.md; runtime-blockers.json","B01"
"C0848","Shelves","hires","2560x1440","0,-58,2560,1440","2","Physical touch","native carousel / max purchase / pending editor","Edge-state native/visual acceptance","Blocked","COVERAGE.md; runtime-blockers.json","B01; B02"
"C0849","Shelves","hires","2560x1440","0,-58,2560,1440","2","Gamepad","native carousel / max purchase / pending editor","Edge-state native/visual acceptance","Blocked","COVERAGE.md; runtime-blockers.json","B01; B02"
"C0850","Shelves","ultrawide","3440x1440","0,-58,3440,1440","2","Studio visual + pointer/keyboard","native carousel / max purchase / pending editor","Edge-state native/visual acceptance","Blocked","COVERAGE.md; runtime-blockers.json","B01"
"C0851","Shelves","ultrawide","3440x1440","0,-58,3440,1440","2","Physical touch","native carousel / max purchase / pending editor","Edge-state native/visual acceptance","Blocked","COVERAGE.md; runtime-blockers.json","B01; B02"
"C0852","Shelves","ultrawide","3440x1440","0,-58,3440,1440","2","Gamepad","native carousel / max purchase / pending editor","Edge-state native/visual acceptance","Blocked","COVERAGE.md; runtime-blockers.json","B01; B02"
"C0853","Shop","iphone7","666x374","0,-58,666,374","1","Studio visual + pointer/keyboard","all collections selected","Edge-state native/visual acceptance","Blocked","COVERAGE.md; runtime-blockers.json","B01"
"C0854","Shop","iphone7","666x374","0,-58,666,374","1","Physical touch","all collections selected","Edge-state native/visual acceptance","Blocked","COVERAGE.md; runtime-blockers.json","B01; B02"
"C0855","Shop","iphone7","666x374","0,-58,666,374","1","Gamepad","all collections selected","Edge-state native/visual acceptance","Blocked","COVERAGE.md; runtime-blockers.json","B01; B02"
"C0856","Shop","a06","705x338","0,-58,705,338","1","Studio visual + pointer/keyboard","all collections selected","Edge-state native/visual acceptance","Blocked","COVERAGE.md; runtime-blockers.json","B01"
"C0857","Shop","a06","705x338","0,-58,705,338","1","Physical touch","all collections selected","Edge-state native/visual acceptance","Blocked","COVERAGE.md; runtime-blockers.json","B01; B02"
"C0858","Shop","a06","705x338","0,-58,705,338","1","Gamepad","all collections selected","Edge-state native/visual acceptance","Blocked","COVERAGE.md; runtime-blockers.json","B01; B02"
"C0859","Shop","iphone13","749x389","0,-58,749,389","1","Studio visual + pointer/keyboard","all collections selected","Edge-state native/visual acceptance","Blocked","COVERAGE.md; runtime-blockers.json","B01"
"C0860","Shop","iphone13","749x389","0,-58,749,389","1","Physical touch","all collections selected","Edge-state native/visual acceptance","Blocked","COVERAGE.md; runtime-blockers.json","B01; B02"
"C0861","Shop","iphone13","749x389","0,-58,749,389","1","Gamepad","all collections selected","Edge-state native/visual acceptance","Blocked","COVERAGE.md; runtime-blockers.json","B01; B02"
"C0862","Shop","iphone16max","831x439","0,-58,831,439","1","Studio visual + pointer/keyboard","all collections selected","Edge-state native/visual acceptance","Blocked","COVERAGE.md; runtime-blockers.json","B01"
"C0863","Shop","iphone16max","831x439","0,-58,831,439","1","Physical touch","all collections selected","Edge-state native/visual acceptance","Blocked","COVERAGE.md; runtime-blockers.json","B01; B02"
"C0864","Shop","iphone16max","831x439","0,-58,831,439","1","Gamepad","all collections selected","Edge-state native/visual acceptance","Blocked","COVERAGE.md; runtime-blockers.json","B01; B02"
"C0865","Shop","smalltablet","959x599","0,-58,959,599","1","Studio visual + pointer/keyboard","all collections selected","Edge-state native/visual acceptance","Blocked","COVERAGE.md; runtime-blockers.json","B01"
"C0866","Shop","smalltablet","959x599","0,-58,959,599","1","Physical touch","all collections selected","Edge-state native/visual acceptance","Blocked","COVERAGE.md; runtime-blockers.json","B01; B02"
"C0867","Shop","smalltablet","959x599","0,-58,959,599","1","Gamepad","all collections selected","Edge-state native/visual acceptance","Blocked","COVERAGE.md; runtime-blockers.json","B01; B02"
"C0868","Shop","ipad4x3","1023x768","0,-58,1023,768","1","Studio visual + pointer/keyboard","all collections selected","Edge-state native/visual acceptance","Blocked","COVERAGE.md; runtime-blockers.json","B01"
"C0869","Shop","ipad4x3","1023x768","0,-58,1023,768","1","Physical touch","all collections selected","Edge-state native/visual acceptance","Blocked","COVERAGE.md; runtime-blockers.json","B01; B02"
"C0870","Shop","ipad4x3","1023x768","0,-58,1023,768","1","Gamepad","all collections selected","Edge-state native/visual acceptance","Blocked","COVERAGE.md; runtime-blockers.json","B01; B02"
"C0871","Shop","largetablet","1375x1032","0,-58,1375,1032","1.07421875","Studio visual + pointer/keyboard","all collections selected","Edge-state native/visual acceptance","Blocked","COVERAGE.md; runtime-blockers.json","B01"
"C0872","Shop","largetablet","1375x1032","0,-58,1375,1032","1.07421875","Physical touch","all collections selected","Edge-state native/visual acceptance","Blocked","COVERAGE.md; runtime-blockers.json","B01; B02"
"C0873","Shop","largetablet","1375x1032","0,-58,1375,1032","1.07421875","Gamepad","all collections selected","Edge-state native/visual acceptance","Blocked","COVERAGE.md; runtime-blockers.json","B01; B02"
"C0874","Shop","laptop","1365x768","0,-58,1365,768","1.06640625","Studio visual + pointer/keyboard","all collections selected","Edge-state native/visual acceptance","Blocked","COVERAGE.md; runtime-blockers.json","B01"
"C0875","Shop","laptop","1365x768","0,-58,1365,768","1.06640625","Physical touch","all collections selected","Edge-state native/visual acceptance","Blocked","COVERAGE.md; runtime-blockers.json","B01; B02"
"C0876","Shop","laptop","1365x768","0,-58,1365,768","1.06640625","Gamepad","all collections selected","Edge-state native/visual acceptance","Blocked","COVERAGE.md; runtime-blockers.json","B01; B02"
"C0877","Shop","hd720","1279x720","0,-58,1279,720","1","Studio visual + pointer/keyboard","all collections selected","Edge-state native/visual acceptance","Blocked","COVERAGE.md; runtime-blockers.json","B01"
"C0878","Shop","hd720","1279x720","0,-58,1279,720","1","Physical touch","all collections selected","Edge-state native/visual acceptance","Blocked","COVERAGE.md; runtime-blockers.json","B01; B02"
"C0879","Shop","hd720","1279x720","0,-58,1279,720","1","Gamepad","all collections selected","Edge-state native/visual acceptance","Blocked","COVERAGE.md; runtime-blockers.json","B01; B02"
"C0880","Shop","desktop","1919x1079","0,-58,1919,1079","1.4986110925674438","Studio visual + pointer/keyboard","all collections selected","Edge-state native/visual acceptance","Blocked","COVERAGE.md; runtime-blockers.json","B01"
"C0881","Shop","desktop","1919x1079","0,-58,1919,1079","1.4986110925674438","Physical touch","all collections selected","Edge-state native/visual acceptance","Blocked","COVERAGE.md; runtime-blockers.json","B01; B02"
"C0882","Shop","desktop","1919x1079","0,-58,1919,1079","1.4986110925674438","Gamepad","all collections selected","Edge-state native/visual acceptance","Blocked","COVERAGE.md; runtime-blockers.json","B01; B02"
"C0883","Shop","hires","2560x1440","0,-58,2560,1440","2","Studio visual + pointer/keyboard","all collections selected","Edge-state native/visual acceptance","Blocked","COVERAGE.md; runtime-blockers.json","B01"
"C0884","Shop","hires","2560x1440","0,-58,2560,1440","2","Physical touch","all collections selected","Edge-state native/visual acceptance","Blocked","COVERAGE.md; runtime-blockers.json","B01; B02"
"C0885","Shop","hires","2560x1440","0,-58,2560,1440","2","Gamepad","all collections selected","Edge-state native/visual acceptance","Blocked","COVERAGE.md; runtime-blockers.json","B01; B02"
"C0886","Shop","ultrawide","3440x1440","0,-58,3440,1440","2","Studio visual + pointer/keyboard","all collections selected","Edge-state native/visual acceptance","Blocked","COVERAGE.md; runtime-blockers.json","B01"
"C0887","Shop","ultrawide","3440x1440","0,-58,3440,1440","2","Physical touch","all collections selected","Edge-state native/visual acceptance","Blocked","COVERAGE.md; runtime-blockers.json","B01; B02"
"C0888","Shop","ultrawide","3440x1440","0,-58,3440,1440","2","Gamepad","all collections selected","Edge-state native/visual acceptance","Blocked","COVERAGE.md; runtime-blockers.json","B01; B02"
"C0889","Shop","iphone7","666x374","0,-58,666,374","1","Studio visual + pointer/keyboard","paid Open10 / pending and failure","Edge-state native/visual acceptance","Blocked","COVERAGE.md; runtime-blockers.json","B01"
"C0890","Shop","iphone7","666x374","0,-58,666,374","1","Physical touch","paid Open10 / pending and failure","Edge-state native/visual acceptance","Blocked","COVERAGE.md; runtime-blockers.json","B01; B02"
"C0891","Shop","iphone7","666x374","0,-58,666,374","1","Gamepad","paid Open10 / pending and failure","Edge-state native/visual acceptance","Blocked","COVERAGE.md; runtime-blockers.json","B01; B02"
"C0892","Shop","a06","705x338","0,-58,705,338","1","Studio visual + pointer/keyboard","paid Open10 / pending and failure","Edge-state native/visual acceptance","Blocked","COVERAGE.md; runtime-blockers.json","B01"
"C0893","Shop","a06","705x338","0,-58,705,338","1","Physical touch","paid Open10 / pending and failure","Edge-state native/visual acceptance","Blocked","COVERAGE.md; runtime-blockers.json","B01; B02"
"C0894","Shop","a06","705x338","0,-58,705,338","1","Gamepad","paid Open10 / pending and failure","Edge-state native/visual acceptance","Blocked","COVERAGE.md; runtime-blockers.json","B01; B02"
"C0895","Shop","iphone13","749x389","0,-58,749,389","1","Studio visual + pointer/keyboard","paid Open10 / pending and failure","Edge-state native/visual acceptance","Blocked","COVERAGE.md; runtime-blockers.json","B01"
"C0896","Shop","iphone13","749x389","0,-58,749,389","1","Physical touch","paid Open10 / pending and failure","Edge-state native/visual acceptance","Blocked","COVERAGE.md; runtime-blockers.json","B01; B02"
"C0897","Shop","iphone13","749x389","0,-58,749,389","1","Gamepad","paid Open10 / pending and failure","Edge-state native/visual acceptance","Blocked","COVERAGE.md; runtime-blockers.json","B01; B02"
"C0898","Shop","iphone16max","831x439","0,-58,831,439","1","Studio visual + pointer/keyboard","paid Open10 / pending and failure","Edge-state native/visual acceptance","Blocked","COVERAGE.md; runtime-blockers.json","B01"
"C0899","Shop","iphone16max","831x439","0,-58,831,439","1","Physical touch","paid Open10 / pending and failure","Edge-state native/visual acceptance","Blocked","COVERAGE.md; runtime-blockers.json","B01; B02"
"C0900","Shop","iphone16max","831x439","0,-58,831,439","1","Gamepad","paid Open10 / pending and failure","Edge-state native/visual acceptance","Blocked","COVERAGE.md; runtime-blockers.json","B01; B02"
"C0901","Shop","smalltablet","959x599","0,-58,959,599","1","Studio visual + pointer/keyboard","paid Open10 / pending and failure","Edge-state native/visual acceptance","Blocked","COVERAGE.md; runtime-blockers.json","B01"
"C0902","Shop","smalltablet","959x599","0,-58,959,599","1","Physical touch","paid Open10 / pending and failure","Edge-state native/visual acceptance","Blocked","COVERAGE.md; runtime-blockers.json","B01; B02"
"C0903","Shop","smalltablet","959x599","0,-58,959,599","1","Gamepad","paid Open10 / pending and failure","Edge-state native/visual acceptance","Blocked","COVERAGE.md; runtime-blockers.json","B01; B02"
"C0904","Shop","ipad4x3","1023x768","0,-58,1023,768","1","Studio visual + pointer/keyboard","paid Open10 / pending and failure","Edge-state native/visual acceptance","Blocked","COVERAGE.md; runtime-blockers.json","B01"
"C0905","Shop","ipad4x3","1023x768","0,-58,1023,768","1","Physical touch","paid Open10 / pending and failure","Edge-state native/visual acceptance","Blocked","COVERAGE.md; runtime-blockers.json","B01; B02"
"C0906","Shop","ipad4x3","1023x768","0,-58,1023,768","1","Gamepad","paid Open10 / pending and failure","Edge-state native/visual acceptance","Blocked","COVERAGE.md; runtime-blockers.json","B01; B02"
"C0907","Shop","largetablet","1375x1032","0,-58,1375,1032","1.07421875","Studio visual + pointer/keyboard","paid Open10 / pending and failure","Edge-state native/visual acceptance","Blocked","COVERAGE.md; runtime-blockers.json","B01"
"C0908","Shop","largetablet","1375x1032","0,-58,1375,1032","1.07421875","Physical touch","paid Open10 / pending and failure","Edge-state native/visual acceptance","Blocked","COVERAGE.md; runtime-blockers.json","B01; B02"
"C0909","Shop","largetablet","1375x1032","0,-58,1375,1032","1.07421875","Gamepad","paid Open10 / pending and failure","Edge-state native/visual acceptance","Blocked","COVERAGE.md; runtime-blockers.json","B01; B02"
"C0910","Shop","laptop","1365x768","0,-58,1365,768","1.06640625","Studio visual + pointer/keyboard","paid Open10 / pending and failure","Edge-state native/visual acceptance","Blocked","COVERAGE.md; runtime-blockers.json","B01"
"C0911","Shop","laptop","1365x768","0,-58,1365,768","1.06640625","Physical touch","paid Open10 / pending and failure","Edge-state native/visual acceptance","Blocked","COVERAGE.md; runtime-blockers.json","B01; B02"
"C0912","Shop","laptop","1365x768","0,-58,1365,768","1.06640625","Gamepad","paid Open10 / pending and failure","Edge-state native/visual acceptance","Blocked","COVERAGE.md; runtime-blockers.json","B01; B02"
"C0913","Shop","hd720","1279x720","0,-58,1279,720","1","Studio visual + pointer/keyboard","paid Open10 / pending and failure","Edge-state native/visual acceptance","Blocked","COVERAGE.md; runtime-blockers.json","B01"
"C0914","Shop","hd720","1279x720","0,-58,1279,720","1","Physical touch","paid Open10 / pending and failure","Edge-state native/visual acceptance","Blocked","COVERAGE.md; runtime-blockers.json","B01; B02"
"C0915","Shop","hd720","1279x720","0,-58,1279,720","1","Gamepad","paid Open10 / pending and failure","Edge-state native/visual acceptance","Blocked","COVERAGE.md; runtime-blockers.json","B01; B02"
"C0916","Shop","desktop","1919x1079","0,-58,1919,1079","1.4986110925674438","Studio visual + pointer/keyboard","paid Open10 / pending and failure","Edge-state native/visual acceptance","Blocked","COVERAGE.md; runtime-blockers.json","B01"
"C0917","Shop","desktop","1919x1079","0,-58,1919,1079","1.4986110925674438","Physical touch","paid Open10 / pending and failure","Edge-state native/visual acceptance","Blocked","COVERAGE.md; runtime-blockers.json","B01; B02"
"C0918","Shop","desktop","1919x1079","0,-58,1919,1079","1.4986110925674438","Gamepad","paid Open10 / pending and failure","Edge-state native/visual acceptance","Blocked","COVERAGE.md; runtime-blockers.json","B01; B02"
"C0919","Shop","hires","2560x1440","0,-58,2560,1440","2","Studio visual + pointer/keyboard","paid Open10 / pending and failure","Edge-state native/visual acceptance","Blocked","COVERAGE.md; runtime-blockers.json","B01"
"C0920","Shop","hires","2560x1440","0,-58,2560,1440","2","Physical touch","paid Open10 / pending and failure","Edge-state native/visual acceptance","Blocked","COVERAGE.md; runtime-blockers.json","B01; B02"
"C0921","Shop","hires","2560x1440","0,-58,2560,1440","2","Gamepad","paid Open10 / pending and failure","Edge-state native/visual acceptance","Blocked","COVERAGE.md; runtime-blockers.json","B01; B02"
"C0922","Shop","ultrawide","3440x1440","0,-58,3440,1440","2","Studio visual + pointer/keyboard","paid Open10 / pending and failure","Edge-state native/visual acceptance","Blocked","COVERAGE.md; runtime-blockers.json","B01"
"C0923","Shop","ultrawide","3440x1440","0,-58,3440,1440","2","Physical touch","paid Open10 / pending and failure","Edge-state native/visual acceptance","Blocked","COVERAGE.md; runtime-blockers.json","B01; B02"
"C0924","Shop","ultrawide","3440x1440","0,-58,3440,1440","2","Gamepad","paid Open10 / pending and failure","Edge-state native/visual acceptance","Blocked","COVERAGE.md; runtime-blockers.json","B01; B02"
"C0925","Shop","iphone7","666x374","0,-58,666,374","1","Studio visual + pointer/keyboard","claimed free box and no funds","Edge-state native/visual acceptance","Blocked","COVERAGE.md; runtime-blockers.json","B01"
"C0926","Shop","iphone7","666x374","0,-58,666,374","1","Physical touch","claimed free box and no funds","Edge-state native/visual acceptance","Blocked","COVERAGE.md; runtime-blockers.json","B01; B02"
"C0927","Shop","iphone7","666x374","0,-58,666,374","1","Gamepad","claimed free box and no funds","Edge-state native/visual acceptance","Blocked","COVERAGE.md; runtime-blockers.json","B01; B02"
"C0928","Shop","a06","705x338","0,-58,705,338","1","Studio visual + pointer/keyboard","claimed free box and no funds","Edge-state native/visual acceptance","Blocked","COVERAGE.md; runtime-blockers.json","B01"
"C0929","Shop","a06","705x338","0,-58,705,338","1","Physical touch","claimed free box and no funds","Edge-state native/visual acceptance","Blocked","COVERAGE.md; runtime-blockers.json","B01; B02"
"C0930","Shop","a06","705x338","0,-58,705,338","1","Gamepad","claimed free box and no funds","Edge-state native/visual acceptance","Blocked","COVERAGE.md; runtime-blockers.json","B01; B02"
"C0931","Shop","iphone13","749x389","0,-58,749,389","1","Studio visual + pointer/keyboard","claimed free box and no funds","Edge-state native/visual acceptance","Blocked","COVERAGE.md; runtime-blockers.json","B01"
"C0932","Shop","iphone13","749x389","0,-58,749,389","1","Physical touch","claimed free box and no funds","Edge-state native/visual acceptance","Blocked","COVERAGE.md; runtime-blockers.json","B01; B02"
"C0933","Shop","iphone13","749x389","0,-58,749,389","1","Gamepad","claimed free box and no funds","Edge-state native/visual acceptance","Blocked","COVERAGE.md; runtime-blockers.json","B01; B02"
"C0934","Shop","iphone16max","831x439","0,-58,831,439","1","Studio visual + pointer/keyboard","claimed free box and no funds","Edge-state native/visual acceptance","Blocked","COVERAGE.md; runtime-blockers.json","B01"
"C0935","Shop","iphone16max","831x439","0,-58,831,439","1","Physical touch","claimed free box and no funds","Edge-state native/visual acceptance","Blocked","COVERAGE.md; runtime-blockers.json","B01; B02"
"C0936","Shop","iphone16max","831x439","0,-58,831,439","1","Gamepad","claimed free box and no funds","Edge-state native/visual acceptance","Blocked","COVERAGE.md; runtime-blockers.json","B01; B02"
"C0937","Shop","smalltablet","959x599","0,-58,959,599","1","Studio visual + pointer/keyboard","claimed free box and no funds","Edge-state native/visual acceptance","Blocked","COVERAGE.md; runtime-blockers.json","B01"
"C0938","Shop","smalltablet","959x599","0,-58,959,599","1","Physical touch","claimed free box and no funds","Edge-state native/visual acceptance","Blocked","COVERAGE.md; runtime-blockers.json","B01; B02"
"C0939","Shop","smalltablet","959x599","0,-58,959,599","1","Gamepad","claimed free box and no funds","Edge-state native/visual acceptance","Blocked","COVERAGE.md; runtime-blockers.json","B01; B02"
"C0940","Shop","ipad4x3","1023x768","0,-58,1023,768","1","Studio visual + pointer/keyboard","claimed free box and no funds","Edge-state native/visual acceptance","Blocked","COVERAGE.md; runtime-blockers.json","B01"
"C0941","Shop","ipad4x3","1023x768","0,-58,1023,768","1","Physical touch","claimed free box and no funds","Edge-state native/visual acceptance","Blocked","COVERAGE.md; runtime-blockers.json","B01; B02"
"C0942","Shop","ipad4x3","1023x768","0,-58,1023,768","1","Gamepad","claimed free box and no funds","Edge-state native/visual acceptance","Blocked","COVERAGE.md; runtime-blockers.json","B01; B02"
"C0943","Shop","largetablet","1375x1032","0,-58,1375,1032","1.07421875","Studio visual + pointer/keyboard","claimed free box and no funds","Edge-state native/visual acceptance","Blocked","COVERAGE.md; runtime-blockers.json","B01"
"C0944","Shop","largetablet","1375x1032","0,-58,1375,1032","1.07421875","Physical touch","claimed free box and no funds","Edge-state native/visual acceptance","Blocked","COVERAGE.md; runtime-blockers.json","B01; B02"
"C0945","Shop","largetablet","1375x1032","0,-58,1375,1032","1.07421875","Gamepad","claimed free box and no funds","Edge-state native/visual acceptance","Blocked","COVERAGE.md; runtime-blockers.json","B01; B02"
"C0946","Shop","laptop","1365x768","0,-58,1365,768","1.06640625","Studio visual + pointer/keyboard","claimed free box and no funds","Edge-state native/visual acceptance","Blocked","COVERAGE.md; runtime-blockers.json","B01"
"C0947","Shop","laptop","1365x768","0,-58,1365,768","1.06640625","Physical touch","claimed free box and no funds","Edge-state native/visual acceptance","Blocked","COVERAGE.md; runtime-blockers.json","B01; B02"
"C0948","Shop","laptop","1365x768","0,-58,1365,768","1.06640625","Gamepad","claimed free box and no funds","Edge-state native/visual acceptance","Blocked","COVERAGE.md; runtime-blockers.json","B01; B02"
"C0949","Shop","hd720","1279x720","0,-58,1279,720","1","Studio visual + pointer/keyboard","claimed free box and no funds","Edge-state native/visual acceptance","Blocked","COVERAGE.md; runtime-blockers.json","B01"
"C0950","Shop","hd720","1279x720","0,-58,1279,720","1","Physical touch","claimed free box and no funds","Edge-state native/visual acceptance","Blocked","COVERAGE.md; runtime-blockers.json","B01; B02"
"C0951","Shop","hd720","1279x720","0,-58,1279,720","1","Gamepad","claimed free box and no funds","Edge-state native/visual acceptance","Blocked","COVERAGE.md; runtime-blockers.json","B01; B02"
"C0952","Shop","desktop","1919x1079","0,-58,1919,1079","1.4986110925674438","Studio visual + pointer/keyboard","claimed free box and no funds","Edge-state native/visual acceptance","Blocked","COVERAGE.md; runtime-blockers.json","B01"
"C0953","Shop","desktop","1919x1079","0,-58,1919,1079","1.4986110925674438","Physical touch","claimed free box and no funds","Edge-state native/visual acceptance","Blocked","COVERAGE.md; runtime-blockers.json","B01; B02"
"C0954","Shop","desktop","1919x1079","0,-58,1919,1079","1.4986110925674438","Gamepad","claimed free box and no funds","Edge-state native/visual acceptance","Blocked","COVERAGE.md; runtime-blockers.json","B01; B02"
"C0955","Shop","hires","2560x1440","0,-58,2560,1440","2","Studio visual + pointer/keyboard","claimed free box and no funds","Edge-state native/visual acceptance","Blocked","COVERAGE.md; runtime-blockers.json","B01"
"C0956","Shop","hires","2560x1440","0,-58,2560,1440","2","Physical touch","claimed free box and no funds","Edge-state native/visual acceptance","Blocked","COVERAGE.md; runtime-blockers.json","B01; B02"
"C0957","Shop","hires","2560x1440","0,-58,2560,1440","2","Gamepad","claimed free box and no funds","Edge-state native/visual acceptance","Blocked","COVERAGE.md; runtime-blockers.json","B01; B02"
"C0958","Shop","ultrawide","3440x1440","0,-58,3440,1440","2","Studio visual + pointer/keyboard","claimed free box and no funds","Edge-state native/visual acceptance","Blocked","COVERAGE.md; runtime-blockers.json","B01"
"C0959","Shop","ultrawide","3440x1440","0,-58,3440,1440","2","Physical touch","claimed free box and no funds","Edge-state native/visual acceptance","Blocked","COVERAGE.md; runtime-blockers.json","B01; B02"
"C0960","Shop","ultrawide","3440x1440","0,-58,3440,1440","2","Gamepad","claimed free box and no funds","Edge-state native/visual acceptance","Blocked","COVERAGE.md; runtime-blockers.json","B01; B02"
"C0961","Goals","iphone7","666x374","0,-58,666,374","1","Studio visual + pointer/keyboard","0/2/3 and claimed / pending","Edge-state native/visual acceptance","Blocked","COVERAGE.md; runtime-blockers.json","B01"
"C0962","Goals","iphone7","666x374","0,-58,666,374","1","Physical touch","0/2/3 and claimed / pending","Edge-state native/visual acceptance","Blocked","COVERAGE.md; runtime-blockers.json","B01; B02"
"C0963","Goals","iphone7","666x374","0,-58,666,374","1","Gamepad","0/2/3 and claimed / pending","Edge-state native/visual acceptance","Blocked","COVERAGE.md; runtime-blockers.json","B01; B02"
"C0964","Goals","a06","705x338","0,-58,705,338","1","Studio visual + pointer/keyboard","0/2/3 and claimed / pending","Edge-state native/visual acceptance","Blocked","COVERAGE.md; runtime-blockers.json","B01"
"C0965","Goals","a06","705x338","0,-58,705,338","1","Physical touch","0/2/3 and claimed / pending","Edge-state native/visual acceptance","Blocked","COVERAGE.md; runtime-blockers.json","B01; B02"
"C0966","Goals","a06","705x338","0,-58,705,338","1","Gamepad","0/2/3 and claimed / pending","Edge-state native/visual acceptance","Blocked","COVERAGE.md; runtime-blockers.json","B01; B02"
"C0967","Goals","iphone13","749x389","0,-58,749,389","1","Studio visual + pointer/keyboard","0/2/3 and claimed / pending","Edge-state native/visual acceptance","Blocked","COVERAGE.md; runtime-blockers.json","B01"
"C0968","Goals","iphone13","749x389","0,-58,749,389","1","Physical touch","0/2/3 and claimed / pending","Edge-state native/visual acceptance","Blocked","COVERAGE.md; runtime-blockers.json","B01; B02"
"C0969","Goals","iphone13","749x389","0,-58,749,389","1","Gamepad","0/2/3 and claimed / pending","Edge-state native/visual acceptance","Blocked","COVERAGE.md; runtime-blockers.json","B01; B02"
"C0970","Goals","iphone16max","831x439","0,-58,831,439","1","Studio visual + pointer/keyboard","0/2/3 and claimed / pending","Edge-state native/visual acceptance","Blocked","COVERAGE.md; runtime-blockers.json","B01"
"C0971","Goals","iphone16max","831x439","0,-58,831,439","1","Physical touch","0/2/3 and claimed / pending","Edge-state native/visual acceptance","Blocked","COVERAGE.md; runtime-blockers.json","B01; B02"
"C0972","Goals","iphone16max","831x439","0,-58,831,439","1","Gamepad","0/2/3 and claimed / pending","Edge-state native/visual acceptance","Blocked","COVERAGE.md; runtime-blockers.json","B01; B02"
"C0973","Goals","smalltablet","959x599","0,-58,959,599","1","Studio visual + pointer/keyboard","0/2/3 and claimed / pending","Edge-state native/visual acceptance","Blocked","COVERAGE.md; runtime-blockers.json","B01"
"C0974","Goals","smalltablet","959x599","0,-58,959,599","1","Physical touch","0/2/3 and claimed / pending","Edge-state native/visual acceptance","Blocked","COVERAGE.md; runtime-blockers.json","B01; B02"
"C0975","Goals","smalltablet","959x599","0,-58,959,599","1","Gamepad","0/2/3 and claimed / pending","Edge-state native/visual acceptance","Blocked","COVERAGE.md; runtime-blockers.json","B01; B02"
"C0976","Goals","ipad4x3","1023x768","0,-58,1023,768","1","Studio visual + pointer/keyboard","0/2/3 and claimed / pending","Edge-state native/visual acceptance","Blocked","COVERAGE.md; runtime-blockers.json","B01"
"C0977","Goals","ipad4x3","1023x768","0,-58,1023,768","1","Physical touch","0/2/3 and claimed / pending","Edge-state native/visual acceptance","Blocked","COVERAGE.md; runtime-blockers.json","B01; B02"
"C0978","Goals","ipad4x3","1023x768","0,-58,1023,768","1","Gamepad","0/2/3 and claimed / pending","Edge-state native/visual acceptance","Blocked","COVERAGE.md; runtime-blockers.json","B01; B02"
"C0979","Goals","largetablet","1375x1032","0,-58,1375,1032","1.07421875","Studio visual + pointer/keyboard","0/2/3 and claimed / pending","Edge-state native/visual acceptance","Blocked","COVERAGE.md; runtime-blockers.json","B01"
"C0980","Goals","largetablet","1375x1032","0,-58,1375,1032","1.07421875","Physical touch","0/2/3 and claimed / pending","Edge-state native/visual acceptance","Blocked","COVERAGE.md; runtime-blockers.json","B01; B02"
"C0981","Goals","largetablet","1375x1032","0,-58,1375,1032","1.07421875","Gamepad","0/2/3 and claimed / pending","Edge-state native/visual acceptance","Blocked","COVERAGE.md; runtime-blockers.json","B01; B02"
"C0982","Goals","laptop","1365x768","0,-58,1365,768","1.06640625","Studio visual + pointer/keyboard","0/2/3 and claimed / pending","Edge-state native/visual acceptance","Blocked","COVERAGE.md; runtime-blockers.json","B01"
"C0983","Goals","laptop","1365x768","0,-58,1365,768","1.06640625","Physical touch","0/2/3 and claimed / pending","Edge-state native/visual acceptance","Blocked","COVERAGE.md; runtime-blockers.json","B01; B02"
"C0984","Goals","laptop","1365x768","0,-58,1365,768","1.06640625","Gamepad","0/2/3 and claimed / pending","Edge-state native/visual acceptance","Blocked","COVERAGE.md; runtime-blockers.json","B01; B02"
"C0985","Goals","hd720","1279x720","0,-58,1279,720","1","Studio visual + pointer/keyboard","0/2/3 and claimed / pending","Edge-state native/visual acceptance","Blocked","COVERAGE.md; runtime-blockers.json","B01"
"C0986","Goals","hd720","1279x720","0,-58,1279,720","1","Physical touch","0/2/3 and claimed / pending","Edge-state native/visual acceptance","Blocked","COVERAGE.md; runtime-blockers.json","B01; B02"
"C0987","Goals","hd720","1279x720","0,-58,1279,720","1","Gamepad","0/2/3 and claimed / pending","Edge-state native/visual acceptance","Blocked","COVERAGE.md; runtime-blockers.json","B01; B02"
"C0988","Goals","desktop","1919x1079","0,-58,1919,1079","1.4986110925674438","Studio visual + pointer/keyboard","0/2/3 and claimed / pending","Edge-state native/visual acceptance","Blocked","COVERAGE.md; runtime-blockers.json","B01"
"C0989","Goals","desktop","1919x1079","0,-58,1919,1079","1.4986110925674438","Physical touch","0/2/3 and claimed / pending","Edge-state native/visual acceptance","Blocked","COVERAGE.md; runtime-blockers.json","B01; B02"
"C0990","Goals","desktop","1919x1079","0,-58,1919,1079","1.4986110925674438","Gamepad","0/2/3 and claimed / pending","Edge-state native/visual acceptance","Blocked","COVERAGE.md; runtime-blockers.json","B01; B02"
"C0991","Goals","hires","2560x1440","0,-58,2560,1440","2","Studio visual + pointer/keyboard","0/2/3 and claimed / pending","Edge-state native/visual acceptance","Blocked","COVERAGE.md; runtime-blockers.json","B01"
"C0992","Goals","hires","2560x1440","0,-58,2560,1440","2","Physical touch","0/2/3 and claimed / pending","Edge-state native/visual acceptance","Blocked","COVERAGE.md; runtime-blockers.json","B01; B02"
"C0993","Goals","hires","2560x1440","0,-58,2560,1440","2","Gamepad","0/2/3 and claimed / pending","Edge-state native/visual acceptance","Blocked","COVERAGE.md; runtime-blockers.json","B01; B02"
"C0994","Goals","ultrawide","3440x1440","0,-58,3440,1440","2","Studio visual + pointer/keyboard","0/2/3 and claimed / pending","Edge-state native/visual acceptance","Blocked","COVERAGE.md; runtime-blockers.json","B01"
"C0995","Goals","ultrawide","3440x1440","0,-58,3440,1440","2","Physical touch","0/2/3 and claimed / pending","Edge-state native/visual acceptance","Blocked","COVERAGE.md; runtime-blockers.json","B01; B02"
"C0996","Goals","ultrawide","3440x1440","0,-58,3440,1440","2","Gamepad","0/2/3 and claimed / pending","Edge-state native/visual acceptance","Blocked","COVERAGE.md; runtime-blockers.json","B01; B02"
"C0997","Goals","iphone7","666x374","0,-58,666,374","1","Studio visual + pointer/keyboard","free claim and rollover","Edge-state native/visual acceptance","Blocked","COVERAGE.md; runtime-blockers.json","B01"
"C0998","Goals","iphone7","666x374","0,-58,666,374","1","Physical touch","free claim and rollover","Edge-state native/visual acceptance","Blocked","COVERAGE.md; runtime-blockers.json","B01; B02"
"C0999","Goals","iphone7","666x374","0,-58,666,374","1","Gamepad","free claim and rollover","Edge-state native/visual acceptance","Blocked","COVERAGE.md; runtime-blockers.json","B01; B02"
"C1000","Goals","a06","705x338","0,-58,705,338","1","Studio visual + pointer/keyboard","free claim and rollover","Edge-state native/visual acceptance","Blocked","COVERAGE.md; runtime-blockers.json","B01"
"C1001","Goals","a06","705x338","0,-58,705,338","1","Physical touch","free claim and rollover","Edge-state native/visual acceptance","Blocked","COVERAGE.md; runtime-blockers.json","B01; B02"
"C1002","Goals","a06","705x338","0,-58,705,338","1","Gamepad","free claim and rollover","Edge-state native/visual acceptance","Blocked","COVERAGE.md; runtime-blockers.json","B01; B02"
"C1003","Goals","iphone13","749x389","0,-58,749,389","1","Studio visual + pointer/keyboard","free claim and rollover","Edge-state native/visual acceptance","Blocked","COVERAGE.md; runtime-blockers.json","B01"
"C1004","Goals","iphone13","749x389","0,-58,749,389","1","Physical touch","free claim and rollover","Edge-state native/visual acceptance","Blocked","COVERAGE.md; runtime-blockers.json","B01; B02"
"C1005","Goals","iphone13","749x389","0,-58,749,389","1","Gamepad","free claim and rollover","Edge-state native/visual acceptance","Blocked","COVERAGE.md; runtime-blockers.json","B01; B02"
"C1006","Goals","iphone16max","831x439","0,-58,831,439","1","Studio visual + pointer/keyboard","free claim and rollover","Edge-state native/visual acceptance","Blocked","COVERAGE.md; runtime-blockers.json","B01"
"C1007","Goals","iphone16max","831x439","0,-58,831,439","1","Physical touch","free claim and rollover","Edge-state native/visual acceptance","Blocked","COVERAGE.md; runtime-blockers.json","B01; B02"
"C1008","Goals","iphone16max","831x439","0,-58,831,439","1","Gamepad","free claim and rollover","Edge-state native/visual acceptance","Blocked","COVERAGE.md; runtime-blockers.json","B01; B02"
"C1009","Goals","smalltablet","959x599","0,-58,959,599","1","Studio visual + pointer/keyboard","free claim and rollover","Edge-state native/visual acceptance","Blocked","COVERAGE.md; runtime-blockers.json","B01"
"C1010","Goals","smalltablet","959x599","0,-58,959,599","1","Physical touch","free claim and rollover","Edge-state native/visual acceptance","Blocked","COVERAGE.md; runtime-blockers.json","B01; B02"
"C1011","Goals","smalltablet","959x599","0,-58,959,599","1","Gamepad","free claim and rollover","Edge-state native/visual acceptance","Blocked","COVERAGE.md; runtime-blockers.json","B01; B02"
"C1012","Goals","ipad4x3","1023x768","0,-58,1023,768","1","Studio visual + pointer/keyboard","free claim and rollover","Edge-state native/visual acceptance","Blocked","COVERAGE.md; runtime-blockers.json","B01"
"C1013","Goals","ipad4x3","1023x768","0,-58,1023,768","1","Physical touch","free claim and rollover","Edge-state native/visual acceptance","Blocked","COVERAGE.md; runtime-blockers.json","B01; B02"
"C1014","Goals","ipad4x3","1023x768","0,-58,1023,768","1","Gamepad","free claim and rollover","Edge-state native/visual acceptance","Blocked","COVERAGE.md; runtime-blockers.json","B01; B02"
"C1015","Goals","largetablet","1375x1032","0,-58,1375,1032","1.07421875","Studio visual + pointer/keyboard","free claim and rollover","Edge-state native/visual acceptance","Blocked","COVERAGE.md; runtime-blockers.json","B01"
"C1016","Goals","largetablet","1375x1032","0,-58,1375,1032","1.07421875","Physical touch","free claim and rollover","Edge-state native/visual acceptance","Blocked","COVERAGE.md; runtime-blockers.json","B01; B02"
"C1017","Goals","largetablet","1375x1032","0,-58,1375,1032","1.07421875","Gamepad","free claim and rollover","Edge-state native/visual acceptance","Blocked","COVERAGE.md; runtime-blockers.json","B01; B02"
"C1018","Goals","laptop","1365x768","0,-58,1365,768","1.06640625","Studio visual + pointer/keyboard","free claim and rollover","Edge-state native/visual acceptance","Blocked","COVERAGE.md; runtime-blockers.json","B01"
"C1019","Goals","laptop","1365x768","0,-58,1365,768","1.06640625","Physical touch","free claim and rollover","Edge-state native/visual acceptance","Blocked","COVERAGE.md; runtime-blockers.json","B01; B02"
"C1020","Goals","laptop","1365x768","0,-58,1365,768","1.06640625","Gamepad","free claim and rollover","Edge-state native/visual acceptance","Blocked","COVERAGE.md; runtime-blockers.json","B01; B02"
"C1021","Goals","hd720","1279x720","0,-58,1279,720","1","Studio visual + pointer/keyboard","free claim and rollover","Edge-state native/visual acceptance","Blocked","COVERAGE.md; runtime-blockers.json","B01"
"C1022","Goals","hd720","1279x720","0,-58,1279,720","1","Physical touch","free claim and rollover","Edge-state native/visual acceptance","Blocked","COVERAGE.md; runtime-blockers.json","B01; B02"
"C1023","Goals","hd720","1279x720","0,-58,1279,720","1","Gamepad","free claim and rollover","Edge-state native/visual acceptance","Blocked","COVERAGE.md; runtime-blockers.json","B01; B02"
"C1024","Goals","desktop","1919x1079","0,-58,1919,1079","1.4986110925674438","Studio visual + pointer/keyboard","free claim and rollover","Edge-state native/visual acceptance","Blocked","COVERAGE.md; runtime-blockers.json","B01"
"C1025","Goals","desktop","1919x1079","0,-58,1919,1079","1.4986110925674438","Physical touch","free claim and rollover","Edge-state native/visual acceptance","Blocked","COVERAGE.md; runtime-blockers.json","B01; B02"
"C1026","Goals","desktop","1919x1079","0,-58,1919,1079","1.4986110925674438","Gamepad","free claim and rollover","Edge-state native/visual acceptance","Blocked","COVERAGE.md; runtime-blockers.json","B01; B02"
"C1027","Goals","hires","2560x1440","0,-58,2560,1440","2","Studio visual + pointer/keyboard","free claim and rollover","Edge-state native/visual acceptance","Blocked","COVERAGE.md; runtime-blockers.json","B01"
"C1028","Goals","hires","2560x1440","0,-58,2560,1440","2","Physical touch","free claim and rollover","Edge-state native/visual acceptance","Blocked","COVERAGE.md; runtime-blockers.json","B01; B02"
"C1029","Goals","hires","2560x1440","0,-58,2560,1440","2","Gamepad","free claim and rollover","Edge-state native/visual acceptance","Blocked","COVERAGE.md; runtime-blockers.json","B01; B02"
"C1030","Goals","ultrawide","3440x1440","0,-58,3440,1440","2","Studio visual + pointer/keyboard","free claim and rollover","Edge-state native/visual acceptance","Blocked","COVERAGE.md; runtime-blockers.json","B01"
"C1031","Goals","ultrawide","3440x1440","0,-58,3440,1440","2","Physical touch","free claim and rollover","Edge-state native/visual acceptance","Blocked","COVERAGE.md; runtime-blockers.json","B01; B02"
"C1032","Goals","ultrawide","3440x1440","0,-58,3440,1440","2","Gamepad","free claim and rollover","Edge-state native/visual acceptance","Blocked","COVERAGE.md; runtime-blockers.json","B01; B02"
"C1033","Login","iphone7","666x374","0,-58,666,374","1","Studio visual + pointer/keyboard","day2-7 coins and multi-box / reset","Edge-state native/visual acceptance","Blocked","COVERAGE.md; runtime-blockers.json","B04; B01"
"C1034","Login","iphone7","666x374","0,-58,666,374","1","Physical touch","day2-7 coins and multi-box / reset","Edge-state native/visual acceptance","Blocked","COVERAGE.md; runtime-blockers.json","B04; B01; B02"
"C1035","Login","iphone7","666x374","0,-58,666,374","1","Gamepad","day2-7 coins and multi-box / reset","Edge-state native/visual acceptance","Blocked","COVERAGE.md; runtime-blockers.json","B04; B01; B02"
"C1036","Login","a06","705x338","0,-58,705,338","1","Studio visual + pointer/keyboard","day2-7 coins and multi-box / reset","Edge-state native/visual acceptance","Blocked","COVERAGE.md; runtime-blockers.json","B04; B01"
"C1037","Login","a06","705x338","0,-58,705,338","1","Physical touch","day2-7 coins and multi-box / reset","Edge-state native/visual acceptance","Blocked","COVERAGE.md; runtime-blockers.json","B04; B01; B02"
"C1038","Login","a06","705x338","0,-58,705,338","1","Gamepad","day2-7 coins and multi-box / reset","Edge-state native/visual acceptance","Blocked","COVERAGE.md; runtime-blockers.json","B04; B01; B02"
"C1039","Login","iphone13","749x389","0,-58,749,389","1","Studio visual + pointer/keyboard","day2-7 coins and multi-box / reset","Edge-state native/visual acceptance","Blocked","COVERAGE.md; runtime-blockers.json","B04; B01"
"C1040","Login","iphone13","749x389","0,-58,749,389","1","Physical touch","day2-7 coins and multi-box / reset","Edge-state native/visual acceptance","Blocked","COVERAGE.md; runtime-blockers.json","B04; B01; B02"
"C1041","Login","iphone13","749x389","0,-58,749,389","1","Gamepad","day2-7 coins and multi-box / reset","Edge-state native/visual acceptance","Blocked","COVERAGE.md; runtime-blockers.json","B04; B01; B02"
"C1042","Login","iphone16max","831x439","0,-58,831,439","1","Studio visual + pointer/keyboard","day2-7 coins and multi-box / reset","Edge-state native/visual acceptance","Blocked","COVERAGE.md; runtime-blockers.json","B04; B01"
"C1043","Login","iphone16max","831x439","0,-58,831,439","1","Physical touch","day2-7 coins and multi-box / reset","Edge-state native/visual acceptance","Blocked","COVERAGE.md; runtime-blockers.json","B04; B01; B02"
"C1044","Login","iphone16max","831x439","0,-58,831,439","1","Gamepad","day2-7 coins and multi-box / reset","Edge-state native/visual acceptance","Blocked","COVERAGE.md; runtime-blockers.json","B04; B01; B02"
"C1045","Login","smalltablet","959x599","0,-58,959,599","1","Studio visual + pointer/keyboard","day2-7 coins and multi-box / reset","Edge-state native/visual acceptance","Blocked","COVERAGE.md; runtime-blockers.json","B04; B01"
"C1046","Login","smalltablet","959x599","0,-58,959,599","1","Physical touch","day2-7 coins and multi-box / reset","Edge-state native/visual acceptance","Blocked","COVERAGE.md; runtime-blockers.json","B04; B01; B02"
"C1047","Login","smalltablet","959x599","0,-58,959,599","1","Gamepad","day2-7 coins and multi-box / reset","Edge-state native/visual acceptance","Blocked","COVERAGE.md; runtime-blockers.json","B04; B01; B02"
"C1048","Login","ipad4x3","1023x768","0,-58,1023,768","1","Studio visual + pointer/keyboard","day2-7 coins and multi-box / reset","Edge-state native/visual acceptance","Blocked","COVERAGE.md; runtime-blockers.json","B04; B01"
"C1049","Login","ipad4x3","1023x768","0,-58,1023,768","1","Physical touch","day2-7 coins and multi-box / reset","Edge-state native/visual acceptance","Blocked","COVERAGE.md; runtime-blockers.json","B04; B01; B02"
"C1050","Login","ipad4x3","1023x768","0,-58,1023,768","1","Gamepad","day2-7 coins and multi-box / reset","Edge-state native/visual acceptance","Blocked","COVERAGE.md; runtime-blockers.json","B04; B01; B02"
"C1051","Login","largetablet","1375x1032","0,-58,1375,1032","1.07421875","Studio visual + pointer/keyboard","day2-7 coins and multi-box / reset","Edge-state native/visual acceptance","Blocked","COVERAGE.md; runtime-blockers.json","B04; B01"
"C1052","Login","largetablet","1375x1032","0,-58,1375,1032","1.07421875","Physical touch","day2-7 coins and multi-box / reset","Edge-state native/visual acceptance","Blocked","COVERAGE.md; runtime-blockers.json","B04; B01; B02"
"C1053","Login","largetablet","1375x1032","0,-58,1375,1032","1.07421875","Gamepad","day2-7 coins and multi-box / reset","Edge-state native/visual acceptance","Blocked","COVERAGE.md; runtime-blockers.json","B04; B01; B02"
"C1054","Login","laptop","1365x768","0,-58,1365,768","1.06640625","Studio visual + pointer/keyboard","day2-7 coins and multi-box / reset","Edge-state native/visual acceptance","Blocked","COVERAGE.md; runtime-blockers.json","B04; B01"
"C1055","Login","laptop","1365x768","0,-58,1365,768","1.06640625","Physical touch","day2-7 coins and multi-box / reset","Edge-state native/visual acceptance","Blocked","COVERAGE.md; runtime-blockers.json","B04; B01; B02"
"C1056","Login","laptop","1365x768","0,-58,1365,768","1.06640625","Gamepad","day2-7 coins and multi-box / reset","Edge-state native/visual acceptance","Blocked","COVERAGE.md; runtime-blockers.json","B04; B01; B02"
"C1057","Login","hd720","1279x720","0,-58,1279,720","1","Studio visual + pointer/keyboard","day2-7 coins and multi-box / reset","Edge-state native/visual acceptance","Blocked","COVERAGE.md; runtime-blockers.json","B04; B01"
"C1058","Login","hd720","1279x720","0,-58,1279,720","1","Physical touch","day2-7 coins and multi-box / reset","Edge-state native/visual acceptance","Blocked","COVERAGE.md; runtime-blockers.json","B04; B01; B02"
"C1059","Login","hd720","1279x720","0,-58,1279,720","1","Gamepad","day2-7 coins and multi-box / reset","Edge-state native/visual acceptance","Blocked","COVERAGE.md; runtime-blockers.json","B04; B01; B02"
"C1060","Login","desktop","1919x1079","0,-58,1919,1079","1.4986110925674438","Studio visual + pointer/keyboard","day2-7 coins and multi-box / reset","Edge-state native/visual acceptance","Blocked","COVERAGE.md; runtime-blockers.json","B04; B01"
"C1061","Login","desktop","1919x1079","0,-58,1919,1079","1.4986110925674438","Physical touch","day2-7 coins and multi-box / reset","Edge-state native/visual acceptance","Blocked","COVERAGE.md; runtime-blockers.json","B04; B01; B02"
"C1062","Login","desktop","1919x1079","0,-58,1919,1079","1.4986110925674438","Gamepad","day2-7 coins and multi-box / reset","Edge-state native/visual acceptance","Blocked","COVERAGE.md; runtime-blockers.json","B04; B01; B02"
"C1063","Login","hires","2560x1440","0,-58,2560,1440","2","Studio visual + pointer/keyboard","day2-7 coins and multi-box / reset","Edge-state native/visual acceptance","Blocked","COVERAGE.md; runtime-blockers.json","B04; B01"
"C1064","Login","hires","2560x1440","0,-58,2560,1440","2","Physical touch","day2-7 coins and multi-box / reset","Edge-state native/visual acceptance","Blocked","COVERAGE.md; runtime-blockers.json","B04; B01; B02"
"C1065","Login","hires","2560x1440","0,-58,2560,1440","2","Gamepad","day2-7 coins and multi-box / reset","Edge-state native/visual acceptance","Blocked","COVERAGE.md; runtime-blockers.json","B04; B01; B02"
"C1066","Login","ultrawide","3440x1440","0,-58,3440,1440","2","Studio visual + pointer/keyboard","day2-7 coins and multi-box / reset","Edge-state native/visual acceptance","Blocked","COVERAGE.md; runtime-blockers.json","B04; B01"
"C1067","Login","ultrawide","3440x1440","0,-58,3440,1440","2","Physical touch","day2-7 coins and multi-box / reset","Edge-state native/visual acceptance","Blocked","COVERAGE.md; runtime-blockers.json","B04; B01; B02"
"C1068","Login","ultrawide","3440x1440","0,-58,3440,1440","2","Gamepad","day2-7 coins and multi-box / reset","Edge-state native/visual acceptance","Blocked","COVERAGE.md; runtime-blockers.json","B04; B01; B02"
"C1069","Opening","iphone7","666x374","0,-58,666,374","1","Studio visual + pointer/keyboard","normal and reduced motion / Skip phase","Edge-state native/visual acceptance","Blocked","COVERAGE.md; runtime-blockers.json","B01"
"C1070","Opening","iphone7","666x374","0,-58,666,374","1","Physical touch","normal and reduced motion / Skip phase","Edge-state native/visual acceptance","Blocked","COVERAGE.md; runtime-blockers.json","B01; B02"
"C1071","Opening","iphone7","666x374","0,-58,666,374","1","Gamepad","normal and reduced motion / Skip phase","Edge-state native/visual acceptance","Blocked","COVERAGE.md; runtime-blockers.json","B01; B02"
"C1072","Opening","a06","705x338","0,-58,705,338","1","Studio visual + pointer/keyboard","normal and reduced motion / Skip phase","Edge-state native/visual acceptance","Blocked","COVERAGE.md; runtime-blockers.json","B01"
"C1073","Opening","a06","705x338","0,-58,705,338","1","Physical touch","normal and reduced motion / Skip phase","Edge-state native/visual acceptance","Blocked","COVERAGE.md; runtime-blockers.json","B01; B02"
"C1074","Opening","a06","705x338","0,-58,705,338","1","Gamepad","normal and reduced motion / Skip phase","Edge-state native/visual acceptance","Blocked","COVERAGE.md; runtime-blockers.json","B01; B02"
"C1075","Opening","iphone13","749x389","0,-58,749,389","1","Studio visual + pointer/keyboard","normal and reduced motion / Skip phase","Edge-state native/visual acceptance","Blocked","COVERAGE.md; runtime-blockers.json","B01"
"C1076","Opening","iphone13","749x389","0,-58,749,389","1","Physical touch","normal and reduced motion / Skip phase","Edge-state native/visual acceptance","Blocked","COVERAGE.md; runtime-blockers.json","B01; B02"
"C1077","Opening","iphone13","749x389","0,-58,749,389","1","Gamepad","normal and reduced motion / Skip phase","Edge-state native/visual acceptance","Blocked","COVERAGE.md; runtime-blockers.json","B01; B02"
"C1078","Opening","iphone16max","831x439","0,-58,831,439","1","Studio visual + pointer/keyboard","normal and reduced motion / Skip phase","Edge-state native/visual acceptance","Blocked","COVERAGE.md; runtime-blockers.json","B01"
"C1079","Opening","iphone16max","831x439","0,-58,831,439","1","Physical touch","normal and reduced motion / Skip phase","Edge-state native/visual acceptance","Blocked","COVERAGE.md; runtime-blockers.json","B01; B02"
"C1080","Opening","iphone16max","831x439","0,-58,831,439","1","Gamepad","normal and reduced motion / Skip phase","Edge-state native/visual acceptance","Blocked","COVERAGE.md; runtime-blockers.json","B01; B02"
"C1081","Opening","smalltablet","959x599","0,-58,959,599","1","Studio visual + pointer/keyboard","normal and reduced motion / Skip phase","Edge-state native/visual acceptance","Blocked","COVERAGE.md; runtime-blockers.json","B01"
"C1082","Opening","smalltablet","959x599","0,-58,959,599","1","Physical touch","normal and reduced motion / Skip phase","Edge-state native/visual acceptance","Blocked","COVERAGE.md; runtime-blockers.json","B01; B02"
"C1083","Opening","smalltablet","959x599","0,-58,959,599","1","Gamepad","normal and reduced motion / Skip phase","Edge-state native/visual acceptance","Blocked","COVERAGE.md; runtime-blockers.json","B01; B02"
"C1084","Opening","ipad4x3","1023x768","0,-58,1023,768","1","Studio visual + pointer/keyboard","normal and reduced motion / Skip phase","Edge-state native/visual acceptance","Blocked","COVERAGE.md; runtime-blockers.json","B01"
"C1085","Opening","ipad4x3","1023x768","0,-58,1023,768","1","Physical touch","normal and reduced motion / Skip phase","Edge-state native/visual acceptance","Blocked","COVERAGE.md; runtime-blockers.json","B01; B02"
"C1086","Opening","ipad4x3","1023x768","0,-58,1023,768","1","Gamepad","normal and reduced motion / Skip phase","Edge-state native/visual acceptance","Blocked","COVERAGE.md; runtime-blockers.json","B01; B02"
"C1087","Opening","largetablet","1375x1032","0,-58,1375,1032","1.07421875","Studio visual + pointer/keyboard","normal and reduced motion / Skip phase","Edge-state native/visual acceptance","Blocked","COVERAGE.md; runtime-blockers.json","B01"
"C1088","Opening","largetablet","1375x1032","0,-58,1375,1032","1.07421875","Physical touch","normal and reduced motion / Skip phase","Edge-state native/visual acceptance","Blocked","COVERAGE.md; runtime-blockers.json","B01; B02"
"C1089","Opening","largetablet","1375x1032","0,-58,1375,1032","1.07421875","Gamepad","normal and reduced motion / Skip phase","Edge-state native/visual acceptance","Blocked","COVERAGE.md; runtime-blockers.json","B01; B02"
"C1090","Opening","laptop","1365x768","0,-58,1365,768","1.06640625","Studio visual + pointer/keyboard","normal and reduced motion / Skip phase","Edge-state native/visual acceptance","Blocked","COVERAGE.md; runtime-blockers.json","B01"
"C1091","Opening","laptop","1365x768","0,-58,1365,768","1.06640625","Physical touch","normal and reduced motion / Skip phase","Edge-state native/visual acceptance","Blocked","COVERAGE.md; runtime-blockers.json","B01; B02"
"C1092","Opening","laptop","1365x768","0,-58,1365,768","1.06640625","Gamepad","normal and reduced motion / Skip phase","Edge-state native/visual acceptance","Blocked","COVERAGE.md; runtime-blockers.json","B01; B02"
"C1093","Opening","hd720","1279x720","0,-58,1279,720","1","Studio visual + pointer/keyboard","normal and reduced motion / Skip phase","Edge-state native/visual acceptance","Blocked","COVERAGE.md; runtime-blockers.json","B01"
"C1094","Opening","hd720","1279x720","0,-58,1279,720","1","Physical touch","normal and reduced motion / Skip phase","Edge-state native/visual acceptance","Blocked","COVERAGE.md; runtime-blockers.json","B01; B02"
"C1095","Opening","hd720","1279x720","0,-58,1279,720","1","Gamepad","normal and reduced motion / Skip phase","Edge-state native/visual acceptance","Blocked","COVERAGE.md; runtime-blockers.json","B01; B02"
"C1096","Opening","desktop","1919x1079","0,-58,1919,1079","1.4986110925674438","Studio visual + pointer/keyboard","normal and reduced motion / Skip phase","Edge-state native/visual acceptance","Blocked","COVERAGE.md; runtime-blockers.json","B01"
"C1097","Opening","desktop","1919x1079","0,-58,1919,1079","1.4986110925674438","Physical touch","normal and reduced motion / Skip phase","Edge-state native/visual acceptance","Blocked","COVERAGE.md; runtime-blockers.json","B01; B02"
"C1098","Opening","desktop","1919x1079","0,-58,1919,1079","1.4986110925674438","Gamepad","normal and reduced motion / Skip phase","Edge-state native/visual acceptance","Blocked","COVERAGE.md; runtime-blockers.json","B01; B02"
"C1099","Opening","hires","2560x1440","0,-58,2560,1440","2","Studio visual + pointer/keyboard","normal and reduced motion / Skip phase","Edge-state native/visual acceptance","Blocked","COVERAGE.md; runtime-blockers.json","B01"
"C1100","Opening","hires","2560x1440","0,-58,2560,1440","2","Physical touch","normal and reduced motion / Skip phase","Edge-state native/visual acceptance","Blocked","COVERAGE.md; runtime-blockers.json","B01; B02"
"C1101","Opening","hires","2560x1440","0,-58,2560,1440","2","Gamepad","normal and reduced motion / Skip phase","Edge-state native/visual acceptance","Blocked","COVERAGE.md; runtime-blockers.json","B01; B02"
"C1102","Opening","ultrawide","3440x1440","0,-58,3440,1440","2","Studio visual + pointer/keyboard","normal and reduced motion / Skip phase","Edge-state native/visual acceptance","Blocked","COVERAGE.md; runtime-blockers.json","B01"
"C1103","Opening","ultrawide","3440x1440","0,-58,3440,1440","2","Physical touch","normal and reduced motion / Skip phase","Edge-state native/visual acceptance","Blocked","COVERAGE.md; runtime-blockers.json","B01; B02"
"C1104","Opening","ultrawide","3440x1440","0,-58,3440,1440","2","Gamepad","normal and reduced motion / Skip phase","Edge-state native/visual acceptance","Blocked","COVERAGE.md; runtime-blockers.json","B01; B02"
"C1105","Opening","iphone7","666x374","0,-58,666,374","1","Studio visual + pointer/keyboard","another / full Display swap / insufficient funds","Edge-state native/visual acceptance","Blocked","COVERAGE.md; runtime-blockers.json","B01"
"C1106","Opening","iphone7","666x374","0,-58,666,374","1","Physical touch","another / full Display swap / insufficient funds","Edge-state native/visual acceptance","Blocked","COVERAGE.md; runtime-blockers.json","B01; B02"
"C1107","Opening","iphone7","666x374","0,-58,666,374","1","Gamepad","another / full Display swap / insufficient funds","Edge-state native/visual acceptance","Blocked","COVERAGE.md; runtime-blockers.json","B01; B02"
"C1108","Opening","a06","705x338","0,-58,705,338","1","Studio visual + pointer/keyboard","another / full Display swap / insufficient funds","Edge-state native/visual acceptance","Blocked","COVERAGE.md; runtime-blockers.json","B01"
"C1109","Opening","a06","705x338","0,-58,705,338","1","Physical touch","another / full Display swap / insufficient funds","Edge-state native/visual acceptance","Blocked","COVERAGE.md; runtime-blockers.json","B01; B02"
"C1110","Opening","a06","705x338","0,-58,705,338","1","Gamepad","another / full Display swap / insufficient funds","Edge-state native/visual acceptance","Blocked","COVERAGE.md; runtime-blockers.json","B01; B02"
"C1111","Opening","iphone13","749x389","0,-58,749,389","1","Studio visual + pointer/keyboard","another / full Display swap / insufficient funds","Edge-state native/visual acceptance","Blocked","COVERAGE.md; runtime-blockers.json","B01"
"C1112","Opening","iphone13","749x389","0,-58,749,389","1","Physical touch","another / full Display swap / insufficient funds","Edge-state native/visual acceptance","Blocked","COVERAGE.md; runtime-blockers.json","B01; B02"
"C1113","Opening","iphone13","749x389","0,-58,749,389","1","Gamepad","another / full Display swap / insufficient funds","Edge-state native/visual acceptance","Blocked","COVERAGE.md; runtime-blockers.json","B01; B02"
"C1114","Opening","iphone16max","831x439","0,-58,831,439","1","Studio visual + pointer/keyboard","another / full Display swap / insufficient funds","Edge-state native/visual acceptance","Blocked","COVERAGE.md; runtime-blockers.json","B01"
"C1115","Opening","iphone16max","831x439","0,-58,831,439","1","Physical touch","another / full Display swap / insufficient funds","Edge-state native/visual acceptance","Blocked","COVERAGE.md; runtime-blockers.json","B01; B02"
"C1116","Opening","iphone16max","831x439","0,-58,831,439","1","Gamepad","another / full Display swap / insufficient funds","Edge-state native/visual acceptance","Blocked","COVERAGE.md; runtime-blockers.json","B01; B02"
"C1117","Opening","smalltablet","959x599","0,-58,959,599","1","Studio visual + pointer/keyboard","another / full Display swap / insufficient funds","Edge-state native/visual acceptance","Blocked","COVERAGE.md; runtime-blockers.json","B01"
"C1118","Opening","smalltablet","959x599","0,-58,959,599","1","Physical touch","another / full Display swap / insufficient funds","Edge-state native/visual acceptance","Blocked","COVERAGE.md; runtime-blockers.json","B01; B02"
"C1119","Opening","smalltablet","959x599","0,-58,959,599","1","Gamepad","another / full Display swap / insufficient funds","Edge-state native/visual acceptance","Blocked","COVERAGE.md; runtime-blockers.json","B01; B02"
"C1120","Opening","ipad4x3","1023x768","0,-58,1023,768","1","Studio visual + pointer/keyboard","another / full Display swap / insufficient funds","Edge-state native/visual acceptance","Blocked","COVERAGE.md; runtime-blockers.json","B01"
"C1121","Opening","ipad4x3","1023x768","0,-58,1023,768","1","Physical touch","another / full Display swap / insufficient funds","Edge-state native/visual acceptance","Blocked","COVERAGE.md; runtime-blockers.json","B01; B02"
"C1122","Opening","ipad4x3","1023x768","0,-58,1023,768","1","Gamepad","another / full Display swap / insufficient funds","Edge-state native/visual acceptance","Blocked","COVERAGE.md; runtime-blockers.json","B01; B02"
"C1123","Opening","largetablet","1375x1032","0,-58,1375,1032","1.07421875","Studio visual + pointer/keyboard","another / full Display swap / insufficient funds","Edge-state native/visual acceptance","Blocked","COVERAGE.md; runtime-blockers.json","B01"
"C1124","Opening","largetablet","1375x1032","0,-58,1375,1032","1.07421875","Physical touch","another / full Display swap / insufficient funds","Edge-state native/visual acceptance","Blocked","COVERAGE.md; runtime-blockers.json","B01; B02"
"C1125","Opening","largetablet","1375x1032","0,-58,1375,1032","1.07421875","Gamepad","another / full Display swap / insufficient funds","Edge-state native/visual acceptance","Blocked","COVERAGE.md; runtime-blockers.json","B01; B02"
"C1126","Opening","laptop","1365x768","0,-58,1365,768","1.06640625","Studio visual + pointer/keyboard","another / full Display swap / insufficient funds","Edge-state native/visual acceptance","Blocked","COVERAGE.md; runtime-blockers.json","B01"
"C1127","Opening","laptop","1365x768","0,-58,1365,768","1.06640625","Physical touch","another / full Display swap / insufficient funds","Edge-state native/visual acceptance","Blocked","COVERAGE.md; runtime-blockers.json","B01; B02"
"C1128","Opening","laptop","1365x768","0,-58,1365,768","1.06640625","Gamepad","another / full Display swap / insufficient funds","Edge-state native/visual acceptance","Blocked","COVERAGE.md; runtime-blockers.json","B01; B02"
"C1129","Opening","hd720","1279x720","0,-58,1279,720","1","Studio visual + pointer/keyboard","another / full Display swap / insufficient funds","Edge-state native/visual acceptance","Blocked","COVERAGE.md; runtime-blockers.json","B01"
"C1130","Opening","hd720","1279x720","0,-58,1279,720","1","Physical touch","another / full Display swap / insufficient funds","Edge-state native/visual acceptance","Blocked","COVERAGE.md; runtime-blockers.json","B01; B02"
"C1131","Opening","hd720","1279x720","0,-58,1279,720","1","Gamepad","another / full Display swap / insufficient funds","Edge-state native/visual acceptance","Blocked","COVERAGE.md; runtime-blockers.json","B01; B02"
"C1132","Opening","desktop","1919x1079","0,-58,1919,1079","1.4986110925674438","Studio visual + pointer/keyboard","another / full Display swap / insufficient funds","Edge-state native/visual acceptance","Blocked","COVERAGE.md; runtime-blockers.json","B01"
"C1133","Opening","desktop","1919x1079","0,-58,1919,1079","1.4986110925674438","Physical touch","another / full Display swap / insufficient funds","Edge-state native/visual acceptance","Blocked","COVERAGE.md; runtime-blockers.json","B01; B02"
"C1134","Opening","desktop","1919x1079","0,-58,1919,1079","1.4986110925674438","Gamepad","another / full Display swap / insufficient funds","Edge-state native/visual acceptance","Blocked","COVERAGE.md; runtime-blockers.json","B01; B02"
"C1135","Opening","hires","2560x1440","0,-58,2560,1440","2","Studio visual + pointer/keyboard","another / full Display swap / insufficient funds","Edge-state native/visual acceptance","Blocked","COVERAGE.md; runtime-blockers.json","B01"
"C1136","Opening","hires","2560x1440","0,-58,2560,1440","2","Physical touch","another / full Display swap / insufficient funds","Edge-state native/visual acceptance","Blocked","COVERAGE.md; runtime-blockers.json","B01; B02"
"C1137","Opening","hires","2560x1440","0,-58,2560,1440","2","Gamepad","another / full Display swap / insufficient funds","Edge-state native/visual acceptance","Blocked","COVERAGE.md; runtime-blockers.json","B01; B02"
"C1138","Opening","ultrawide","3440x1440","0,-58,3440,1440","2","Studio visual + pointer/keyboard","another / full Display swap / insufficient funds","Edge-state native/visual acceptance","Blocked","COVERAGE.md; runtime-blockers.json","B01"
"C1139","Opening","ultrawide","3440x1440","0,-58,3440,1440","2","Physical touch","another / full Display swap / insufficient funds","Edge-state native/visual acceptance","Blocked","COVERAGE.md; runtime-blockers.json","B01; B02"
"C1140","Opening","ultrawide","3440x1440","0,-58,3440,1440","2","Gamepad","another / full Display swap / insufficient funds","Edge-state native/visual acceptance","Blocked","COVERAGE.md; runtime-blockers.json","B01; B02"
"C1141","PullSummary","iphone7","666x374","0,-58,666,374","1","Studio visual + pointer/keyboard","paid batch / partial collection / long-name details","Edge-state native/visual acceptance","Blocked","COVERAGE.md; runtime-blockers.json","B01"
"C1142","PullSummary","iphone7","666x374","0,-58,666,374","1","Physical touch","paid batch / partial collection / long-name details","Edge-state native/visual acceptance","Blocked","COVERAGE.md; runtime-blockers.json","B01; B02"
"C1143","PullSummary","iphone7","666x374","0,-58,666,374","1","Gamepad","paid batch / partial collection / long-name details","Edge-state native/visual acceptance","Blocked","COVERAGE.md; runtime-blockers.json","B01; B02"
"C1144","PullSummary","a06","705x338","0,-58,705,338","1","Studio visual + pointer/keyboard","paid batch / partial collection / long-name details","Edge-state native/visual acceptance","Blocked","COVERAGE.md; runtime-blockers.json","B01"
"C1145","PullSummary","a06","705x338","0,-58,705,338","1","Physical touch","paid batch / partial collection / long-name details","Edge-state native/visual acceptance","Blocked","COVERAGE.md; runtime-blockers.json","B01; B02"
"C1146","PullSummary","a06","705x338","0,-58,705,338","1","Gamepad","paid batch / partial collection / long-name details","Edge-state native/visual acceptance","Blocked","COVERAGE.md; runtime-blockers.json","B01; B02"
"C1147","PullSummary","iphone13","749x389","0,-58,749,389","1","Studio visual + pointer/keyboard","paid batch / partial collection / long-name details","Edge-state native/visual acceptance","Blocked","COVERAGE.md; runtime-blockers.json","B01"
"C1148","PullSummary","iphone13","749x389","0,-58,749,389","1","Physical touch","paid batch / partial collection / long-name details","Edge-state native/visual acceptance","Blocked","COVERAGE.md; runtime-blockers.json","B01; B02"
"C1149","PullSummary","iphone13","749x389","0,-58,749,389","1","Gamepad","paid batch / partial collection / long-name details","Edge-state native/visual acceptance","Blocked","COVERAGE.md; runtime-blockers.json","B01; B02"
"C1150","PullSummary","iphone16max","831x439","0,-58,831,439","1","Studio visual + pointer/keyboard","paid batch / partial collection / long-name details","Edge-state native/visual acceptance","Blocked","COVERAGE.md; runtime-blockers.json","B01"
"C1151","PullSummary","iphone16max","831x439","0,-58,831,439","1","Physical touch","paid batch / partial collection / long-name details","Edge-state native/visual acceptance","Blocked","COVERAGE.md; runtime-blockers.json","B01; B02"
"C1152","PullSummary","iphone16max","831x439","0,-58,831,439","1","Gamepad","paid batch / partial collection / long-name details","Edge-state native/visual acceptance","Blocked","COVERAGE.md; runtime-blockers.json","B01; B02"
"C1153","PullSummary","smalltablet","959x599","0,-58,959,599","1","Studio visual + pointer/keyboard","paid batch / partial collection / long-name details","Edge-state native/visual acceptance","Blocked","COVERAGE.md; runtime-blockers.json","B01"
"C1154","PullSummary","smalltablet","959x599","0,-58,959,599","1","Physical touch","paid batch / partial collection / long-name details","Edge-state native/visual acceptance","Blocked","COVERAGE.md; runtime-blockers.json","B01; B02"
"C1155","PullSummary","smalltablet","959x599","0,-58,959,599","1","Gamepad","paid batch / partial collection / long-name details","Edge-state native/visual acceptance","Blocked","COVERAGE.md; runtime-blockers.json","B01; B02"
"C1156","PullSummary","ipad4x3","1023x768","0,-58,1023,768","1","Studio visual + pointer/keyboard","paid batch / partial collection / long-name details","Edge-state native/visual acceptance","Blocked","COVERAGE.md; runtime-blockers.json","B01"
"C1157","PullSummary","ipad4x3","1023x768","0,-58,1023,768","1","Physical touch","paid batch / partial collection / long-name details","Edge-state native/visual acceptance","Blocked","COVERAGE.md; runtime-blockers.json","B01; B02"
"C1158","PullSummary","ipad4x3","1023x768","0,-58,1023,768","1","Gamepad","paid batch / partial collection / long-name details","Edge-state native/visual acceptance","Blocked","COVERAGE.md; runtime-blockers.json","B01; B02"
"C1159","PullSummary","largetablet","1375x1032","0,-58,1375,1032","1.07421875","Studio visual + pointer/keyboard","paid batch / partial collection / long-name details","Edge-state native/visual acceptance","Blocked","COVERAGE.md; runtime-blockers.json","B01"
"C1160","PullSummary","largetablet","1375x1032","0,-58,1375,1032","1.07421875","Physical touch","paid batch / partial collection / long-name details","Edge-state native/visual acceptance","Blocked","COVERAGE.md; runtime-blockers.json","B01; B02"
"C1161","PullSummary","largetablet","1375x1032","0,-58,1375,1032","1.07421875","Gamepad","paid batch / partial collection / long-name details","Edge-state native/visual acceptance","Blocked","COVERAGE.md; runtime-blockers.json","B01; B02"
"C1162","PullSummary","laptop","1365x768","0,-58,1365,768","1.06640625","Studio visual + pointer/keyboard","paid batch / partial collection / long-name details","Edge-state native/visual acceptance","Blocked","COVERAGE.md; runtime-blockers.json","B01"
"C1163","PullSummary","laptop","1365x768","0,-58,1365,768","1.06640625","Physical touch","paid batch / partial collection / long-name details","Edge-state native/visual acceptance","Blocked","COVERAGE.md; runtime-blockers.json","B01; B02"
"C1164","PullSummary","laptop","1365x768","0,-58,1365,768","1.06640625","Gamepad","paid batch / partial collection / long-name details","Edge-state native/visual acceptance","Blocked","COVERAGE.md; runtime-blockers.json","B01; B02"
"C1165","PullSummary","hd720","1279x720","0,-58,1279,720","1","Studio visual + pointer/keyboard","paid batch / partial collection / long-name details","Edge-state native/visual acceptance","Blocked","COVERAGE.md; runtime-blockers.json","B01"
"C1166","PullSummary","hd720","1279x720","0,-58,1279,720","1","Physical touch","paid batch / partial collection / long-name details","Edge-state native/visual acceptance","Blocked","COVERAGE.md; runtime-blockers.json","B01; B02"
"C1167","PullSummary","hd720","1279x720","0,-58,1279,720","1","Gamepad","paid batch / partial collection / long-name details","Edge-state native/visual acceptance","Blocked","COVERAGE.md; runtime-blockers.json","B01; B02"
"C1168","PullSummary","desktop","1919x1079","0,-58,1919,1079","1.4986110925674438","Studio visual + pointer/keyboard","paid batch / partial collection / long-name details","Edge-state native/visual acceptance","Blocked","COVERAGE.md; runtime-blockers.json","B01"
"C1169","PullSummary","desktop","1919x1079","0,-58,1919,1079","1.4986110925674438","Physical touch","paid batch / partial collection / long-name details","Edge-state native/visual acceptance","Blocked","COVERAGE.md; runtime-blockers.json","B01; B02"
"C1170","PullSummary","desktop","1919x1079","0,-58,1919,1079","1.4986110925674438","Gamepad","paid batch / partial collection / long-name details","Edge-state native/visual acceptance","Blocked","COVERAGE.md; runtime-blockers.json","B01; B02"
"C1171","PullSummary","hires","2560x1440","0,-58,2560,1440","2","Studio visual + pointer/keyboard","paid batch / partial collection / long-name details","Edge-state native/visual acceptance","Blocked","COVERAGE.md; runtime-blockers.json","B01"
"C1172","PullSummary","hires","2560x1440","0,-58,2560,1440","2","Physical touch","paid batch / partial collection / long-name details","Edge-state native/visual acceptance","Blocked","COVERAGE.md; runtime-blockers.json","B01; B02"
"C1173","PullSummary","hires","2560x1440","0,-58,2560,1440","2","Gamepad","paid batch / partial collection / long-name details","Edge-state native/visual acceptance","Blocked","COVERAGE.md; runtime-blockers.json","B01; B02"
"C1174","PullSummary","ultrawide","3440x1440","0,-58,3440,1440","2","Studio visual + pointer/keyboard","paid batch / partial collection / long-name details","Edge-state native/visual acceptance","Blocked","COVERAGE.md; runtime-blockers.json","B01"
"C1175","PullSummary","ultrawide","3440x1440","0,-58,3440,1440","2","Physical touch","paid batch / partial collection / long-name details","Edge-state native/visual acceptance","Blocked","COVERAGE.md; runtime-blockers.json","B01; B02"
"C1176","PullSummary","ultrawide","3440x1440","0,-58,3440,1440","2","Gamepad","paid batch / partial collection / long-name details","Edge-state native/visual acceptance","Blocked","COVERAGE.md; runtime-blockers.json","B01; B02"
"C1177","WelcomeReward","iphone7","666x374","0,-58,666,374","1","Studio visual + pointer/keyboard","dismissed / repeated / dropped reply","Edge-state native/visual acceptance","Blocked","COVERAGE.md; runtime-blockers.json","B01"
"C1178","WelcomeReward","iphone7","666x374","0,-58,666,374","1","Physical touch","dismissed / repeated / dropped reply","Edge-state native/visual acceptance","Blocked","COVERAGE.md; runtime-blockers.json","B01; B02"
"C1179","WelcomeReward","iphone7","666x374","0,-58,666,374","1","Gamepad","dismissed / repeated / dropped reply","Edge-state native/visual acceptance","Blocked","COVERAGE.md; runtime-blockers.json","B01; B02"
"C1180","WelcomeReward","a06","705x338","0,-58,705,338","1","Studio visual + pointer/keyboard","dismissed / repeated / dropped reply","Edge-state native/visual acceptance","Blocked","COVERAGE.md; runtime-blockers.json","B01"
"C1181","WelcomeReward","a06","705x338","0,-58,705,338","1","Physical touch","dismissed / repeated / dropped reply","Edge-state native/visual acceptance","Blocked","COVERAGE.md; runtime-blockers.json","B01; B02"
"C1182","WelcomeReward","a06","705x338","0,-58,705,338","1","Gamepad","dismissed / repeated / dropped reply","Edge-state native/visual acceptance","Blocked","COVERAGE.md; runtime-blockers.json","B01; B02"
"C1183","WelcomeReward","iphone13","749x389","0,-58,749,389","1","Studio visual + pointer/keyboard","dismissed / repeated / dropped reply","Edge-state native/visual acceptance","Blocked","COVERAGE.md; runtime-blockers.json","B01"
"C1184","WelcomeReward","iphone13","749x389","0,-58,749,389","1","Physical touch","dismissed / repeated / dropped reply","Edge-state native/visual acceptance","Blocked","COVERAGE.md; runtime-blockers.json","B01; B02"
"C1185","WelcomeReward","iphone13","749x389","0,-58,749,389","1","Gamepad","dismissed / repeated / dropped reply","Edge-state native/visual acceptance","Blocked","COVERAGE.md; runtime-blockers.json","B01; B02"
"C1186","WelcomeReward","iphone16max","831x439","0,-58,831,439","1","Studio visual + pointer/keyboard","dismissed / repeated / dropped reply","Edge-state native/visual acceptance","Blocked","COVERAGE.md; runtime-blockers.json","B01"
"C1187","WelcomeReward","iphone16max","831x439","0,-58,831,439","1","Physical touch","dismissed / repeated / dropped reply","Edge-state native/visual acceptance","Blocked","COVERAGE.md; runtime-blockers.json","B01; B02"
"C1188","WelcomeReward","iphone16max","831x439","0,-58,831,439","1","Gamepad","dismissed / repeated / dropped reply","Edge-state native/visual acceptance","Blocked","COVERAGE.md; runtime-blockers.json","B01; B02"
"C1189","WelcomeReward","smalltablet","959x599","0,-58,959,599","1","Studio visual + pointer/keyboard","dismissed / repeated / dropped reply","Edge-state native/visual acceptance","Blocked","COVERAGE.md; runtime-blockers.json","B01"
"C1190","WelcomeReward","smalltablet","959x599","0,-58,959,599","1","Physical touch","dismissed / repeated / dropped reply","Edge-state native/visual acceptance","Blocked","COVERAGE.md; runtime-blockers.json","B01; B02"
"C1191","WelcomeReward","smalltablet","959x599","0,-58,959,599","1","Gamepad","dismissed / repeated / dropped reply","Edge-state native/visual acceptance","Blocked","COVERAGE.md; runtime-blockers.json","B01; B02"
"C1192","WelcomeReward","ipad4x3","1023x768","0,-58,1023,768","1","Studio visual + pointer/keyboard","dismissed / repeated / dropped reply","Edge-state native/visual acceptance","Blocked","COVERAGE.md; runtime-blockers.json","B01"
"C1193","WelcomeReward","ipad4x3","1023x768","0,-58,1023,768","1","Physical touch","dismissed / repeated / dropped reply","Edge-state native/visual acceptance","Blocked","COVERAGE.md; runtime-blockers.json","B01; B02"
"C1194","WelcomeReward","ipad4x3","1023x768","0,-58,1023,768","1","Gamepad","dismissed / repeated / dropped reply","Edge-state native/visual acceptance","Blocked","COVERAGE.md; runtime-blockers.json","B01; B02"
"C1195","WelcomeReward","largetablet","1375x1032","0,-58,1375,1032","1.07421875","Studio visual + pointer/keyboard","dismissed / repeated / dropped reply","Edge-state native/visual acceptance","Blocked","COVERAGE.md; runtime-blockers.json","B01"
"C1196","WelcomeReward","largetablet","1375x1032","0,-58,1375,1032","1.07421875","Physical touch","dismissed / repeated / dropped reply","Edge-state native/visual acceptance","Blocked","COVERAGE.md; runtime-blockers.json","B01; B02"
"C1197","WelcomeReward","largetablet","1375x1032","0,-58,1375,1032","1.07421875","Gamepad","dismissed / repeated / dropped reply","Edge-state native/visual acceptance","Blocked","COVERAGE.md; runtime-blockers.json","B01; B02"
"C1198","WelcomeReward","laptop","1365x768","0,-58,1365,768","1.06640625","Studio visual + pointer/keyboard","dismissed / repeated / dropped reply","Edge-state native/visual acceptance","Blocked","COVERAGE.md; runtime-blockers.json","B01"
"C1199","WelcomeReward","laptop","1365x768","0,-58,1365,768","1.06640625","Physical touch","dismissed / repeated / dropped reply","Edge-state native/visual acceptance","Blocked","COVERAGE.md; runtime-blockers.json","B01; B02"
"C1200","WelcomeReward","laptop","1365x768","0,-58,1365,768","1.06640625","Gamepad","dismissed / repeated / dropped reply","Edge-state native/visual acceptance","Blocked","COVERAGE.md; runtime-blockers.json","B01; B02"
"C1201","WelcomeReward","hd720","1279x720","0,-58,1279,720","1","Studio visual + pointer/keyboard","dismissed / repeated / dropped reply","Edge-state native/visual acceptance","Blocked","COVERAGE.md; runtime-blockers.json","B01"
"C1202","WelcomeReward","hd720","1279x720","0,-58,1279,720","1","Physical touch","dismissed / repeated / dropped reply","Edge-state native/visual acceptance","Blocked","COVERAGE.md; runtime-blockers.json","B01; B02"
"C1203","WelcomeReward","hd720","1279x720","0,-58,1279,720","1","Gamepad","dismissed / repeated / dropped reply","Edge-state native/visual acceptance","Blocked","COVERAGE.md; runtime-blockers.json","B01; B02"
"C1204","WelcomeReward","desktop","1919x1079","0,-58,1919,1079","1.4986110925674438","Studio visual + pointer/keyboard","dismissed / repeated / dropped reply","Edge-state native/visual acceptance","Blocked","COVERAGE.md; runtime-blockers.json","B01"
"C1205","WelcomeReward","desktop","1919x1079","0,-58,1919,1079","1.4986110925674438","Physical touch","dismissed / repeated / dropped reply","Edge-state native/visual acceptance","Blocked","COVERAGE.md; runtime-blockers.json","B01; B02"
"C1206","WelcomeReward","desktop","1919x1079","0,-58,1919,1079","1.4986110925674438","Gamepad","dismissed / repeated / dropped reply","Edge-state native/visual acceptance","Blocked","COVERAGE.md; runtime-blockers.json","B01; B02"
"C1207","WelcomeReward","hires","2560x1440","0,-58,2560,1440","2","Studio visual + pointer/keyboard","dismissed / repeated / dropped reply","Edge-state native/visual acceptance","Blocked","COVERAGE.md; runtime-blockers.json","B01"
"C1208","WelcomeReward","hires","2560x1440","0,-58,2560,1440","2","Physical touch","dismissed / repeated / dropped reply","Edge-state native/visual acceptance","Blocked","COVERAGE.md; runtime-blockers.json","B01; B02"
"C1209","WelcomeReward","hires","2560x1440","0,-58,2560,1440","2","Gamepad","dismissed / repeated / dropped reply","Edge-state native/visual acceptance","Blocked","COVERAGE.md; runtime-blockers.json","B01; B02"
"C1210","WelcomeReward","ultrawide","3440x1440","0,-58,3440,1440","2","Studio visual + pointer/keyboard","dismissed / repeated / dropped reply","Edge-state native/visual acceptance","Blocked","COVERAGE.md; runtime-blockers.json","B01"
"C1211","WelcomeReward","ultrawide","3440x1440","0,-58,3440,1440","2","Physical touch","dismissed / repeated / dropped reply","Edge-state native/visual acceptance","Blocked","COVERAGE.md; runtime-blockers.json","B01; B02"
"C1212","WelcomeReward","ultrawide","3440x1440","0,-58,3440,1440","2","Gamepad","dismissed / repeated / dropped reply","Edge-state native/visual acceptance","Blocked","COVERAGE.md; runtime-blockers.json","B01; B02"
"C1213","WelcomeSkip","iphone7","666x374","0,-58,666,374","1","Studio visual + pointer/keyboard","two-step confirmation / dismissed","Edge-state native/visual acceptance","Blocked","COVERAGE.md; runtime-blockers.json","B01"
"C1214","WelcomeSkip","iphone7","666x374","0,-58,666,374","1","Physical touch","two-step confirmation / dismissed","Edge-state native/visual acceptance","Blocked","COVERAGE.md; runtime-blockers.json","B01; B02"
"C1215","WelcomeSkip","iphone7","666x374","0,-58,666,374","1","Gamepad","two-step confirmation / dismissed","Edge-state native/visual acceptance","Blocked","COVERAGE.md; runtime-blockers.json","B01; B02"
"C1216","WelcomeSkip","a06","705x338","0,-58,705,338","1","Studio visual + pointer/keyboard","two-step confirmation / dismissed","Edge-state native/visual acceptance","Blocked","COVERAGE.md; runtime-blockers.json","B01"
"C1217","WelcomeSkip","a06","705x338","0,-58,705,338","1","Physical touch","two-step confirmation / dismissed","Edge-state native/visual acceptance","Blocked","COVERAGE.md; runtime-blockers.json","B01; B02"
"C1218","WelcomeSkip","a06","705x338","0,-58,705,338","1","Gamepad","two-step confirmation / dismissed","Edge-state native/visual acceptance","Blocked","COVERAGE.md; runtime-blockers.json","B01; B02"
"C1219","WelcomeSkip","iphone13","749x389","0,-58,749,389","1","Studio visual + pointer/keyboard","two-step confirmation / dismissed","Edge-state native/visual acceptance","Blocked","COVERAGE.md; runtime-blockers.json","B01"
"C1220","WelcomeSkip","iphone13","749x389","0,-58,749,389","1","Physical touch","two-step confirmation / dismissed","Edge-state native/visual acceptance","Blocked","COVERAGE.md; runtime-blockers.json","B01; B02"
"C1221","WelcomeSkip","iphone13","749x389","0,-58,749,389","1","Gamepad","two-step confirmation / dismissed","Edge-state native/visual acceptance","Blocked","COVERAGE.md; runtime-blockers.json","B01; B02"
"C1222","WelcomeSkip","iphone16max","831x439","0,-58,831,439","1","Studio visual + pointer/keyboard","two-step confirmation / dismissed","Edge-state native/visual acceptance","Blocked","COVERAGE.md; runtime-blockers.json","B01"
"C1223","WelcomeSkip","iphone16max","831x439","0,-58,831,439","1","Physical touch","two-step confirmation / dismissed","Edge-state native/visual acceptance","Blocked","COVERAGE.md; runtime-blockers.json","B01; B02"
"C1224","WelcomeSkip","iphone16max","831x439","0,-58,831,439","1","Gamepad","two-step confirmation / dismissed","Edge-state native/visual acceptance","Blocked","COVERAGE.md; runtime-blockers.json","B01; B02"
"C1225","WelcomeSkip","smalltablet","959x599","0,-58,959,599","1","Studio visual + pointer/keyboard","two-step confirmation / dismissed","Edge-state native/visual acceptance","Blocked","COVERAGE.md; runtime-blockers.json","B01"
"C1226","WelcomeSkip","smalltablet","959x599","0,-58,959,599","1","Physical touch","two-step confirmation / dismissed","Edge-state native/visual acceptance","Blocked","COVERAGE.md; runtime-blockers.json","B01; B02"
"C1227","WelcomeSkip","smalltablet","959x599","0,-58,959,599","1","Gamepad","two-step confirmation / dismissed","Edge-state native/visual acceptance","Blocked","COVERAGE.md; runtime-blockers.json","B01; B02"
"C1228","WelcomeSkip","ipad4x3","1023x768","0,-58,1023,768","1","Studio visual + pointer/keyboard","two-step confirmation / dismissed","Edge-state native/visual acceptance","Blocked","COVERAGE.md; runtime-blockers.json","B01"
"C1229","WelcomeSkip","ipad4x3","1023x768","0,-58,1023,768","1","Physical touch","two-step confirmation / dismissed","Edge-state native/visual acceptance","Blocked","COVERAGE.md; runtime-blockers.json","B01; B02"
"C1230","WelcomeSkip","ipad4x3","1023x768","0,-58,1023,768","1","Gamepad","two-step confirmation / dismissed","Edge-state native/visual acceptance","Blocked","COVERAGE.md; runtime-blockers.json","B01; B02"
"C1231","WelcomeSkip","largetablet","1375x1032","0,-58,1375,1032","1.07421875","Studio visual + pointer/keyboard","two-step confirmation / dismissed","Edge-state native/visual acceptance","Blocked","COVERAGE.md; runtime-blockers.json","B01"
"C1232","WelcomeSkip","largetablet","1375x1032","0,-58,1375,1032","1.07421875","Physical touch","two-step confirmation / dismissed","Edge-state native/visual acceptance","Blocked","COVERAGE.md; runtime-blockers.json","B01; B02"
"C1233","WelcomeSkip","largetablet","1375x1032","0,-58,1375,1032","1.07421875","Gamepad","two-step confirmation / dismissed","Edge-state native/visual acceptance","Blocked","COVERAGE.md; runtime-blockers.json","B01; B02"
"C1234","WelcomeSkip","laptop","1365x768","0,-58,1365,768","1.06640625","Studio visual + pointer/keyboard","two-step confirmation / dismissed","Edge-state native/visual acceptance","Blocked","COVERAGE.md; runtime-blockers.json","B01"
"C1235","WelcomeSkip","laptop","1365x768","0,-58,1365,768","1.06640625","Physical touch","two-step confirmation / dismissed","Edge-state native/visual acceptance","Blocked","COVERAGE.md; runtime-blockers.json","B01; B02"
"C1236","WelcomeSkip","laptop","1365x768","0,-58,1365,768","1.06640625","Gamepad","two-step confirmation / dismissed","Edge-state native/visual acceptance","Blocked","COVERAGE.md; runtime-blockers.json","B01; B02"
"C1237","WelcomeSkip","hd720","1279x720","0,-58,1279,720","1","Studio visual + pointer/keyboard","two-step confirmation / dismissed","Edge-state native/visual acceptance","Blocked","COVERAGE.md; runtime-blockers.json","B01"
"C1238","WelcomeSkip","hd720","1279x720","0,-58,1279,720","1","Physical touch","two-step confirmation / dismissed","Edge-state native/visual acceptance","Blocked","COVERAGE.md; runtime-blockers.json","B01; B02"
"C1239","WelcomeSkip","hd720","1279x720","0,-58,1279,720","1","Gamepad","two-step confirmation / dismissed","Edge-state native/visual acceptance","Blocked","COVERAGE.md; runtime-blockers.json","B01; B02"
"C1240","WelcomeSkip","desktop","1919x1079","0,-58,1919,1079","1.4986110925674438","Studio visual + pointer/keyboard","two-step confirmation / dismissed","Edge-state native/visual acceptance","Blocked","COVERAGE.md; runtime-blockers.json","B01"
"C1241","WelcomeSkip","desktop","1919x1079","0,-58,1919,1079","1.4986110925674438","Physical touch","two-step confirmation / dismissed","Edge-state native/visual acceptance","Blocked","COVERAGE.md; runtime-blockers.json","B01; B02"
"C1242","WelcomeSkip","desktop","1919x1079","0,-58,1919,1079","1.4986110925674438","Gamepad","two-step confirmation / dismissed","Edge-state native/visual acceptance","Blocked","COVERAGE.md; runtime-blockers.json","B01; B02"
"C1243","WelcomeSkip","hires","2560x1440","0,-58,2560,1440","2","Studio visual + pointer/keyboard","two-step confirmation / dismissed","Edge-state native/visual acceptance","Blocked","COVERAGE.md; runtime-blockers.json","B01"
"C1244","WelcomeSkip","hires","2560x1440","0,-58,2560,1440","2","Physical touch","two-step confirmation / dismissed","Edge-state native/visual acceptance","Blocked","COVERAGE.md; runtime-blockers.json","B01; B02"
"C1245","WelcomeSkip","hires","2560x1440","0,-58,2560,1440","2","Gamepad","two-step confirmation / dismissed","Edge-state native/visual acceptance","Blocked","COVERAGE.md; runtime-blockers.json","B01; B02"
"C1246","WelcomeSkip","ultrawide","3440x1440","0,-58,3440,1440","2","Studio visual + pointer/keyboard","two-step confirmation / dismissed","Edge-state native/visual acceptance","Blocked","COVERAGE.md; runtime-blockers.json","B01"
"C1247","WelcomeSkip","ultrawide","3440x1440","0,-58,3440,1440","2","Physical touch","two-step confirmation / dismissed","Edge-state native/visual acceptance","Blocked","COVERAGE.md; runtime-blockers.json","B01; B02"
"C1248","WelcomeSkip","ultrawide","3440x1440","0,-58,3440,1440","2","Gamepad","two-step confirmation / dismissed","Edge-state native/visual acceptance","Blocked","COVERAGE.md; runtime-blockers.json","B01; B02"
"C1249","Offline","iphone7","666x374","0,-58,666,374","1","Studio visual + pointer/keyboard","pending / overflow / lost claim / rejoin","Edge-state native/visual acceptance","Blocked","COVERAGE.md; runtime-blockers.json","B04; B01"
"C1250","Offline","iphone7","666x374","0,-58,666,374","1","Physical touch","pending / overflow / lost claim / rejoin","Edge-state native/visual acceptance","Blocked","COVERAGE.md; runtime-blockers.json","B04; B01; B02"
"C1251","Offline","iphone7","666x374","0,-58,666,374","1","Gamepad","pending / overflow / lost claim / rejoin","Edge-state native/visual acceptance","Blocked","COVERAGE.md; runtime-blockers.json","B04; B01; B02"
"C1252","Offline","a06","705x338","0,-58,705,338","1","Studio visual + pointer/keyboard","pending / overflow / lost claim / rejoin","Edge-state native/visual acceptance","Blocked","COVERAGE.md; runtime-blockers.json","B04; B01"
"C1253","Offline","a06","705x338","0,-58,705,338","1","Physical touch","pending / overflow / lost claim / rejoin","Edge-state native/visual acceptance","Blocked","COVERAGE.md; runtime-blockers.json","B04; B01; B02"
"C1254","Offline","a06","705x338","0,-58,705,338","1","Gamepad","pending / overflow / lost claim / rejoin","Edge-state native/visual acceptance","Blocked","COVERAGE.md; runtime-blockers.json","B04; B01; B02"
"C1255","Offline","iphone13","749x389","0,-58,749,389","1","Studio visual + pointer/keyboard","pending / overflow / lost claim / rejoin","Edge-state native/visual acceptance","Blocked","COVERAGE.md; runtime-blockers.json","B04; B01"
"C1256","Offline","iphone13","749x389","0,-58,749,389","1","Physical touch","pending / overflow / lost claim / rejoin","Edge-state native/visual acceptance","Blocked","COVERAGE.md; runtime-blockers.json","B04; B01; B02"
"C1257","Offline","iphone13","749x389","0,-58,749,389","1","Gamepad","pending / overflow / lost claim / rejoin","Edge-state native/visual acceptance","Blocked","COVERAGE.md; runtime-blockers.json","B04; B01; B02"
"C1258","Offline","iphone16max","831x439","0,-58,831,439","1","Studio visual + pointer/keyboard","pending / overflow / lost claim / rejoin","Edge-state native/visual acceptance","Blocked","COVERAGE.md; runtime-blockers.json","B04; B01"
"C1259","Offline","iphone16max","831x439","0,-58,831,439","1","Physical touch","pending / overflow / lost claim / rejoin","Edge-state native/visual acceptance","Blocked","COVERAGE.md; runtime-blockers.json","B04; B01; B02"
"C1260","Offline","iphone16max","831x439","0,-58,831,439","1","Gamepad","pending / overflow / lost claim / rejoin","Edge-state native/visual acceptance","Blocked","COVERAGE.md; runtime-blockers.json","B04; B01; B02"
"C1261","Offline","smalltablet","959x599","0,-58,959,599","1","Studio visual + pointer/keyboard","pending / overflow / lost claim / rejoin","Edge-state native/visual acceptance","Blocked","COVERAGE.md; runtime-blockers.json","B04; B01"
"C1262","Offline","smalltablet","959x599","0,-58,959,599","1","Physical touch","pending / overflow / lost claim / rejoin","Edge-state native/visual acceptance","Blocked","COVERAGE.md; runtime-blockers.json","B04; B01; B02"
"C1263","Offline","smalltablet","959x599","0,-58,959,599","1","Gamepad","pending / overflow / lost claim / rejoin","Edge-state native/visual acceptance","Blocked","COVERAGE.md; runtime-blockers.json","B04; B01; B02"
"C1264","Offline","ipad4x3","1023x768","0,-58,1023,768","1","Studio visual + pointer/keyboard","pending / overflow / lost claim / rejoin","Edge-state native/visual acceptance","Blocked","COVERAGE.md; runtime-blockers.json","B04; B01"
"C1265","Offline","ipad4x3","1023x768","0,-58,1023,768","1","Physical touch","pending / overflow / lost claim / rejoin","Edge-state native/visual acceptance","Blocked","COVERAGE.md; runtime-blockers.json","B04; B01; B02"
"C1266","Offline","ipad4x3","1023x768","0,-58,1023,768","1","Gamepad","pending / overflow / lost claim / rejoin","Edge-state native/visual acceptance","Blocked","COVERAGE.md; runtime-blockers.json","B04; B01; B02"
"C1267","Offline","largetablet","1375x1032","0,-58,1375,1032","1.07421875","Studio visual + pointer/keyboard","pending / overflow / lost claim / rejoin","Edge-state native/visual acceptance","Blocked","COVERAGE.md; runtime-blockers.json","B04; B01"
"C1268","Offline","largetablet","1375x1032","0,-58,1375,1032","1.07421875","Physical touch","pending / overflow / lost claim / rejoin","Edge-state native/visual acceptance","Blocked","COVERAGE.md; runtime-blockers.json","B04; B01; B02"
"C1269","Offline","largetablet","1375x1032","0,-58,1375,1032","1.07421875","Gamepad","pending / overflow / lost claim / rejoin","Edge-state native/visual acceptance","Blocked","COVERAGE.md; runtime-blockers.json","B04; B01; B02"
"C1270","Offline","laptop","1365x768","0,-58,1365,768","1.06640625","Studio visual + pointer/keyboard","pending / overflow / lost claim / rejoin","Edge-state native/visual acceptance","Blocked","COVERAGE.md; runtime-blockers.json","B04; B01"
"C1271","Offline","laptop","1365x768","0,-58,1365,768","1.06640625","Physical touch","pending / overflow / lost claim / rejoin","Edge-state native/visual acceptance","Blocked","COVERAGE.md; runtime-blockers.json","B04; B01; B02"
"C1272","Offline","laptop","1365x768","0,-58,1365,768","1.06640625","Gamepad","pending / overflow / lost claim / rejoin","Edge-state native/visual acceptance","Blocked","COVERAGE.md; runtime-blockers.json","B04; B01; B02"
"C1273","Offline","hd720","1279x720","0,-58,1279,720","1","Studio visual + pointer/keyboard","pending / overflow / lost claim / rejoin","Edge-state native/visual acceptance","Blocked","COVERAGE.md; runtime-blockers.json","B04; B01"
"C1274","Offline","hd720","1279x720","0,-58,1279,720","1","Physical touch","pending / overflow / lost claim / rejoin","Edge-state native/visual acceptance","Blocked","COVERAGE.md; runtime-blockers.json","B04; B01; B02"
"C1275","Offline","hd720","1279x720","0,-58,1279,720","1","Gamepad","pending / overflow / lost claim / rejoin","Edge-state native/visual acceptance","Blocked","COVERAGE.md; runtime-blockers.json","B04; B01; B02"
"C1276","Offline","desktop","1919x1079","0,-58,1919,1079","1.4986110925674438","Studio visual + pointer/keyboard","pending / overflow / lost claim / rejoin","Edge-state native/visual acceptance","Blocked","COVERAGE.md; runtime-blockers.json","B04; B01"
"C1277","Offline","desktop","1919x1079","0,-58,1919,1079","1.4986110925674438","Physical touch","pending / overflow / lost claim / rejoin","Edge-state native/visual acceptance","Blocked","COVERAGE.md; runtime-blockers.json","B04; B01; B02"
"C1278","Offline","desktop","1919x1079","0,-58,1919,1079","1.4986110925674438","Gamepad","pending / overflow / lost claim / rejoin","Edge-state native/visual acceptance","Blocked","COVERAGE.md; runtime-blockers.json","B04; B01; B02"
"C1279","Offline","hires","2560x1440","0,-58,2560,1440","2","Studio visual + pointer/keyboard","pending / overflow / lost claim / rejoin","Edge-state native/visual acceptance","Blocked","COVERAGE.md; runtime-blockers.json","B04; B01"
"C1280","Offline","hires","2560x1440","0,-58,2560,1440","2","Physical touch","pending / overflow / lost claim / rejoin","Edge-state native/visual acceptance","Blocked","COVERAGE.md; runtime-blockers.json","B04; B01; B02"
"C1281","Offline","hires","2560x1440","0,-58,2560,1440","2","Gamepad","pending / overflow / lost claim / rejoin","Edge-state native/visual acceptance","Blocked","COVERAGE.md; runtime-blockers.json","B04; B01; B02"
"C1282","Offline","ultrawide","3440x1440","0,-58,3440,1440","2","Studio visual + pointer/keyboard","pending / overflow / lost claim / rejoin","Edge-state native/visual acceptance","Blocked","COVERAGE.md; runtime-blockers.json","B04; B01"
"C1283","Offline","ultrawide","3440x1440","0,-58,3440,1440","2","Physical touch","pending / overflow / lost claim / rejoin","Edge-state native/visual acceptance","Blocked","COVERAGE.md; runtime-blockers.json","B04; B01; B02"
"C1284","Offline","ultrawide","3440x1440","0,-58,3440,1440","2","Gamepad","pending / overflow / lost claim / rejoin","Edge-state native/visual acceptance","Blocked","COVERAGE.md; runtime-blockers.json","B04; B01; B02"
"C1285","DealPopup","iphone7","666x374","0,-58,666,374","1","Studio visual + pointer/keyboard","E activation / affordability / sold-out / rollover","Edge-state native/visual acceptance","Blocked","COVERAGE.md; runtime-blockers.json","B01"
"C1286","DealPopup","iphone7","666x374","0,-58,666,374","1","Physical touch","E activation / affordability / sold-out / rollover","Edge-state native/visual acceptance","Blocked","COVERAGE.md; runtime-blockers.json","B01; B02"
"C1287","DealPopup","iphone7","666x374","0,-58,666,374","1","Gamepad","E activation / affordability / sold-out / rollover","Edge-state native/visual acceptance","Blocked","COVERAGE.md; runtime-blockers.json","B01; B02"
"C1288","DealPopup","a06","705x338","0,-58,705,338","1","Studio visual + pointer/keyboard","E activation / affordability / sold-out / rollover","Edge-state native/visual acceptance","Blocked","COVERAGE.md; runtime-blockers.json","B01"
"C1289","DealPopup","a06","705x338","0,-58,705,338","1","Physical touch","E activation / affordability / sold-out / rollover","Edge-state native/visual acceptance","Blocked","COVERAGE.md; runtime-blockers.json","B01; B02"
"C1290","DealPopup","a06","705x338","0,-58,705,338","1","Gamepad","E activation / affordability / sold-out / rollover","Edge-state native/visual acceptance","Blocked","COVERAGE.md; runtime-blockers.json","B01; B02"
"C1291","DealPopup","iphone13","749x389","0,-58,749,389","1","Studio visual + pointer/keyboard","E activation / affordability / sold-out / rollover","Edge-state native/visual acceptance","Blocked","COVERAGE.md; runtime-blockers.json","B01"
"C1292","DealPopup","iphone13","749x389","0,-58,749,389","1","Physical touch","E activation / affordability / sold-out / rollover","Edge-state native/visual acceptance","Blocked","COVERAGE.md; runtime-blockers.json","B01; B02"
"C1293","DealPopup","iphone13","749x389","0,-58,749,389","1","Gamepad","E activation / affordability / sold-out / rollover","Edge-state native/visual acceptance","Blocked","COVERAGE.md; runtime-blockers.json","B01; B02"
"C1294","DealPopup","iphone16max","831x439","0,-58,831,439","1","Studio visual + pointer/keyboard","E activation / affordability / sold-out / rollover","Edge-state native/visual acceptance","Blocked","COVERAGE.md; runtime-blockers.json","B01"
"C1295","DealPopup","iphone16max","831x439","0,-58,831,439","1","Physical touch","E activation / affordability / sold-out / rollover","Edge-state native/visual acceptance","Blocked","COVERAGE.md; runtime-blockers.json","B01; B02"
"C1296","DealPopup","iphone16max","831x439","0,-58,831,439","1","Gamepad","E activation / affordability / sold-out / rollover","Edge-state native/visual acceptance","Blocked","COVERAGE.md; runtime-blockers.json","B01; B02"
"C1297","DealPopup","smalltablet","959x599","0,-58,959,599","1","Studio visual + pointer/keyboard","E activation / affordability / sold-out / rollover","Edge-state native/visual acceptance","Blocked","COVERAGE.md; runtime-blockers.json","B01"
"C1298","DealPopup","smalltablet","959x599","0,-58,959,599","1","Physical touch","E activation / affordability / sold-out / rollover","Edge-state native/visual acceptance","Blocked","COVERAGE.md; runtime-blockers.json","B01; B02"
"C1299","DealPopup","smalltablet","959x599","0,-58,959,599","1","Gamepad","E activation / affordability / sold-out / rollover","Edge-state native/visual acceptance","Blocked","COVERAGE.md; runtime-blockers.json","B01; B02"
"C1300","DealPopup","ipad4x3","1023x768","0,-58,1023,768","1","Studio visual + pointer/keyboard","E activation / affordability / sold-out / rollover","Edge-state native/visual acceptance","Blocked","COVERAGE.md; runtime-blockers.json","B01"
"C1301","DealPopup","ipad4x3","1023x768","0,-58,1023,768","1","Physical touch","E activation / affordability / sold-out / rollover","Edge-state native/visual acceptance","Blocked","COVERAGE.md; runtime-blockers.json","B01; B02"
"C1302","DealPopup","ipad4x3","1023x768","0,-58,1023,768","1","Gamepad","E activation / affordability / sold-out / rollover","Edge-state native/visual acceptance","Blocked","COVERAGE.md; runtime-blockers.json","B01; B02"
"C1303","DealPopup","largetablet","1375x1032","0,-58,1375,1032","1.07421875","Studio visual + pointer/keyboard","E activation / affordability / sold-out / rollover","Edge-state native/visual acceptance","Blocked","COVERAGE.md; runtime-blockers.json","B01"
"C1304","DealPopup","largetablet","1375x1032","0,-58,1375,1032","1.07421875","Physical touch","E activation / affordability / sold-out / rollover","Edge-state native/visual acceptance","Blocked","COVERAGE.md; runtime-blockers.json","B01; B02"
"C1305","DealPopup","largetablet","1375x1032","0,-58,1375,1032","1.07421875","Gamepad","E activation / affordability / sold-out / rollover","Edge-state native/visual acceptance","Blocked","COVERAGE.md; runtime-blockers.json","B01; B02"
"C1306","DealPopup","laptop","1365x768","0,-58,1365,768","1.06640625","Studio visual + pointer/keyboard","E activation / affordability / sold-out / rollover","Edge-state native/visual acceptance","Blocked","COVERAGE.md; runtime-blockers.json","B01"
"C1307","DealPopup","laptop","1365x768","0,-58,1365,768","1.06640625","Physical touch","E activation / affordability / sold-out / rollover","Edge-state native/visual acceptance","Blocked","COVERAGE.md; runtime-blockers.json","B01; B02"
"C1308","DealPopup","laptop","1365x768","0,-58,1365,768","1.06640625","Gamepad","E activation / affordability / sold-out / rollover","Edge-state native/visual acceptance","Blocked","COVERAGE.md; runtime-blockers.json","B01; B02"
"C1309","DealPopup","hd720","1279x720","0,-58,1279,720","1","Studio visual + pointer/keyboard","E activation / affordability / sold-out / rollover","Edge-state native/visual acceptance","Blocked","COVERAGE.md; runtime-blockers.json","B01"
"C1310","DealPopup","hd720","1279x720","0,-58,1279,720","1","Physical touch","E activation / affordability / sold-out / rollover","Edge-state native/visual acceptance","Blocked","COVERAGE.md; runtime-blockers.json","B01; B02"
"C1311","DealPopup","hd720","1279x720","0,-58,1279,720","1","Gamepad","E activation / affordability / sold-out / rollover","Edge-state native/visual acceptance","Blocked","COVERAGE.md; runtime-blockers.json","B01; B02"
"C1312","DealPopup","desktop","1919x1079","0,-58,1919,1079","1.4986110925674438","Studio visual + pointer/keyboard","E activation / affordability / sold-out / rollover","Edge-state native/visual acceptance","Blocked","COVERAGE.md; runtime-blockers.json","B01"
"C1313","DealPopup","desktop","1919x1079","0,-58,1919,1079","1.4986110925674438","Physical touch","E activation / affordability / sold-out / rollover","Edge-state native/visual acceptance","Blocked","COVERAGE.md; runtime-blockers.json","B01; B02"
"C1314","DealPopup","desktop","1919x1079","0,-58,1919,1079","1.4986110925674438","Gamepad","E activation / affordability / sold-out / rollover","Edge-state native/visual acceptance","Blocked","COVERAGE.md; runtime-blockers.json","B01; B02"
"C1315","DealPopup","hires","2560x1440","0,-58,2560,1440","2","Studio visual + pointer/keyboard","E activation / affordability / sold-out / rollover","Edge-state native/visual acceptance","Blocked","COVERAGE.md; runtime-blockers.json","B01"
"C1316","DealPopup","hires","2560x1440","0,-58,2560,1440","2","Physical touch","E activation / affordability / sold-out / rollover","Edge-state native/visual acceptance","Blocked","COVERAGE.md; runtime-blockers.json","B01; B02"
"C1317","DealPopup","hires","2560x1440","0,-58,2560,1440","2","Gamepad","E activation / affordability / sold-out / rollover","Edge-state native/visual acceptance","Blocked","COVERAGE.md; runtime-blockers.json","B01; B02"
"C1318","DealPopup","ultrawide","3440x1440","0,-58,3440,1440","2","Studio visual + pointer/keyboard","E activation / affordability / sold-out / rollover","Edge-state native/visual acceptance","Blocked","COVERAGE.md; runtime-blockers.json","B01"
"C1319","DealPopup","ultrawide","3440x1440","0,-58,3440,1440","2","Physical touch","E activation / affordability / sold-out / rollover","Edge-state native/visual acceptance","Blocked","COVERAGE.md; runtime-blockers.json","B01; B02"
"C1320","DealPopup","ultrawide","3440x1440","0,-58,3440,1440","2","Gamepad","E activation / affordability / sold-out / rollover","Edge-state native/visual acceptance","Blocked","COVERAGE.md; runtime-blockers.json","B01; B02"
"C1321","Notifications","iphone7","666x374","0,-58,666,374","1","Studio visual + pointer/keyboard","long error / simultaneous feedback","Edge-state native/visual acceptance","Blocked","COVERAGE.md; runtime-blockers.json","B01"
"C1322","Notifications","iphone7","666x374","0,-58,666,374","1","Physical touch","long error / simultaneous feedback","Edge-state native/visual acceptance","Blocked","COVERAGE.md; runtime-blockers.json","B01; B02"
"C1323","Notifications","iphone7","666x374","0,-58,666,374","1","Gamepad","long error / simultaneous feedback","Edge-state native/visual acceptance","Blocked","COVERAGE.md; runtime-blockers.json","B01; B02"
"C1324","Notifications","a06","705x338","0,-58,705,338","1","Studio visual + pointer/keyboard","long error / simultaneous feedback","Edge-state native/visual acceptance","Blocked","COVERAGE.md; runtime-blockers.json","B01"
"C1325","Notifications","a06","705x338","0,-58,705,338","1","Physical touch","long error / simultaneous feedback","Edge-state native/visual acceptance","Blocked","COVERAGE.md; runtime-blockers.json","B01; B02"
"C1326","Notifications","a06","705x338","0,-58,705,338","1","Gamepad","long error / simultaneous feedback","Edge-state native/visual acceptance","Blocked","COVERAGE.md; runtime-blockers.json","B01; B02"
"C1327","Notifications","iphone13","749x389","0,-58,749,389","1","Studio visual + pointer/keyboard","long error / simultaneous feedback","Edge-state native/visual acceptance","Blocked","COVERAGE.md; runtime-blockers.json","B01"
"C1328","Notifications","iphone13","749x389","0,-58,749,389","1","Physical touch","long error / simultaneous feedback","Edge-state native/visual acceptance","Blocked","COVERAGE.md; runtime-blockers.json","B01; B02"
"C1329","Notifications","iphone13","749x389","0,-58,749,389","1","Gamepad","long error / simultaneous feedback","Edge-state native/visual acceptance","Blocked","COVERAGE.md; runtime-blockers.json","B01; B02"
"C1330","Notifications","iphone16max","831x439","0,-58,831,439","1","Studio visual + pointer/keyboard","long error / simultaneous feedback","Edge-state native/visual acceptance","Blocked","COVERAGE.md; runtime-blockers.json","B01"
"C1331","Notifications","iphone16max","831x439","0,-58,831,439","1","Physical touch","long error / simultaneous feedback","Edge-state native/visual acceptance","Blocked","COVERAGE.md; runtime-blockers.json","B01; B02"
"C1332","Notifications","iphone16max","831x439","0,-58,831,439","1","Gamepad","long error / simultaneous feedback","Edge-state native/visual acceptance","Blocked","COVERAGE.md; runtime-blockers.json","B01; B02"
"C1333","Notifications","smalltablet","959x599","0,-58,959,599","1","Studio visual + pointer/keyboard","long error / simultaneous feedback","Edge-state native/visual acceptance","Blocked","COVERAGE.md; runtime-blockers.json","B01"
"C1334","Notifications","smalltablet","959x599","0,-58,959,599","1","Physical touch","long error / simultaneous feedback","Edge-state native/visual acceptance","Blocked","COVERAGE.md; runtime-blockers.json","B01; B02"
"C1335","Notifications","smalltablet","959x599","0,-58,959,599","1","Gamepad","long error / simultaneous feedback","Edge-state native/visual acceptance","Blocked","COVERAGE.md; runtime-blockers.json","B01; B02"
"C1336","Notifications","ipad4x3","1023x768","0,-58,1023,768","1","Studio visual + pointer/keyboard","long error / simultaneous feedback","Edge-state native/visual acceptance","Blocked","COVERAGE.md; runtime-blockers.json","B01"
"C1337","Notifications","ipad4x3","1023x768","0,-58,1023,768","1","Physical touch","long error / simultaneous feedback","Edge-state native/visual acceptance","Blocked","COVERAGE.md; runtime-blockers.json","B01; B02"
"C1338","Notifications","ipad4x3","1023x768","0,-58,1023,768","1","Gamepad","long error / simultaneous feedback","Edge-state native/visual acceptance","Blocked","COVERAGE.md; runtime-blockers.json","B01; B02"
"C1339","Notifications","largetablet","1375x1032","0,-58,1375,1032","1.07421875","Studio visual + pointer/keyboard","long error / simultaneous feedback","Edge-state native/visual acceptance","Blocked","COVERAGE.md; runtime-blockers.json","B01"
"C1340","Notifications","largetablet","1375x1032","0,-58,1375,1032","1.07421875","Physical touch","long error / simultaneous feedback","Edge-state native/visual acceptance","Blocked","COVERAGE.md; runtime-blockers.json","B01; B02"
"C1341","Notifications","largetablet","1375x1032","0,-58,1375,1032","1.07421875","Gamepad","long error / simultaneous feedback","Edge-state native/visual acceptance","Blocked","COVERAGE.md; runtime-blockers.json","B01; B02"
"C1342","Notifications","laptop","1365x768","0,-58,1365,768","1.06640625","Studio visual + pointer/keyboard","long error / simultaneous feedback","Edge-state native/visual acceptance","Blocked","COVERAGE.md; runtime-blockers.json","B01"
"C1343","Notifications","laptop","1365x768","0,-58,1365,768","1.06640625","Physical touch","long error / simultaneous feedback","Edge-state native/visual acceptance","Blocked","COVERAGE.md; runtime-blockers.json","B01; B02"
"C1344","Notifications","laptop","1365x768","0,-58,1365,768","1.06640625","Gamepad","long error / simultaneous feedback","Edge-state native/visual acceptance","Blocked","COVERAGE.md; runtime-blockers.json","B01; B02"
"C1345","Notifications","hd720","1279x720","0,-58,1279,720","1","Studio visual + pointer/keyboard","long error / simultaneous feedback","Edge-state native/visual acceptance","Blocked","COVERAGE.md; runtime-blockers.json","B01"
"C1346","Notifications","hd720","1279x720","0,-58,1279,720","1","Physical touch","long error / simultaneous feedback","Edge-state native/visual acceptance","Blocked","COVERAGE.md; runtime-blockers.json","B01; B02"
"C1347","Notifications","hd720","1279x720","0,-58,1279,720","1","Gamepad","long error / simultaneous feedback","Edge-state native/visual acceptance","Blocked","COVERAGE.md; runtime-blockers.json","B01; B02"
"C1348","Notifications","desktop","1919x1079","0,-58,1919,1079","1.4986110925674438","Studio visual + pointer/keyboard","long error / simultaneous feedback","Edge-state native/visual acceptance","Blocked","COVERAGE.md; runtime-blockers.json","B01"
"C1349","Notifications","desktop","1919x1079","0,-58,1919,1079","1.4986110925674438","Physical touch","long error / simultaneous feedback","Edge-state native/visual acceptance","Blocked","COVERAGE.md; runtime-blockers.json","B01; B02"
"C1350","Notifications","desktop","1919x1079","0,-58,1919,1079","1.4986110925674438","Gamepad","long error / simultaneous feedback","Edge-state native/visual acceptance","Blocked","COVERAGE.md; runtime-blockers.json","B01; B02"
"C1351","Notifications","hires","2560x1440","0,-58,2560,1440","2","Studio visual + pointer/keyboard","long error / simultaneous feedback","Edge-state native/visual acceptance","Blocked","COVERAGE.md; runtime-blockers.json","B01"
"C1352","Notifications","hires","2560x1440","0,-58,2560,1440","2","Physical touch","long error / simultaneous feedback","Edge-state native/visual acceptance","Blocked","COVERAGE.md; runtime-blockers.json","B01; B02"
"C1353","Notifications","hires","2560x1440","0,-58,2560,1440","2","Gamepad","long error / simultaneous feedback","Edge-state native/visual acceptance","Blocked","COVERAGE.md; runtime-blockers.json","B01; B02"
"C1354","Notifications","ultrawide","3440x1440","0,-58,3440,1440","2","Studio visual + pointer/keyboard","long error / simultaneous feedback","Edge-state native/visual acceptance","Blocked","COVERAGE.md; runtime-blockers.json","B01"
"C1355","Notifications","ultrawide","3440x1440","0,-58,3440,1440","2","Physical touch","long error / simultaneous feedback","Edge-state native/visual acceptance","Blocked","COVERAGE.md; runtime-blockers.json","B01; B02"
"C1356","Notifications","ultrawide","3440x1440","0,-58,3440,1440","2","Gamepad","long error / simultaneous feedback","Edge-state native/visual acceptance","Blocked","COVERAGE.md; runtime-blockers.json","B01; B02"
"C1357","OwnerWorld","iphone7","666x374","0,-58,666,374","1","Studio visual + pointer/keyboard","native E / click / tap / Shelf arrows","Edge-state native/visual acceptance","Blocked","COVERAGE.md; runtime-blockers.json","B01"
"C1358","OwnerWorld","iphone7","666x374","0,-58,666,374","1","Physical touch","native E / click / tap / Shelf arrows","Edge-state native/visual acceptance","Blocked","COVERAGE.md; runtime-blockers.json","B01; B02"
"C1359","OwnerWorld","iphone7","666x374","0,-58,666,374","1","Gamepad","native E / click / tap / Shelf arrows","Edge-state native/visual acceptance","Blocked","COVERAGE.md; runtime-blockers.json","B01; B02"
"C1360","OwnerWorld","a06","705x338","0,-58,705,338","1","Studio visual + pointer/keyboard","native E / click / tap / Shelf arrows","Edge-state native/visual acceptance","Blocked","COVERAGE.md; runtime-blockers.json","B01"
"C1361","OwnerWorld","a06","705x338","0,-58,705,338","1","Physical touch","native E / click / tap / Shelf arrows","Edge-state native/visual acceptance","Blocked","COVERAGE.md; runtime-blockers.json","B01; B02"
"C1362","OwnerWorld","a06","705x338","0,-58,705,338","1","Gamepad","native E / click / tap / Shelf arrows","Edge-state native/visual acceptance","Blocked","COVERAGE.md; runtime-blockers.json","B01; B02"
"C1363","OwnerWorld","iphone13","749x389","0,-58,749,389","1","Studio visual + pointer/keyboard","native E / click / tap / Shelf arrows","Edge-state native/visual acceptance","Blocked","COVERAGE.md; runtime-blockers.json","B01"
"C1364","OwnerWorld","iphone13","749x389","0,-58,749,389","1","Physical touch","native E / click / tap / Shelf arrows","Edge-state native/visual acceptance","Blocked","COVERAGE.md; runtime-blockers.json","B01; B02"
"C1365","OwnerWorld","iphone13","749x389","0,-58,749,389","1","Gamepad","native E / click / tap / Shelf arrows","Edge-state native/visual acceptance","Blocked","COVERAGE.md; runtime-blockers.json","B01; B02"
"C1366","OwnerWorld","iphone16max","831x439","0,-58,831,439","1","Studio visual + pointer/keyboard","native E / click / tap / Shelf arrows","Edge-state native/visual acceptance","Blocked","COVERAGE.md; runtime-blockers.json","B01"
"C1367","OwnerWorld","iphone16max","831x439","0,-58,831,439","1","Physical touch","native E / click / tap / Shelf arrows","Edge-state native/visual acceptance","Blocked","COVERAGE.md; runtime-blockers.json","B01; B02"
"C1368","OwnerWorld","iphone16max","831x439","0,-58,831,439","1","Gamepad","native E / click / tap / Shelf arrows","Edge-state native/visual acceptance","Blocked","COVERAGE.md; runtime-blockers.json","B01; B02"
"C1369","OwnerWorld","smalltablet","959x599","0,-58,959,599","1","Studio visual + pointer/keyboard","native E / click / tap / Shelf arrows","Edge-state native/visual acceptance","Blocked","COVERAGE.md; runtime-blockers.json","B01"
"C1370","OwnerWorld","smalltablet","959x599","0,-58,959,599","1","Physical touch","native E / click / tap / Shelf arrows","Edge-state native/visual acceptance","Blocked","COVERAGE.md; runtime-blockers.json","B01; B02"
"C1371","OwnerWorld","smalltablet","959x599","0,-58,959,599","1","Gamepad","native E / click / tap / Shelf arrows","Edge-state native/visual acceptance","Blocked","COVERAGE.md; runtime-blockers.json","B01; B02"
"C1372","OwnerWorld","ipad4x3","1023x768","0,-58,1023,768","1","Studio visual + pointer/keyboard","native E / click / tap / Shelf arrows","Edge-state native/visual acceptance","Blocked","COVERAGE.md; runtime-blockers.json","B01"
"C1373","OwnerWorld","ipad4x3","1023x768","0,-58,1023,768","1","Physical touch","native E / click / tap / Shelf arrows","Edge-state native/visual acceptance","Blocked","COVERAGE.md; runtime-blockers.json","B01; B02"
"C1374","OwnerWorld","ipad4x3","1023x768","0,-58,1023,768","1","Gamepad","native E / click / tap / Shelf arrows","Edge-state native/visual acceptance","Blocked","COVERAGE.md; runtime-blockers.json","B01; B02"
"C1375","OwnerWorld","largetablet","1375x1032","0,-58,1375,1032","1.07421875","Studio visual + pointer/keyboard","native E / click / tap / Shelf arrows","Edge-state native/visual acceptance","Blocked","COVERAGE.md; runtime-blockers.json","B01"
"C1376","OwnerWorld","largetablet","1375x1032","0,-58,1375,1032","1.07421875","Physical touch","native E / click / tap / Shelf arrows","Edge-state native/visual acceptance","Blocked","COVERAGE.md; runtime-blockers.json","B01; B02"
"C1377","OwnerWorld","largetablet","1375x1032","0,-58,1375,1032","1.07421875","Gamepad","native E / click / tap / Shelf arrows","Edge-state native/visual acceptance","Blocked","COVERAGE.md; runtime-blockers.json","B01; B02"
"C1378","OwnerWorld","laptop","1365x768","0,-58,1365,768","1.06640625","Studio visual + pointer/keyboard","native E / click / tap / Shelf arrows","Edge-state native/visual acceptance","Blocked","COVERAGE.md; runtime-blockers.json","B01"
"C1379","OwnerWorld","laptop","1365x768","0,-58,1365,768","1.06640625","Physical touch","native E / click / tap / Shelf arrows","Edge-state native/visual acceptance","Blocked","COVERAGE.md; runtime-blockers.json","B01; B02"
"C1380","OwnerWorld","laptop","1365x768","0,-58,1365,768","1.06640625","Gamepad","native E / click / tap / Shelf arrows","Edge-state native/visual acceptance","Blocked","COVERAGE.md; runtime-blockers.json","B01; B02"
"C1381","OwnerWorld","hd720","1279x720","0,-58,1279,720","1","Studio visual + pointer/keyboard","native E / click / tap / Shelf arrows","Edge-state native/visual acceptance","Blocked","COVERAGE.md; runtime-blockers.json","B01"
"C1382","OwnerWorld","hd720","1279x720","0,-58,1279,720","1","Physical touch","native E / click / tap / Shelf arrows","Edge-state native/visual acceptance","Blocked","COVERAGE.md; runtime-blockers.json","B01; B02"
"C1383","OwnerWorld","hd720","1279x720","0,-58,1279,720","1","Gamepad","native E / click / tap / Shelf arrows","Edge-state native/visual acceptance","Blocked","COVERAGE.md; runtime-blockers.json","B01; B02"
"C1384","OwnerWorld","desktop","1919x1079","0,-58,1919,1079","1.4986110925674438","Studio visual + pointer/keyboard","native E / click / tap / Shelf arrows","Edge-state native/visual acceptance","Blocked","COVERAGE.md; runtime-blockers.json","B01"
"C1385","OwnerWorld","desktop","1919x1079","0,-58,1919,1079","1.4986110925674438","Physical touch","native E / click / tap / Shelf arrows","Edge-state native/visual acceptance","Blocked","COVERAGE.md; runtime-blockers.json","B01; B02"
"C1386","OwnerWorld","desktop","1919x1079","0,-58,1919,1079","1.4986110925674438","Gamepad","native E / click / tap / Shelf arrows","Edge-state native/visual acceptance","Blocked","COVERAGE.md; runtime-blockers.json","B01; B02"
"C1387","OwnerWorld","hires","2560x1440","0,-58,2560,1440","2","Studio visual + pointer/keyboard","native E / click / tap / Shelf arrows","Edge-state native/visual acceptance","Blocked","COVERAGE.md; runtime-blockers.json","B01"
"C1388","OwnerWorld","hires","2560x1440","0,-58,2560,1440","2","Physical touch","native E / click / tap / Shelf arrows","Edge-state native/visual acceptance","Blocked","COVERAGE.md; runtime-blockers.json","B01; B02"
"C1389","OwnerWorld","hires","2560x1440","0,-58,2560,1440","2","Gamepad","native E / click / tap / Shelf arrows","Edge-state native/visual acceptance","Blocked","COVERAGE.md; runtime-blockers.json","B01; B02"
"C1390","OwnerWorld","ultrawide","3440x1440","0,-58,3440,1440","2","Studio visual + pointer/keyboard","native E / click / tap / Shelf arrows","Edge-state native/visual acceptance","Blocked","COVERAGE.md; runtime-blockers.json","B01"
"C1391","OwnerWorld","ultrawide","3440x1440","0,-58,3440,1440","2","Physical touch","native E / click / tap / Shelf arrows","Edge-state native/visual acceptance","Blocked","COVERAGE.md; runtime-blockers.json","B01; B02"
"C1392","OwnerWorld","ultrawide","3440x1440","0,-58,3440,1440","2","Gamepad","native E / click / tap / Shelf arrows","Edge-state native/visual acceptance","Blocked","COVERAGE.md; runtime-blockers.json","B01; B02"
"C1393","PlazaWorld","iphone7","666x374","0,-58,666,374","1","Studio visual + pointer/keyboard","walking tour / leaderboard / visitor input","Edge-state native/visual acceptance","Blocked","COVERAGE.md; runtime-blockers.json","B01"
"C1394","PlazaWorld","iphone7","666x374","0,-58,666,374","1","Physical touch","walking tour / leaderboard / visitor input","Edge-state native/visual acceptance","Blocked","COVERAGE.md; runtime-blockers.json","B01; B02"
"C1395","PlazaWorld","iphone7","666x374","0,-58,666,374","1","Gamepad","walking tour / leaderboard / visitor input","Edge-state native/visual acceptance","Blocked","COVERAGE.md; runtime-blockers.json","B01; B02"
"C1396","PlazaWorld","a06","705x338","0,-58,705,338","1","Studio visual + pointer/keyboard","walking tour / leaderboard / visitor input","Edge-state native/visual acceptance","Blocked","COVERAGE.md; runtime-blockers.json","B01"
"C1397","PlazaWorld","a06","705x338","0,-58,705,338","1","Physical touch","walking tour / leaderboard / visitor input","Edge-state native/visual acceptance","Blocked","COVERAGE.md; runtime-blockers.json","B01; B02"
"C1398","PlazaWorld","a06","705x338","0,-58,705,338","1","Gamepad","walking tour / leaderboard / visitor input","Edge-state native/visual acceptance","Blocked","COVERAGE.md; runtime-blockers.json","B01; B02"
"C1399","PlazaWorld","iphone13","749x389","0,-58,749,389","1","Studio visual + pointer/keyboard","walking tour / leaderboard / visitor input","Edge-state native/visual acceptance","Blocked","COVERAGE.md; runtime-blockers.json","B01"
"C1400","PlazaWorld","iphone13","749x389","0,-58,749,389","1","Physical touch","walking tour / leaderboard / visitor input","Edge-state native/visual acceptance","Blocked","COVERAGE.md; runtime-blockers.json","B01; B02"
"C1401","PlazaWorld","iphone13","749x389","0,-58,749,389","1","Gamepad","walking tour / leaderboard / visitor input","Edge-state native/visual acceptance","Blocked","COVERAGE.md; runtime-blockers.json","B01; B02"
"C1402","PlazaWorld","iphone16max","831x439","0,-58,831,439","1","Studio visual + pointer/keyboard","walking tour / leaderboard / visitor input","Edge-state native/visual acceptance","Blocked","COVERAGE.md; runtime-blockers.json","B01"
"C1403","PlazaWorld","iphone16max","831x439","0,-58,831,439","1","Physical touch","walking tour / leaderboard / visitor input","Edge-state native/visual acceptance","Blocked","COVERAGE.md; runtime-blockers.json","B01; B02"
"C1404","PlazaWorld","iphone16max","831x439","0,-58,831,439","1","Gamepad","walking tour / leaderboard / visitor input","Edge-state native/visual acceptance","Blocked","COVERAGE.md; runtime-blockers.json","B01; B02"
"C1405","PlazaWorld","smalltablet","959x599","0,-58,959,599","1","Studio visual + pointer/keyboard","walking tour / leaderboard / visitor input","Edge-state native/visual acceptance","Blocked","COVERAGE.md; runtime-blockers.json","B01"
"C1406","PlazaWorld","smalltablet","959x599","0,-58,959,599","1","Physical touch","walking tour / leaderboard / visitor input","Edge-state native/visual acceptance","Blocked","COVERAGE.md; runtime-blockers.json","B01; B02"
"C1407","PlazaWorld","smalltablet","959x599","0,-58,959,599","1","Gamepad","walking tour / leaderboard / visitor input","Edge-state native/visual acceptance","Blocked","COVERAGE.md; runtime-blockers.json","B01; B02"
"C1408","PlazaWorld","ipad4x3","1023x768","0,-58,1023,768","1","Studio visual + pointer/keyboard","walking tour / leaderboard / visitor input","Edge-state native/visual acceptance","Blocked","COVERAGE.md; runtime-blockers.json","B01"
"C1409","PlazaWorld","ipad4x3","1023x768","0,-58,1023,768","1","Physical touch","walking tour / leaderboard / visitor input","Edge-state native/visual acceptance","Blocked","COVERAGE.md; runtime-blockers.json","B01; B02"
"C1410","PlazaWorld","ipad4x3","1023x768","0,-58,1023,768","1","Gamepad","walking tour / leaderboard / visitor input","Edge-state native/visual acceptance","Blocked","COVERAGE.md; runtime-blockers.json","B01; B02"
"C1411","PlazaWorld","largetablet","1375x1032","0,-58,1375,1032","1.07421875","Studio visual + pointer/keyboard","walking tour / leaderboard / visitor input","Edge-state native/visual acceptance","Blocked","COVERAGE.md; runtime-blockers.json","B01"
"C1412","PlazaWorld","largetablet","1375x1032","0,-58,1375,1032","1.07421875","Physical touch","walking tour / leaderboard / visitor input","Edge-state native/visual acceptance","Blocked","COVERAGE.md; runtime-blockers.json","B01; B02"
"C1413","PlazaWorld","largetablet","1375x1032","0,-58,1375,1032","1.07421875","Gamepad","walking tour / leaderboard / visitor input","Edge-state native/visual acceptance","Blocked","COVERAGE.md; runtime-blockers.json","B01; B02"
"C1414","PlazaWorld","laptop","1365x768","0,-58,1365,768","1.06640625","Studio visual + pointer/keyboard","walking tour / leaderboard / visitor input","Edge-state native/visual acceptance","Blocked","COVERAGE.md; runtime-blockers.json","B01"
"C1415","PlazaWorld","laptop","1365x768","0,-58,1365,768","1.06640625","Physical touch","walking tour / leaderboard / visitor input","Edge-state native/visual acceptance","Blocked","COVERAGE.md; runtime-blockers.json","B01; B02"
"C1416","PlazaWorld","laptop","1365x768","0,-58,1365,768","1.06640625","Gamepad","walking tour / leaderboard / visitor input","Edge-state native/visual acceptance","Blocked","COVERAGE.md; runtime-blockers.json","B01; B02"
"C1417","PlazaWorld","hd720","1279x720","0,-58,1279,720","1","Studio visual + pointer/keyboard","walking tour / leaderboard / visitor input","Edge-state native/visual acceptance","Blocked","COVERAGE.md; runtime-blockers.json","B01"
"C1418","PlazaWorld","hd720","1279x720","0,-58,1279,720","1","Physical touch","walking tour / leaderboard / visitor input","Edge-state native/visual acceptance","Blocked","COVERAGE.md; runtime-blockers.json","B01; B02"
"C1419","PlazaWorld","hd720","1279x720","0,-58,1279,720","1","Gamepad","walking tour / leaderboard / visitor input","Edge-state native/visual acceptance","Blocked","COVERAGE.md; runtime-blockers.json","B01; B02"
"C1420","PlazaWorld","desktop","1919x1079","0,-58,1919,1079","1.4986110925674438","Studio visual + pointer/keyboard","walking tour / leaderboard / visitor input","Edge-state native/visual acceptance","Blocked","COVERAGE.md; runtime-blockers.json","B01"
"C1421","PlazaWorld","desktop","1919x1079","0,-58,1919,1079","1.4986110925674438","Physical touch","walking tour / leaderboard / visitor input","Edge-state native/visual acceptance","Blocked","COVERAGE.md; runtime-blockers.json","B01; B02"
"C1422","PlazaWorld","desktop","1919x1079","0,-58,1919,1079","1.4986110925674438","Gamepad","walking tour / leaderboard / visitor input","Edge-state native/visual acceptance","Blocked","COVERAGE.md; runtime-blockers.json","B01; B02"
"C1423","PlazaWorld","hires","2560x1440","0,-58,2560,1440","2","Studio visual + pointer/keyboard","walking tour / leaderboard / visitor input","Edge-state native/visual acceptance","Blocked","COVERAGE.md; runtime-blockers.json","B01"
"C1424","PlazaWorld","hires","2560x1440","0,-58,2560,1440","2","Physical touch","walking tour / leaderboard / visitor input","Edge-state native/visual acceptance","Blocked","COVERAGE.md; runtime-blockers.json","B01; B02"
"C1425","PlazaWorld","hires","2560x1440","0,-58,2560,1440","2","Gamepad","walking tour / leaderboard / visitor input","Edge-state native/visual acceptance","Blocked","COVERAGE.md; runtime-blockers.json","B01; B02"
"C1426","PlazaWorld","ultrawide","3440x1440","0,-58,3440,1440","2","Studio visual + pointer/keyboard","walking tour / leaderboard / visitor input","Edge-state native/visual acceptance","Blocked","COVERAGE.md; runtime-blockers.json","B01"
"C1427","PlazaWorld","ultrawide","3440x1440","0,-58,3440,1440","2","Physical touch","walking tour / leaderboard / visitor input","Edge-state native/visual acceptance","Blocked","COVERAGE.md; runtime-blockers.json","B01; B02"
"C1428","PlazaWorld","ultrawide","3440x1440","0,-58,3440,1440","2","Gamepad","walking tour / leaderboard / visitor input","Edge-state native/visual acceptance","Blocked","COVERAGE.md; runtime-blockers.json","B01; B02"
"C1429","All UI","iphone7","666x374","0,-58,666,374","1","Studio visual + pointer/keyboard","reset / death / leave / pending transaction","Edge-state native/visual acceptance","Blocked","COVERAGE.md; runtime-blockers.json","B01"
"C1430","All UI","iphone7","666x374","0,-58,666,374","1","Physical touch","reset / death / leave / pending transaction","Edge-state native/visual acceptance","Blocked","COVERAGE.md; runtime-blockers.json","B01; B02"
"C1431","All UI","iphone7","666x374","0,-58,666,374","1","Gamepad","reset / death / leave / pending transaction","Edge-state native/visual acceptance","Blocked","COVERAGE.md; runtime-blockers.json","B01; B02"
"C1432","All UI","a06","705x338","0,-58,705,338","1","Studio visual + pointer/keyboard","reset / death / leave / pending transaction","Edge-state native/visual acceptance","Blocked","COVERAGE.md; runtime-blockers.json","B01"
"C1433","All UI","a06","705x338","0,-58,705,338","1","Physical touch","reset / death / leave / pending transaction","Edge-state native/visual acceptance","Blocked","COVERAGE.md; runtime-blockers.json","B01; B02"
"C1434","All UI","a06","705x338","0,-58,705,338","1","Gamepad","reset / death / leave / pending transaction","Edge-state native/visual acceptance","Blocked","COVERAGE.md; runtime-blockers.json","B01; B02"
"C1435","All UI","iphone13","749x389","0,-58,749,389","1","Studio visual + pointer/keyboard","reset / death / leave / pending transaction","Edge-state native/visual acceptance","Blocked","COVERAGE.md; runtime-blockers.json","B01"
"C1436","All UI","iphone13","749x389","0,-58,749,389","1","Physical touch","reset / death / leave / pending transaction","Edge-state native/visual acceptance","Blocked","COVERAGE.md; runtime-blockers.json","B01; B02"
"C1437","All UI","iphone13","749x389","0,-58,749,389","1","Gamepad","reset / death / leave / pending transaction","Edge-state native/visual acceptance","Blocked","COVERAGE.md; runtime-blockers.json","B01; B02"
"C1438","All UI","iphone16max","831x439","0,-58,831,439","1","Studio visual + pointer/keyboard","reset / death / leave / pending transaction","Edge-state native/visual acceptance","Blocked","COVERAGE.md; runtime-blockers.json","B01"
"C1439","All UI","iphone16max","831x439","0,-58,831,439","1","Physical touch","reset / death / leave / pending transaction","Edge-state native/visual acceptance","Blocked","COVERAGE.md; runtime-blockers.json","B01; B02"
"C1440","All UI","iphone16max","831x439","0,-58,831,439","1","Gamepad","reset / death / leave / pending transaction","Edge-state native/visual acceptance","Blocked","COVERAGE.md; runtime-blockers.json","B01; B02"
"C1441","All UI","smalltablet","959x599","0,-58,959,599","1","Studio visual + pointer/keyboard","reset / death / leave / pending transaction","Edge-state native/visual acceptance","Blocked","COVERAGE.md; runtime-blockers.json","B01"
"C1442","All UI","smalltablet","959x599","0,-58,959,599","1","Physical touch","reset / death / leave / pending transaction","Edge-state native/visual acceptance","Blocked","COVERAGE.md; runtime-blockers.json","B01; B02"
"C1443","All UI","smalltablet","959x599","0,-58,959,599","1","Gamepad","reset / death / leave / pending transaction","Edge-state native/visual acceptance","Blocked","COVERAGE.md; runtime-blockers.json","B01; B02"
"C1444","All UI","ipad4x3","1023x768","0,-58,1023,768","1","Studio visual + pointer/keyboard","reset / death / leave / pending transaction","Edge-state native/visual acceptance","Blocked","COVERAGE.md; runtime-blockers.json","B01"
"C1445","All UI","ipad4x3","1023x768","0,-58,1023,768","1","Physical touch","reset / death / leave / pending transaction","Edge-state native/visual acceptance","Blocked","COVERAGE.md; runtime-blockers.json","B01; B02"
"C1446","All UI","ipad4x3","1023x768","0,-58,1023,768","1","Gamepad","reset / death / leave / pending transaction","Edge-state native/visual acceptance","Blocked","COVERAGE.md; runtime-blockers.json","B01; B02"
"C1447","All UI","largetablet","1375x1032","0,-58,1375,1032","1.07421875","Studio visual + pointer/keyboard","reset / death / leave / pending transaction","Edge-state native/visual acceptance","Blocked","COVERAGE.md; runtime-blockers.json","B01"
"C1448","All UI","largetablet","1375x1032","0,-58,1375,1032","1.07421875","Physical touch","reset / death / leave / pending transaction","Edge-state native/visual acceptance","Blocked","COVERAGE.md; runtime-blockers.json","B01; B02"
"C1449","All UI","largetablet","1375x1032","0,-58,1375,1032","1.07421875","Gamepad","reset / death / leave / pending transaction","Edge-state native/visual acceptance","Blocked","COVERAGE.md; runtime-blockers.json","B01; B02"
"C1450","All UI","laptop","1365x768","0,-58,1365,768","1.06640625","Studio visual + pointer/keyboard","reset / death / leave / pending transaction","Edge-state native/visual acceptance","Blocked","COVERAGE.md; runtime-blockers.json","B01"
"C1451","All UI","laptop","1365x768","0,-58,1365,768","1.06640625","Physical touch","reset / death / leave / pending transaction","Edge-state native/visual acceptance","Blocked","COVERAGE.md; runtime-blockers.json","B01; B02"
"C1452","All UI","laptop","1365x768","0,-58,1365,768","1.06640625","Gamepad","reset / death / leave / pending transaction","Edge-state native/visual acceptance","Blocked","COVERAGE.md; runtime-blockers.json","B01; B02"
"C1453","All UI","hd720","1279x720","0,-58,1279,720","1","Studio visual + pointer/keyboard","reset / death / leave / pending transaction","Edge-state native/visual acceptance","Blocked","COVERAGE.md; runtime-blockers.json","B01"
"C1454","All UI","hd720","1279x720","0,-58,1279,720","1","Physical touch","reset / death / leave / pending transaction","Edge-state native/visual acceptance","Blocked","COVERAGE.md; runtime-blockers.json","B01; B02"
"C1455","All UI","hd720","1279x720","0,-58,1279,720","1","Gamepad","reset / death / leave / pending transaction","Edge-state native/visual acceptance","Blocked","COVERAGE.md; runtime-blockers.json","B01; B02"
"C1456","All UI","desktop","1919x1079","0,-58,1919,1079","1.4986110925674438","Studio visual + pointer/keyboard","reset / death / leave / pending transaction","Edge-state native/visual acceptance","Blocked","COVERAGE.md; runtime-blockers.json","B01"
"C1457","All UI","desktop","1919x1079","0,-58,1919,1079","1.4986110925674438","Physical touch","reset / death / leave / pending transaction","Edge-state native/visual acceptance","Blocked","COVERAGE.md; runtime-blockers.json","B01; B02"
"C1458","All UI","desktop","1919x1079","0,-58,1919,1079","1.4986110925674438","Gamepad","reset / death / leave / pending transaction","Edge-state native/visual acceptance","Blocked","COVERAGE.md; runtime-blockers.json","B01; B02"
"C1459","All UI","hires","2560x1440","0,-58,2560,1440","2","Studio visual + pointer/keyboard","reset / death / leave / pending transaction","Edge-state native/visual acceptance","Blocked","COVERAGE.md; runtime-blockers.json","B01"
"C1460","All UI","hires","2560x1440","0,-58,2560,1440","2","Physical touch","reset / death / leave / pending transaction","Edge-state native/visual acceptance","Blocked","COVERAGE.md; runtime-blockers.json","B01; B02"
"C1461","All UI","hires","2560x1440","0,-58,2560,1440","2","Gamepad","reset / death / leave / pending transaction","Edge-state native/visual acceptance","Blocked","COVERAGE.md; runtime-blockers.json","B01; B02"
"C1462","All UI","ultrawide","3440x1440","0,-58,3440,1440","2","Studio visual + pointer/keyboard","reset / death / leave / pending transaction","Edge-state native/visual acceptance","Blocked","COVERAGE.md; runtime-blockers.json","B01"
"C1463","All UI","ultrawide","3440x1440","0,-58,3440,1440","2","Physical touch","reset / death / leave / pending transaction","Edge-state native/visual acceptance","Blocked","COVERAGE.md; runtime-blockers.json","B01; B02"
"C1464","All UI","ultrawide","3440x1440","0,-58,3440,1440","2","Gamepad","reset / death / leave / pending transaction","Edge-state native/visual acceptance","Blocked","COVERAGE.md; runtime-blockers.json","B01; B02"
"C1465","All UI","iphone7","666x374","0,-58,666,374","1","Studio visual + pointer/keyboard","resize / rotation / focus / GUI recreation / input switching","Edge-state native/visual acceptance","Blocked","COVERAGE.md; runtime-blockers.json","B01"
"C1466","All UI","iphone7","666x374","0,-58,666,374","1","Physical touch","resize / rotation / focus / GUI recreation / input switching","Edge-state native/visual acceptance","Blocked","COVERAGE.md; runtime-blockers.json","B01; B02"
"C1467","All UI","iphone7","666x374","0,-58,666,374","1","Gamepad","resize / rotation / focus / GUI recreation / input switching","Edge-state native/visual acceptance","Blocked","COVERAGE.md; runtime-blockers.json","B01; B02"
"C1468","All UI","a06","705x338","0,-58,705,338","1","Studio visual + pointer/keyboard","resize / rotation / focus / GUI recreation / input switching","Edge-state native/visual acceptance","Blocked","COVERAGE.md; runtime-blockers.json","B01"
"C1469","All UI","a06","705x338","0,-58,705,338","1","Physical touch","resize / rotation / focus / GUI recreation / input switching","Edge-state native/visual acceptance","Blocked","COVERAGE.md; runtime-blockers.json","B01; B02"
"C1470","All UI","a06","705x338","0,-58,705,338","1","Gamepad","resize / rotation / focus / GUI recreation / input switching","Edge-state native/visual acceptance","Blocked","COVERAGE.md; runtime-blockers.json","B01; B02"
"C1471","All UI","iphone13","749x389","0,-58,749,389","1","Studio visual + pointer/keyboard","resize / rotation / focus / GUI recreation / input switching","Edge-state native/visual acceptance","Blocked","COVERAGE.md; runtime-blockers.json","B01"
"C1472","All UI","iphone13","749x389","0,-58,749,389","1","Physical touch","resize / rotation / focus / GUI recreation / input switching","Edge-state native/visual acceptance","Blocked","COVERAGE.md; runtime-blockers.json","B01; B02"
"C1473","All UI","iphone13","749x389","0,-58,749,389","1","Gamepad","resize / rotation / focus / GUI recreation / input switching","Edge-state native/visual acceptance","Blocked","COVERAGE.md; runtime-blockers.json","B01; B02"
"C1474","All UI","iphone16max","831x439","0,-58,831,439","1","Studio visual + pointer/keyboard","resize / rotation / focus / GUI recreation / input switching","Edge-state native/visual acceptance","Blocked","COVERAGE.md; runtime-blockers.json","B01"
"C1475","All UI","iphone16max","831x439","0,-58,831,439","1","Physical touch","resize / rotation / focus / GUI recreation / input switching","Edge-state native/visual acceptance","Blocked","COVERAGE.md; runtime-blockers.json","B01; B02"
"C1476","All UI","iphone16max","831x439","0,-58,831,439","1","Gamepad","resize / rotation / focus / GUI recreation / input switching","Edge-state native/visual acceptance","Blocked","COVERAGE.md; runtime-blockers.json","B01; B02"
"C1477","All UI","smalltablet","959x599","0,-58,959,599","1","Studio visual + pointer/keyboard","resize / rotation / focus / GUI recreation / input switching","Edge-state native/visual acceptance","Blocked","COVERAGE.md; runtime-blockers.json","B01"
"C1478","All UI","smalltablet","959x599","0,-58,959,599","1","Physical touch","resize / rotation / focus / GUI recreation / input switching","Edge-state native/visual acceptance","Blocked","COVERAGE.md; runtime-blockers.json","B01; B02"
"C1479","All UI","smalltablet","959x599","0,-58,959,599","1","Gamepad","resize / rotation / focus / GUI recreation / input switching","Edge-state native/visual acceptance","Blocked","COVERAGE.md; runtime-blockers.json","B01; B02"
"C1480","All UI","ipad4x3","1023x768","0,-58,1023,768","1","Studio visual + pointer/keyboard","resize / rotation / focus / GUI recreation / input switching","Edge-state native/visual acceptance","Blocked","COVERAGE.md; runtime-blockers.json","B01"
"C1481","All UI","ipad4x3","1023x768","0,-58,1023,768","1","Physical touch","resize / rotation / focus / GUI recreation / input switching","Edge-state native/visual acceptance","Blocked","COVERAGE.md; runtime-blockers.json","B01; B02"
"C1482","All UI","ipad4x3","1023x768","0,-58,1023,768","1","Gamepad","resize / rotation / focus / GUI recreation / input switching","Edge-state native/visual acceptance","Blocked","COVERAGE.md; runtime-blockers.json","B01; B02"
"C1483","All UI","largetablet","1375x1032","0,-58,1375,1032","1.07421875","Studio visual + pointer/keyboard","resize / rotation / focus / GUI recreation / input switching","Edge-state native/visual acceptance","Blocked","COVERAGE.md; runtime-blockers.json","B01"
"C1484","All UI","largetablet","1375x1032","0,-58,1375,1032","1.07421875","Physical touch","resize / rotation / focus / GUI recreation / input switching","Edge-state native/visual acceptance","Blocked","COVERAGE.md; runtime-blockers.json","B01; B02"
"C1485","All UI","largetablet","1375x1032","0,-58,1375,1032","1.07421875","Gamepad","resize / rotation / focus / GUI recreation / input switching","Edge-state native/visual acceptance","Blocked","COVERAGE.md; runtime-blockers.json","B01; B02"
"C1486","All UI","laptop","1365x768","0,-58,1365,768","1.06640625","Studio visual + pointer/keyboard","resize / rotation / focus / GUI recreation / input switching","Edge-state native/visual acceptance","Blocked","COVERAGE.md; runtime-blockers.json","B01"
"C1487","All UI","laptop","1365x768","0,-58,1365,768","1.06640625","Physical touch","resize / rotation / focus / GUI recreation / input switching","Edge-state native/visual acceptance","Blocked","COVERAGE.md; runtime-blockers.json","B01; B02"
"C1488","All UI","laptop","1365x768","0,-58,1365,768","1.06640625","Gamepad","resize / rotation / focus / GUI recreation / input switching","Edge-state native/visual acceptance","Blocked","COVERAGE.md; runtime-blockers.json","B01; B02"
"C1489","All UI","hd720","1279x720","0,-58,1279,720","1","Studio visual + pointer/keyboard","resize / rotation / focus / GUI recreation / input switching","Edge-state native/visual acceptance","Blocked","COVERAGE.md; runtime-blockers.json","B01"
"C1490","All UI","hd720","1279x720","0,-58,1279,720","1","Physical touch","resize / rotation / focus / GUI recreation / input switching","Edge-state native/visual acceptance","Blocked","COVERAGE.md; runtime-blockers.json","B01; B02"
"C1491","All UI","hd720","1279x720","0,-58,1279,720","1","Gamepad","resize / rotation / focus / GUI recreation / input switching","Edge-state native/visual acceptance","Blocked","COVERAGE.md; runtime-blockers.json","B01; B02"
"C1492","All UI","desktop","1919x1079","0,-58,1919,1079","1.4986110925674438","Studio visual + pointer/keyboard","resize / rotation / focus / GUI recreation / input switching","Edge-state native/visual acceptance","Blocked","COVERAGE.md; runtime-blockers.json","B01"
"C1493","All UI","desktop","1919x1079","0,-58,1919,1079","1.4986110925674438","Physical touch","resize / rotation / focus / GUI recreation / input switching","Edge-state native/visual acceptance","Blocked","COVERAGE.md; runtime-blockers.json","B01; B02"
"C1494","All UI","desktop","1919x1079","0,-58,1919,1079","1.4986110925674438","Gamepad","resize / rotation / focus / GUI recreation / input switching","Edge-state native/visual acceptance","Blocked","COVERAGE.md; runtime-blockers.json","B01; B02"
"C1495","All UI","hires","2560x1440","0,-58,2560,1440","2","Studio visual + pointer/keyboard","resize / rotation / focus / GUI recreation / input switching","Edge-state native/visual acceptance","Blocked","COVERAGE.md; runtime-blockers.json","B01"
"C1496","All UI","hires","2560x1440","0,-58,2560,1440","2","Physical touch","resize / rotation / focus / GUI recreation / input switching","Edge-state native/visual acceptance","Blocked","COVERAGE.md; runtime-blockers.json","B01; B02"
"C1497","All UI","hires","2560x1440","0,-58,2560,1440","2","Gamepad","resize / rotation / focus / GUI recreation / input switching","Edge-state native/visual acceptance","Blocked","COVERAGE.md; runtime-blockers.json","B01; B02"
"C1498","All UI","ultrawide","3440x1440","0,-58,3440,1440","2","Studio visual + pointer/keyboard","resize / rotation / focus / GUI recreation / input switching","Edge-state native/visual acceptance","Blocked","COVERAGE.md; runtime-blockers.json","B01"
"C1499","All UI","ultrawide","3440x1440","0,-58,3440,1440","2","Physical touch","resize / rotation / focus / GUI recreation / input switching","Edge-state native/visual acceptance","Blocked","COVERAGE.md; runtime-blockers.json","B01; B02"
"C1500","All UI","ultrawide","3440x1440","0,-58,3440,1440","2","Gamepad","resize / rotation / focus / GUI recreation / input switching","Edge-state native/visual acceptance","Blocked","COVERAGE.md; runtime-blockers.json","B01; B02"
"C1501","Opening","iphone7","666x374","0,-58,666,374","1","Studio visual + pointer/keyboard","grove / Common / NEW","Complete native cinematic, text and choice acceptance","Blocked","COVERAGE.md","B01"
"C1502","Opening","iphone7","666x374","0,-58,666,374","1","Studio visual + pointer/keyboard","grove / Common / duplicate","Complete native cinematic, text and choice acceptance","Blocked","COVERAGE.md","B01"
"C1503","Opening","a06","705x338","0,-58,705,338","1","Studio visual + pointer/keyboard","grove / Common / NEW","Complete native cinematic, text and choice acceptance","Blocked","COVERAGE.md","B01"
"C1504","Opening","a06","705x338","0,-58,705,338","1","Studio visual + pointer/keyboard","grove / Common / duplicate","Complete native cinematic, text and choice acceptance","Blocked","COVERAGE.md","B01"
"C1505","Opening","iphone13","749x389","0,-58,749,389","1","Studio visual + pointer/keyboard","grove / Common / NEW","Complete native cinematic, text and choice acceptance","Blocked","COVERAGE.md","B01"
"C1506","Opening","iphone13","749x389","0,-58,749,389","1","Studio visual + pointer/keyboard","grove / Common / duplicate","Complete native cinematic, text and choice acceptance","Blocked","COVERAGE.md","B01"
"C1507","Opening","iphone16max","831x439","0,-58,831,439","1","Studio visual + pointer/keyboard","grove / Common / NEW","Complete native cinematic, text and choice acceptance","Blocked","COVERAGE.md","B01"
"C1508","Opening","iphone16max","831x439","0,-58,831,439","1","Studio visual + pointer/keyboard","grove / Common / duplicate","Complete native cinematic, text and choice acceptance","Blocked","COVERAGE.md","B01"
"C1509","Opening","smalltablet","959x599","0,-58,959,599","1","Studio visual + pointer/keyboard","grove / Common / NEW","Complete native cinematic, text and choice acceptance","Blocked","COVERAGE.md","B01"
"C1510","Opening","smalltablet","959x599","0,-58,959,599","1","Studio visual + pointer/keyboard","grove / Common / duplicate","Complete native cinematic, text and choice acceptance","Blocked","COVERAGE.md","B01"
"C1511","Opening","ipad4x3","1023x768","0,-58,1023,768","1","Studio visual + pointer/keyboard","grove / Common / NEW","Complete native cinematic, text and choice acceptance","Blocked","COVERAGE.md","B01"
"C1512","Opening","ipad4x3","1023x768","0,-58,1023,768","1","Studio visual + pointer/keyboard","grove / Common / duplicate","Complete native cinematic, text and choice acceptance","Blocked","COVERAGE.md","B01"
"C1513","Opening","largetablet","1375x1032","0,-58,1375,1032","1.07421875","Studio visual + pointer/keyboard","grove / Common / NEW","Complete native cinematic, text and choice acceptance","Blocked","COVERAGE.md","B01"
"C1514","Opening","largetablet","1375x1032","0,-58,1375,1032","1.07421875","Studio visual + pointer/keyboard","grove / Common / duplicate","Complete native cinematic, text and choice acceptance","Blocked","COVERAGE.md","B01"
"C1515","Opening","laptop","1365x768","0,-58,1365,768","1.06640625","Studio visual + pointer/keyboard","grove / Common / NEW","Complete native cinematic, text and choice acceptance","Blocked","COVERAGE.md","B01"
"C1516","Opening","laptop","1365x768","0,-58,1365,768","1.06640625","Studio visual + pointer/keyboard","grove / Common / duplicate","Complete native cinematic, text and choice acceptance","Blocked","COVERAGE.md","B01"
"C1517","Opening","hd720","1279x720","0,-58,1279,720","1","Studio visual + pointer/keyboard","grove / Common / NEW","Complete native cinematic, text and choice acceptance","Blocked","COVERAGE.md","B01"
"C1518","Opening","hd720","1279x720","0,-58,1279,720","1","Studio visual + pointer/keyboard","grove / Common / duplicate","Complete native cinematic, text and choice acceptance","Blocked","COVERAGE.md","B01"
"C1519","Opening","desktop","1919x1079","0,-58,1919,1079","1.4986110925674438","Studio visual + pointer/keyboard","grove / Common / NEW","Complete native cinematic, text and choice acceptance","Blocked","COVERAGE.md","B01"
"C1520","Opening","desktop","1919x1079","0,-58,1919,1079","1.4986110925674438","Studio visual + pointer/keyboard","grove / Common / duplicate","Complete native cinematic, text and choice acceptance","Blocked","COVERAGE.md","B01"
"C1521","Opening","hires","2560x1440","0,-58,2560,1440","2","Studio visual + pointer/keyboard","grove / Common / NEW","Complete native cinematic, text and choice acceptance","Blocked","COVERAGE.md","B01"
"C1522","Opening","hires","2560x1440","0,-58,2560,1440","2","Studio visual + pointer/keyboard","grove / Common / duplicate","Complete native cinematic, text and choice acceptance","Blocked","COVERAGE.md","B01"
"C1523","Opening","ultrawide","3440x1440","0,-58,3440,1440","2","Studio visual + pointer/keyboard","grove / Common / NEW","Complete native cinematic, text and choice acceptance","Blocked","COVERAGE.md","B01"
"C1524","Opening","ultrawide","3440x1440","0,-58,3440,1440","2","Studio visual + pointer/keyboard","grove / Common / duplicate","Complete native cinematic, text and choice acceptance","Blocked","COVERAGE.md","B01"
"C1525","Opening","iphone7","666x374","0,-58,666,374","1","Studio visual + pointer/keyboard","grove / Uncommon / NEW","Complete native cinematic, text and choice acceptance","Blocked","COVERAGE.md","B01"
"C1526","Opening","iphone7","666x374","0,-58,666,374","1","Studio visual + pointer/keyboard","grove / Uncommon / duplicate","Complete native cinematic, text and choice acceptance","Blocked","COVERAGE.md","B01"
"C1527","Opening","a06","705x338","0,-58,705,338","1","Studio visual + pointer/keyboard","grove / Uncommon / NEW","Complete native cinematic, text and choice acceptance","Blocked","COVERAGE.md","B01"
"C1528","Opening","a06","705x338","0,-58,705,338","1","Studio visual + pointer/keyboard","grove / Uncommon / duplicate","Complete native cinematic, text and choice acceptance","Blocked","COVERAGE.md","B01"
"C1529","Opening","iphone13","749x389","0,-58,749,389","1","Studio visual + pointer/keyboard","grove / Uncommon / NEW","Complete native cinematic, text and choice acceptance","Blocked","COVERAGE.md","B01"
"C1530","Opening","iphone13","749x389","0,-58,749,389","1","Studio visual + pointer/keyboard","grove / Uncommon / duplicate","Complete native cinematic, text and choice acceptance","Blocked","COVERAGE.md","B01"
"C1531","Opening","iphone16max","831x439","0,-58,831,439","1","Studio visual + pointer/keyboard","grove / Uncommon / NEW","Complete native cinematic, text and choice acceptance","Blocked","COVERAGE.md","B01"
"C1532","Opening","iphone16max","831x439","0,-58,831,439","1","Studio visual + pointer/keyboard","grove / Uncommon / duplicate","Complete native cinematic, text and choice acceptance","Blocked","COVERAGE.md","B01"
"C1533","Opening","smalltablet","959x599","0,-58,959,599","1","Studio visual + pointer/keyboard","grove / Uncommon / NEW","Complete native cinematic, text and choice acceptance","Blocked","COVERAGE.md","B01"
"C1534","Opening","smalltablet","959x599","0,-58,959,599","1","Studio visual + pointer/keyboard","grove / Uncommon / duplicate","Complete native cinematic, text and choice acceptance","Blocked","COVERAGE.md","B01"
"C1535","Opening","ipad4x3","1023x768","0,-58,1023,768","1","Studio visual + pointer/keyboard","grove / Uncommon / NEW","Complete native cinematic, text and choice acceptance","Blocked","COVERAGE.md","B01"
"C1536","Opening","ipad4x3","1023x768","0,-58,1023,768","1","Studio visual + pointer/keyboard","grove / Uncommon / duplicate","Complete native cinematic, text and choice acceptance","Blocked","COVERAGE.md","B01"
"C1537","Opening","largetablet","1375x1032","0,-58,1375,1032","1.07421875","Studio visual + pointer/keyboard","grove / Uncommon / NEW","Complete native cinematic, text and choice acceptance","Blocked","COVERAGE.md","B01"
"C1538","Opening","largetablet","1375x1032","0,-58,1375,1032","1.07421875","Studio visual + pointer/keyboard","grove / Uncommon / duplicate","Complete native cinematic, text and choice acceptance","Blocked","COVERAGE.md","B01"
"C1539","Opening","laptop","1365x768","0,-58,1365,768","1.06640625","Studio visual + pointer/keyboard","grove / Uncommon / NEW","Complete native cinematic, text and choice acceptance","Blocked","COVERAGE.md","B01"
"C1540","Opening","laptop","1365x768","0,-58,1365,768","1.06640625","Studio visual + pointer/keyboard","grove / Uncommon / duplicate","Complete native cinematic, text and choice acceptance","Blocked","COVERAGE.md","B01"
"C1541","Opening","hd720","1279x720","0,-58,1279,720","1","Studio visual + pointer/keyboard","grove / Uncommon / NEW","Complete native cinematic, text and choice acceptance","Blocked","COVERAGE.md","B01"
"C1542","Opening","hd720","1279x720","0,-58,1279,720","1","Studio visual + pointer/keyboard","grove / Uncommon / duplicate","Complete native cinematic, text and choice acceptance","Blocked","COVERAGE.md","B01"
"C1543","Opening","desktop","1919x1079","0,-58,1919,1079","1.4986110925674438","Studio visual + pointer/keyboard","grove / Uncommon / NEW","Complete native cinematic, text and choice acceptance","Blocked","COVERAGE.md","B01"
"C1544","Opening","desktop","1919x1079","0,-58,1919,1079","1.4986110925674438","Studio visual + pointer/keyboard","grove / Uncommon / duplicate","Complete native cinematic, text and choice acceptance","Blocked","COVERAGE.md","B01"
"C1545","Opening","hires","2560x1440","0,-58,2560,1440","2","Studio visual + pointer/keyboard","grove / Uncommon / NEW","Complete native cinematic, text and choice acceptance","Blocked","COVERAGE.md","B01"
"C1546","Opening","hires","2560x1440","0,-58,2560,1440","2","Studio visual + pointer/keyboard","grove / Uncommon / duplicate","Complete native cinematic, text and choice acceptance","Blocked","COVERAGE.md","B01"
"C1547","Opening","ultrawide","3440x1440","0,-58,3440,1440","2","Studio visual + pointer/keyboard","grove / Uncommon / NEW","Complete native cinematic, text and choice acceptance","Blocked","COVERAGE.md","B01"
"C1548","Opening","ultrawide","3440x1440","0,-58,3440,1440","2","Studio visual + pointer/keyboard","grove / Uncommon / duplicate","Complete native cinematic, text and choice acceptance","Blocked","COVERAGE.md","B01"
"C1549","Opening","iphone7","666x374","0,-58,666,374","1","Studio visual + pointer/keyboard","grove / Rare / NEW","Complete native cinematic, text and choice acceptance","Blocked","COVERAGE.md","B01"
"C1550","Opening","iphone7","666x374","0,-58,666,374","1","Studio visual + pointer/keyboard","grove / Rare / duplicate","Complete native cinematic, text and choice acceptance","Blocked","COVERAGE.md","B01"
"C1551","Opening","a06","705x338","0,-58,705,338","1","Studio visual + pointer/keyboard","grove / Rare / NEW","Complete native cinematic, text and choice acceptance","Blocked","COVERAGE.md","B01"
"C1552","Opening","a06","705x338","0,-58,705,338","1","Studio visual + pointer/keyboard","grove / Rare / duplicate","Complete native cinematic, text and choice acceptance","Blocked","COVERAGE.md","B01"
"C1553","Opening","iphone13","749x389","0,-58,749,389","1","Studio visual + pointer/keyboard","grove / Rare / NEW","Complete native cinematic, text and choice acceptance","Blocked","COVERAGE.md","B01"
"C1554","Opening","iphone13","749x389","0,-58,749,389","1","Studio visual + pointer/keyboard","grove / Rare / duplicate","Complete native cinematic, text and choice acceptance","Blocked","COVERAGE.md","B01"
"C1555","Opening","iphone16max","831x439","0,-58,831,439","1","Studio visual + pointer/keyboard","grove / Rare / NEW","Complete native cinematic, text and choice acceptance","Blocked","COVERAGE.md","B01"
"C1556","Opening","iphone16max","831x439","0,-58,831,439","1","Studio visual + pointer/keyboard","grove / Rare / duplicate","Complete native cinematic, text and choice acceptance","Blocked","COVERAGE.md","B01"
"C1557","Opening","smalltablet","959x599","0,-58,959,599","1","Studio visual + pointer/keyboard","grove / Rare / NEW","Complete native cinematic, text and choice acceptance","Blocked","COVERAGE.md","B01"
"C1558","Opening","smalltablet","959x599","0,-58,959,599","1","Studio visual + pointer/keyboard","grove / Rare / duplicate","Complete native cinematic, text and choice acceptance","Blocked","COVERAGE.md","B01"
"C1559","Opening","ipad4x3","1023x768","0,-58,1023,768","1","Studio visual + pointer/keyboard","grove / Rare / NEW","Complete native cinematic, text and choice acceptance","Blocked","COVERAGE.md","B01"
"C1560","Opening","ipad4x3","1023x768","0,-58,1023,768","1","Studio visual + pointer/keyboard","grove / Rare / duplicate","Complete native cinematic, text and choice acceptance","Blocked","COVERAGE.md","B01"
"C1561","Opening","largetablet","1375x1032","0,-58,1375,1032","1.07421875","Studio visual + pointer/keyboard","grove / Rare / NEW","Complete native cinematic, text and choice acceptance","Blocked","COVERAGE.md","B01"
"C1562","Opening","largetablet","1375x1032","0,-58,1375,1032","1.07421875","Studio visual + pointer/keyboard","grove / Rare / duplicate","Complete native cinematic, text and choice acceptance","Blocked","COVERAGE.md","B01"
"C1563","Opening","laptop","1365x768","0,-58,1365,768","1.06640625","Studio visual + pointer/keyboard","grove / Rare / NEW","Complete native cinematic, text and choice acceptance","Blocked","COVERAGE.md","B01"
"C1564","Opening","laptop","1365x768","0,-58,1365,768","1.06640625","Studio visual + pointer/keyboard","grove / Rare / duplicate","Complete native cinematic, text and choice acceptance","Blocked","COVERAGE.md","B01"
"C1565","Opening","hd720","1279x720","0,-58,1279,720","1","Studio visual + pointer/keyboard","grove / Rare / NEW","Complete native cinematic, text and choice acceptance","Blocked","COVERAGE.md","B01"
"C1566","Opening","hd720","1279x720","0,-58,1279,720","1","Studio visual + pointer/keyboard","grove / Rare / duplicate","Complete native cinematic, text and choice acceptance","Blocked","COVERAGE.md","B01"
"C1567","Opening","desktop","1919x1079","0,-58,1919,1079","1.4986110925674438","Studio visual + pointer/keyboard","grove / Rare / NEW","Complete native cinematic, text and choice acceptance","Blocked","COVERAGE.md","B01"
"C1568","Opening","desktop","1919x1079","0,-58,1919,1079","1.4986110925674438","Studio visual + pointer/keyboard","grove / Rare / duplicate","Complete native cinematic, text and choice acceptance","Blocked","COVERAGE.md","B01"
"C1569","Opening","hires","2560x1440","0,-58,2560,1440","2","Studio visual + pointer/keyboard","grove / Rare / NEW","Complete native cinematic, text and choice acceptance","Blocked","COVERAGE.md","B01"
"C1570","Opening","hires","2560x1440","0,-58,2560,1440","2","Studio visual + pointer/keyboard","grove / Rare / duplicate","Complete native cinematic, text and choice acceptance","Blocked","COVERAGE.md","B01"
"C1571","Opening","ultrawide","3440x1440","0,-58,3440,1440","2","Studio visual + pointer/keyboard","grove / Rare / NEW","Complete native cinematic, text and choice acceptance","Blocked","COVERAGE.md","B01"
"C1572","Opening","ultrawide","3440x1440","0,-58,3440,1440","2","Studio visual + pointer/keyboard","grove / Rare / duplicate","Complete native cinematic, text and choice acceptance","Blocked","COVERAGE.md","B01"
"C1573","Opening","iphone7","666x374","0,-58,666,374","1","Studio visual + pointer/keyboard","grove / Legendary / NEW","Complete native cinematic, text and choice acceptance","Not applicable","COVERAGE.md","Catalog has no such tier"
"C1574","Opening","iphone7","666x374","0,-58,666,374","1","Studio visual + pointer/keyboard","grove / Legendary / duplicate","Complete native cinematic, text and choice acceptance","Not applicable","COVERAGE.md","Catalog has no such tier"
"C1575","Opening","a06","705x338","0,-58,705,338","1","Studio visual + pointer/keyboard","grove / Legendary / NEW","Complete native cinematic, text and choice acceptance","Not applicable","COVERAGE.md","Catalog has no such tier"
"C1576","Opening","a06","705x338","0,-58,705,338","1","Studio visual + pointer/keyboard","grove / Legendary / duplicate","Complete native cinematic, text and choice acceptance","Not applicable","COVERAGE.md","Catalog has no such tier"
"C1577","Opening","iphone13","749x389","0,-58,749,389","1","Studio visual + pointer/keyboard","grove / Legendary / NEW","Complete native cinematic, text and choice acceptance","Not applicable","COVERAGE.md","Catalog has no such tier"
"C1578","Opening","iphone13","749x389","0,-58,749,389","1","Studio visual + pointer/keyboard","grove / Legendary / duplicate","Complete native cinematic, text and choice acceptance","Not applicable","COVERAGE.md","Catalog has no such tier"
"C1579","Opening","iphone16max","831x439","0,-58,831,439","1","Studio visual + pointer/keyboard","grove / Legendary / NEW","Complete native cinematic, text and choice acceptance","Not applicable","COVERAGE.md","Catalog has no such tier"
"C1580","Opening","iphone16max","831x439","0,-58,831,439","1","Studio visual + pointer/keyboard","grove / Legendary / duplicate","Complete native cinematic, text and choice acceptance","Not applicable","COVERAGE.md","Catalog has no such tier"
"C1581","Opening","smalltablet","959x599","0,-58,959,599","1","Studio visual + pointer/keyboard","grove / Legendary / NEW","Complete native cinematic, text and choice acceptance","Not applicable","COVERAGE.md","Catalog has no such tier"
"C1582","Opening","smalltablet","959x599","0,-58,959,599","1","Studio visual + pointer/keyboard","grove / Legendary / duplicate","Complete native cinematic, text and choice acceptance","Not applicable","COVERAGE.md","Catalog has no such tier"
"C1583","Opening","ipad4x3","1023x768","0,-58,1023,768","1","Studio visual + pointer/keyboard","grove / Legendary / NEW","Complete native cinematic, text and choice acceptance","Not applicable","COVERAGE.md","Catalog has no such tier"
"C1584","Opening","ipad4x3","1023x768","0,-58,1023,768","1","Studio visual + pointer/keyboard","grove / Legendary / duplicate","Complete native cinematic, text and choice acceptance","Not applicable","COVERAGE.md","Catalog has no such tier"
"C1585","Opening","largetablet","1375x1032","0,-58,1375,1032","1.07421875","Studio visual + pointer/keyboard","grove / Legendary / NEW","Complete native cinematic, text and choice acceptance","Not applicable","COVERAGE.md","Catalog has no such tier"
"C1586","Opening","largetablet","1375x1032","0,-58,1375,1032","1.07421875","Studio visual + pointer/keyboard","grove / Legendary / duplicate","Complete native cinematic, text and choice acceptance","Not applicable","COVERAGE.md","Catalog has no such tier"
"C1587","Opening","laptop","1365x768","0,-58,1365,768","1.06640625","Studio visual + pointer/keyboard","grove / Legendary / NEW","Complete native cinematic, text and choice acceptance","Not applicable","COVERAGE.md","Catalog has no such tier"
"C1588","Opening","laptop","1365x768","0,-58,1365,768","1.06640625","Studio visual + pointer/keyboard","grove / Legendary / duplicate","Complete native cinematic, text and choice acceptance","Not applicable","COVERAGE.md","Catalog has no such tier"
"C1589","Opening","hd720","1279x720","0,-58,1279,720","1","Studio visual + pointer/keyboard","grove / Legendary / NEW","Complete native cinematic, text and choice acceptance","Not applicable","COVERAGE.md","Catalog has no such tier"
"C1590","Opening","hd720","1279x720","0,-58,1279,720","1","Studio visual + pointer/keyboard","grove / Legendary / duplicate","Complete native cinematic, text and choice acceptance","Not applicable","COVERAGE.md","Catalog has no such tier"
"C1591","Opening","desktop","1919x1079","0,-58,1919,1079","1.4986110925674438","Studio visual + pointer/keyboard","grove / Legendary / NEW","Complete native cinematic, text and choice acceptance","Not applicable","COVERAGE.md","Catalog has no such tier"
"C1592","Opening","desktop","1919x1079","0,-58,1919,1079","1.4986110925674438","Studio visual + pointer/keyboard","grove / Legendary / duplicate","Complete native cinematic, text and choice acceptance","Not applicable","COVERAGE.md","Catalog has no such tier"
"C1593","Opening","hires","2560x1440","0,-58,2560,1440","2","Studio visual + pointer/keyboard","grove / Legendary / NEW","Complete native cinematic, text and choice acceptance","Not applicable","COVERAGE.md","Catalog has no such tier"
"C1594","Opening","hires","2560x1440","0,-58,2560,1440","2","Studio visual + pointer/keyboard","grove / Legendary / duplicate","Complete native cinematic, text and choice acceptance","Not applicable","COVERAGE.md","Catalog has no such tier"
"C1595","Opening","ultrawide","3440x1440","0,-58,3440,1440","2","Studio visual + pointer/keyboard","grove / Legendary / NEW","Complete native cinematic, text and choice acceptance","Not applicable","COVERAGE.md","Catalog has no such tier"
"C1596","Opening","ultrawide","3440x1440","0,-58,3440,1440","2","Studio visual + pointer/keyboard","grove / Legendary / duplicate","Complete native cinematic, text and choice acceptance","Not applicable","COVERAGE.md","Catalog has no such tier"
"C1597","Opening","iphone7","666x374","0,-58,666,374","1","Studio visual + pointer/keyboard","grove / Mythical / NEW","Complete native cinematic, text and choice acceptance","Not applicable","COVERAGE.md","Catalog has no such tier"
"C1598","Opening","iphone7","666x374","0,-58,666,374","1","Studio visual + pointer/keyboard","grove / Mythical / duplicate","Complete native cinematic, text and choice acceptance","Not applicable","COVERAGE.md","Catalog has no such tier"
"C1599","Opening","a06","705x338","0,-58,705,338","1","Studio visual + pointer/keyboard","grove / Mythical / NEW","Complete native cinematic, text and choice acceptance","Not applicable","COVERAGE.md","Catalog has no such tier"
"C1600","Opening","a06","705x338","0,-58,705,338","1","Studio visual + pointer/keyboard","grove / Mythical / duplicate","Complete native cinematic, text and choice acceptance","Not applicable","COVERAGE.md","Catalog has no such tier"
"C1601","Opening","iphone13","749x389","0,-58,749,389","1","Studio visual + pointer/keyboard","grove / Mythical / NEW","Complete native cinematic, text and choice acceptance","Not applicable","COVERAGE.md","Catalog has no such tier"
"C1602","Opening","iphone13","749x389","0,-58,749,389","1","Studio visual + pointer/keyboard","grove / Mythical / duplicate","Complete native cinematic, text and choice acceptance","Not applicable","COVERAGE.md","Catalog has no such tier"
"C1603","Opening","iphone16max","831x439","0,-58,831,439","1","Studio visual + pointer/keyboard","grove / Mythical / NEW","Complete native cinematic, text and choice acceptance","Not applicable","COVERAGE.md","Catalog has no such tier"
"C1604","Opening","iphone16max","831x439","0,-58,831,439","1","Studio visual + pointer/keyboard","grove / Mythical / duplicate","Complete native cinematic, text and choice acceptance","Not applicable","COVERAGE.md","Catalog has no such tier"
"C1605","Opening","smalltablet","959x599","0,-58,959,599","1","Studio visual + pointer/keyboard","grove / Mythical / NEW","Complete native cinematic, text and choice acceptance","Not applicable","COVERAGE.md","Catalog has no such tier"
"C1606","Opening","smalltablet","959x599","0,-58,959,599","1","Studio visual + pointer/keyboard","grove / Mythical / duplicate","Complete native cinematic, text and choice acceptance","Not applicable","COVERAGE.md","Catalog has no such tier"
"C1607","Opening","ipad4x3","1023x768","0,-58,1023,768","1","Studio visual + pointer/keyboard","grove / Mythical / NEW","Complete native cinematic, text and choice acceptance","Not applicable","COVERAGE.md","Catalog has no such tier"
"C1608","Opening","ipad4x3","1023x768","0,-58,1023,768","1","Studio visual + pointer/keyboard","grove / Mythical / duplicate","Complete native cinematic, text and choice acceptance","Not applicable","COVERAGE.md","Catalog has no such tier"
"C1609","Opening","largetablet","1375x1032","0,-58,1375,1032","1.07421875","Studio visual + pointer/keyboard","grove / Mythical / NEW","Complete native cinematic, text and choice acceptance","Not applicable","COVERAGE.md","Catalog has no such tier"
"C1610","Opening","largetablet","1375x1032","0,-58,1375,1032","1.07421875","Studio visual + pointer/keyboard","grove / Mythical / duplicate","Complete native cinematic, text and choice acceptance","Not applicable","COVERAGE.md","Catalog has no such tier"
"C1611","Opening","laptop","1365x768","0,-58,1365,768","1.06640625","Studio visual + pointer/keyboard","grove / Mythical / NEW","Complete native cinematic, text and choice acceptance","Not applicable","COVERAGE.md","Catalog has no such tier"
"C1612","Opening","laptop","1365x768","0,-58,1365,768","1.06640625","Studio visual + pointer/keyboard","grove / Mythical / duplicate","Complete native cinematic, text and choice acceptance","Not applicable","COVERAGE.md","Catalog has no such tier"
"C1613","Opening","hd720","1279x720","0,-58,1279,720","1","Studio visual + pointer/keyboard","grove / Mythical / NEW","Complete native cinematic, text and choice acceptance","Not applicable","COVERAGE.md","Catalog has no such tier"
"C1614","Opening","hd720","1279x720","0,-58,1279,720","1","Studio visual + pointer/keyboard","grove / Mythical / duplicate","Complete native cinematic, text and choice acceptance","Not applicable","COVERAGE.md","Catalog has no such tier"
"C1615","Opening","desktop","1919x1079","0,-58,1919,1079","1.4986110925674438","Studio visual + pointer/keyboard","grove / Mythical / NEW","Complete native cinematic, text and choice acceptance","Not applicable","COVERAGE.md","Catalog has no such tier"
"C1616","Opening","desktop","1919x1079","0,-58,1919,1079","1.4986110925674438","Studio visual + pointer/keyboard","grove / Mythical / duplicate","Complete native cinematic, text and choice acceptance","Not applicable","COVERAGE.md","Catalog has no such tier"
"C1617","Opening","hires","2560x1440","0,-58,2560,1440","2","Studio visual + pointer/keyboard","grove / Mythical / NEW","Complete native cinematic, text and choice acceptance","Not applicable","COVERAGE.md","Catalog has no such tier"
"C1618","Opening","hires","2560x1440","0,-58,2560,1440","2","Studio visual + pointer/keyboard","grove / Mythical / duplicate","Complete native cinematic, text and choice acceptance","Not applicable","COVERAGE.md","Catalog has no such tier"
"C1619","Opening","ultrawide","3440x1440","0,-58,3440,1440","2","Studio visual + pointer/keyboard","grove / Mythical / NEW","Complete native cinematic, text and choice acceptance","Not applicable","COVERAGE.md","Catalog has no such tier"
"C1620","Opening","ultrawide","3440x1440","0,-58,3440,1440","2","Studio visual + pointer/keyboard","grove / Mythical / duplicate","Complete native cinematic, text and choice acceptance","Not applicable","COVERAGE.md","Catalog has no such tier"
"C1621","Opening","iphone7","666x374","0,-58,666,374","1","Studio visual + pointer/keyboard","tide / Common / NEW","Complete native cinematic, text and choice acceptance","Blocked","COVERAGE.md","B01"
"C1622","Opening","iphone7","666x374","0,-58,666,374","1","Studio visual + pointer/keyboard","tide / Common / duplicate","Complete native cinematic, text and choice acceptance","Blocked","COVERAGE.md","B01"
"C1623","Opening","a06","705x338","0,-58,705,338","1","Studio visual + pointer/keyboard","tide / Common / NEW","Complete native cinematic, text and choice acceptance","Blocked","COVERAGE.md","B01"
"C1624","Opening","a06","705x338","0,-58,705,338","1","Studio visual + pointer/keyboard","tide / Common / duplicate","Complete native cinematic, text and choice acceptance","Blocked","COVERAGE.md","B01"
"C1625","Opening","iphone13","749x389","0,-58,749,389","1","Studio visual + pointer/keyboard","tide / Common / NEW","Complete native cinematic, text and choice acceptance","Blocked","COVERAGE.md","B01"
"C1626","Opening","iphone13","749x389","0,-58,749,389","1","Studio visual + pointer/keyboard","tide / Common / duplicate","Complete native cinematic, text and choice acceptance","Blocked","COVERAGE.md","B01"
"C1627","Opening","iphone16max","831x439","0,-58,831,439","1","Studio visual + pointer/keyboard","tide / Common / NEW","Complete native cinematic, text and choice acceptance","Blocked","COVERAGE.md","B01"
"C1628","Opening","iphone16max","831x439","0,-58,831,439","1","Studio visual + pointer/keyboard","tide / Common / duplicate","Complete native cinematic, text and choice acceptance","Blocked","COVERAGE.md","B01"
"C1629","Opening","smalltablet","959x599","0,-58,959,599","1","Studio visual + pointer/keyboard","tide / Common / NEW","Complete native cinematic, text and choice acceptance","Blocked","COVERAGE.md","B01"
"C1630","Opening","smalltablet","959x599","0,-58,959,599","1","Studio visual + pointer/keyboard","tide / Common / duplicate","Complete native cinematic, text and choice acceptance","Blocked","COVERAGE.md","B01"
"C1631","Opening","ipad4x3","1023x768","0,-58,1023,768","1","Studio visual + pointer/keyboard","tide / Common / NEW","Complete native cinematic, text and choice acceptance","Blocked","COVERAGE.md","B01"
"C1632","Opening","ipad4x3","1023x768","0,-58,1023,768","1","Studio visual + pointer/keyboard","tide / Common / duplicate","Complete native cinematic, text and choice acceptance","Blocked","COVERAGE.md","B01"
"C1633","Opening","largetablet","1375x1032","0,-58,1375,1032","1.07421875","Studio visual + pointer/keyboard","tide / Common / NEW","Complete native cinematic, text and choice acceptance","Blocked","COVERAGE.md","B01"
"C1634","Opening","largetablet","1375x1032","0,-58,1375,1032","1.07421875","Studio visual + pointer/keyboard","tide / Common / duplicate","Complete native cinematic, text and choice acceptance","Blocked","COVERAGE.md","B01"
"C1635","Opening","laptop","1365x768","0,-58,1365,768","1.06640625","Studio visual + pointer/keyboard","tide / Common / NEW","Complete native cinematic, text and choice acceptance","Blocked","COVERAGE.md","B01"
"C1636","Opening","laptop","1365x768","0,-58,1365,768","1.06640625","Studio visual + pointer/keyboard","tide / Common / duplicate","Complete native cinematic, text and choice acceptance","Blocked","COVERAGE.md","B01"
"C1637","Opening","hd720","1279x720","0,-58,1279,720","1","Studio visual + pointer/keyboard","tide / Common / NEW","Complete native cinematic, text and choice acceptance","Blocked","COVERAGE.md","B01"
"C1638","Opening","hd720","1279x720","0,-58,1279,720","1","Studio visual + pointer/keyboard","tide / Common / duplicate","Complete native cinematic, text and choice acceptance","Blocked","COVERAGE.md","B01"
"C1639","Opening","desktop","1919x1079","0,-58,1919,1079","1.4986110925674438","Studio visual + pointer/keyboard","tide / Common / NEW","Complete native cinematic, text and choice acceptance","Blocked","COVERAGE.md","B01"
"C1640","Opening","desktop","1919x1079","0,-58,1919,1079","1.4986110925674438","Studio visual + pointer/keyboard","tide / Common / duplicate","Complete native cinematic, text and choice acceptance","Blocked","COVERAGE.md","B01"
"C1641","Opening","hires","2560x1440","0,-58,2560,1440","2","Studio visual + pointer/keyboard","tide / Common / NEW","Complete native cinematic, text and choice acceptance","Blocked","COVERAGE.md","B01"
"C1642","Opening","hires","2560x1440","0,-58,2560,1440","2","Studio visual + pointer/keyboard","tide / Common / duplicate","Complete native cinematic, text and choice acceptance","Blocked","COVERAGE.md","B01"
"C1643","Opening","ultrawide","3440x1440","0,-58,3440,1440","2","Studio visual + pointer/keyboard","tide / Common / NEW","Complete native cinematic, text and choice acceptance","Blocked","COVERAGE.md","B01"
"C1644","Opening","ultrawide","3440x1440","0,-58,3440,1440","2","Studio visual + pointer/keyboard","tide / Common / duplicate","Complete native cinematic, text and choice acceptance","Blocked","COVERAGE.md","B01"
"C1645","Opening","iphone7","666x374","0,-58,666,374","1","Studio visual + pointer/keyboard","tide / Uncommon / NEW","Complete native cinematic, text and choice acceptance","Blocked","COVERAGE.md","B01"
"C1646","Opening","iphone7","666x374","0,-58,666,374","1","Studio visual + pointer/keyboard","tide / Uncommon / duplicate","Complete native cinematic, text and choice acceptance","Blocked","COVERAGE.md","B01"
"C1647","Opening","a06","705x338","0,-58,705,338","1","Studio visual + pointer/keyboard","tide / Uncommon / NEW","Complete native cinematic, text and choice acceptance","Blocked","COVERAGE.md","B01"
"C1648","Opening","a06","705x338","0,-58,705,338","1","Studio visual + pointer/keyboard","tide / Uncommon / duplicate","Complete native cinematic, text and choice acceptance","Blocked","COVERAGE.md","B01"
"C1649","Opening","iphone13","749x389","0,-58,749,389","1","Studio visual + pointer/keyboard","tide / Uncommon / NEW","Complete native cinematic, text and choice acceptance","Blocked","COVERAGE.md","B01"
"C1650","Opening","iphone13","749x389","0,-58,749,389","1","Studio visual + pointer/keyboard","tide / Uncommon / duplicate","Complete native cinematic, text and choice acceptance","Blocked","COVERAGE.md","B01"
"C1651","Opening","iphone16max","831x439","0,-58,831,439","1","Studio visual + pointer/keyboard","tide / Uncommon / NEW","Complete native cinematic, text and choice acceptance","Blocked","COVERAGE.md","B01"
"C1652","Opening","iphone16max","831x439","0,-58,831,439","1","Studio visual + pointer/keyboard","tide / Uncommon / duplicate","Complete native cinematic, text and choice acceptance","Blocked","COVERAGE.md","B01"
"C1653","Opening","smalltablet","959x599","0,-58,959,599","1","Studio visual + pointer/keyboard","tide / Uncommon / NEW","Complete native cinematic, text and choice acceptance","Blocked","COVERAGE.md","B01"
"C1654","Opening","smalltablet","959x599","0,-58,959,599","1","Studio visual + pointer/keyboard","tide / Uncommon / duplicate","Complete native cinematic, text and choice acceptance","Blocked","COVERAGE.md","B01"
"C1655","Opening","ipad4x3","1023x768","0,-58,1023,768","1","Studio visual + pointer/keyboard","tide / Uncommon / NEW","Complete native cinematic, text and choice acceptance","Blocked","COVERAGE.md","B01"
"C1656","Opening","ipad4x3","1023x768","0,-58,1023,768","1","Studio visual + pointer/keyboard","tide / Uncommon / duplicate","Complete native cinematic, text and choice acceptance","Blocked","COVERAGE.md","B01"
"C1657","Opening","largetablet","1375x1032","0,-58,1375,1032","1.07421875","Studio visual + pointer/keyboard","tide / Uncommon / NEW","Complete native cinematic, text and choice acceptance","Blocked","COVERAGE.md","B01"
"C1658","Opening","largetablet","1375x1032","0,-58,1375,1032","1.07421875","Studio visual + pointer/keyboard","tide / Uncommon / duplicate","Complete native cinematic, text and choice acceptance","Blocked","COVERAGE.md","B01"
"C1659","Opening","laptop","1365x768","0,-58,1365,768","1.06640625","Studio visual + pointer/keyboard","tide / Uncommon / NEW","Complete native cinematic, text and choice acceptance","Blocked","COVERAGE.md","B01"
"C1660","Opening","laptop","1365x768","0,-58,1365,768","1.06640625","Studio visual + pointer/keyboard","tide / Uncommon / duplicate","Complete native cinematic, text and choice acceptance","Blocked","COVERAGE.md","B01"
"C1661","Opening","hd720","1279x720","0,-58,1279,720","1","Studio visual + pointer/keyboard","tide / Uncommon / NEW","Complete native cinematic, text and choice acceptance","Blocked","COVERAGE.md","B01"
"C1662","Opening","hd720","1279x720","0,-58,1279,720","1","Studio visual + pointer/keyboard","tide / Uncommon / duplicate","Complete native cinematic, text and choice acceptance","Blocked","COVERAGE.md","B01"
"C1663","Opening","desktop","1919x1079","0,-58,1919,1079","1.4986110925674438","Studio visual + pointer/keyboard","tide / Uncommon / NEW","Complete native cinematic, text and choice acceptance","Blocked","COVERAGE.md","B01"
"C1664","Opening","desktop","1919x1079","0,-58,1919,1079","1.4986110925674438","Studio visual + pointer/keyboard","tide / Uncommon / duplicate","Complete native cinematic, text and choice acceptance","Blocked","COVERAGE.md","B01"
"C1665","Opening","hires","2560x1440","0,-58,2560,1440","2","Studio visual + pointer/keyboard","tide / Uncommon / NEW","Complete native cinematic, text and choice acceptance","Blocked","COVERAGE.md","B01"
"C1666","Opening","hires","2560x1440","0,-58,2560,1440","2","Studio visual + pointer/keyboard","tide / Uncommon / duplicate","Complete native cinematic, text and choice acceptance","Blocked","COVERAGE.md","B01"
"C1667","Opening","ultrawide","3440x1440","0,-58,3440,1440","2","Studio visual + pointer/keyboard","tide / Uncommon / NEW","Complete native cinematic, text and choice acceptance","Blocked","COVERAGE.md","B01"
"C1668","Opening","ultrawide","3440x1440","0,-58,3440,1440","2","Studio visual + pointer/keyboard","tide / Uncommon / duplicate","Complete native cinematic, text and choice acceptance","Blocked","COVERAGE.md","B01"
"C1669","Opening","iphone7","666x374","0,-58,666,374","1","Studio visual + pointer/keyboard","tide / Rare / NEW","Complete native cinematic, text and choice acceptance","Blocked","COVERAGE.md","B01"
"C1670","Opening","iphone7","666x374","0,-58,666,374","1","Studio visual + pointer/keyboard","tide / Rare / duplicate","Complete native cinematic, text and choice acceptance","Blocked","COVERAGE.md","B01"
"C1671","Opening","a06","705x338","0,-58,705,338","1","Studio visual + pointer/keyboard","tide / Rare / NEW","Complete native cinematic, text and choice acceptance","Blocked","COVERAGE.md","B01"
"C1672","Opening","a06","705x338","0,-58,705,338","1","Studio visual + pointer/keyboard","tide / Rare / duplicate","Complete native cinematic, text and choice acceptance","Blocked","COVERAGE.md","B01"
"C1673","Opening","iphone13","749x389","0,-58,749,389","1","Studio visual + pointer/keyboard","tide / Rare / NEW","Complete native cinematic, text and choice acceptance","Blocked","COVERAGE.md","B01"
"C1674","Opening","iphone13","749x389","0,-58,749,389","1","Studio visual + pointer/keyboard","tide / Rare / duplicate","Complete native cinematic, text and choice acceptance","Blocked","COVERAGE.md","B01"
"C1675","Opening","iphone16max","831x439","0,-58,831,439","1","Studio visual + pointer/keyboard","tide / Rare / NEW","Complete native cinematic, text and choice acceptance","Blocked","COVERAGE.md","B01"
"C1676","Opening","iphone16max","831x439","0,-58,831,439","1","Studio visual + pointer/keyboard","tide / Rare / duplicate","Complete native cinematic, text and choice acceptance","Blocked","COVERAGE.md","B01"
"C1677","Opening","smalltablet","959x599","0,-58,959,599","1","Studio visual + pointer/keyboard","tide / Rare / NEW","Complete native cinematic, text and choice acceptance","Blocked","COVERAGE.md","B01"
"C1678","Opening","smalltablet","959x599","0,-58,959,599","1","Studio visual + pointer/keyboard","tide / Rare / duplicate","Complete native cinematic, text and choice acceptance","Blocked","COVERAGE.md","B01"
"C1679","Opening","ipad4x3","1023x768","0,-58,1023,768","1","Studio visual + pointer/keyboard","tide / Rare / NEW","Complete native cinematic, text and choice acceptance","Blocked","COVERAGE.md","B01"
"C1680","Opening","ipad4x3","1023x768","0,-58,1023,768","1","Studio visual + pointer/keyboard","tide / Rare / duplicate","Complete native cinematic, text and choice acceptance","Blocked","COVERAGE.md","B01"
"C1681","Opening","largetablet","1375x1032","0,-58,1375,1032","1.07421875","Studio visual + pointer/keyboard","tide / Rare / NEW","Complete native cinematic, text and choice acceptance","Blocked","COVERAGE.md","B01"
"C1682","Opening","largetablet","1375x1032","0,-58,1375,1032","1.07421875","Studio visual + pointer/keyboard","tide / Rare / duplicate","Complete native cinematic, text and choice acceptance","Blocked","COVERAGE.md","B01"
"C1683","Opening","laptop","1365x768","0,-58,1365,768","1.06640625","Studio visual + pointer/keyboard","tide / Rare / NEW","Complete native cinematic, text and choice acceptance","Blocked","COVERAGE.md","B01"
"C1684","Opening","laptop","1365x768","0,-58,1365,768","1.06640625","Studio visual + pointer/keyboard","tide / Rare / duplicate","Complete native cinematic, text and choice acceptance","Blocked","COVERAGE.md","B01"
"C1685","Opening","hd720","1279x720","0,-58,1279,720","1","Studio visual + pointer/keyboard","tide / Rare / NEW","Complete native cinematic, text and choice acceptance","Blocked","COVERAGE.md","B01"
"C1686","Opening","hd720","1279x720","0,-58,1279,720","1","Studio visual + pointer/keyboard","tide / Rare / duplicate","Complete native cinematic, text and choice acceptance","Blocked","COVERAGE.md","B01"
"C1687","Opening","desktop","1919x1079","0,-58,1919,1079","1.4986110925674438","Studio visual + pointer/keyboard","tide / Rare / NEW","Complete native cinematic, text and choice acceptance","Blocked","COVERAGE.md","B01"
"C1688","Opening","desktop","1919x1079","0,-58,1919,1079","1.4986110925674438","Studio visual + pointer/keyboard","tide / Rare / duplicate","Complete native cinematic, text and choice acceptance","Blocked","COVERAGE.md","B01"
"C1689","Opening","hires","2560x1440","0,-58,2560,1440","2","Studio visual + pointer/keyboard","tide / Rare / NEW","Complete native cinematic, text and choice acceptance","Blocked","COVERAGE.md","B01"
"C1690","Opening","hires","2560x1440","0,-58,2560,1440","2","Studio visual + pointer/keyboard","tide / Rare / duplicate","Complete native cinematic, text and choice acceptance","Blocked","COVERAGE.md","B01"
"C1691","Opening","ultrawide","3440x1440","0,-58,3440,1440","2","Studio visual + pointer/keyboard","tide / Rare / NEW","Complete native cinematic, text and choice acceptance","Blocked","COVERAGE.md","B01"
"C1692","Opening","ultrawide","3440x1440","0,-58,3440,1440","2","Studio visual + pointer/keyboard","tide / Rare / duplicate","Complete native cinematic, text and choice acceptance","Blocked","COVERAGE.md","B01"
"C1693","Opening","iphone7","666x374","0,-58,666,374","1","Studio visual + pointer/keyboard","tide / Legendary / NEW","Complete native cinematic, text and choice acceptance","Not applicable","COVERAGE.md","Catalog has no such tier"
"C1694","Opening","iphone7","666x374","0,-58,666,374","1","Studio visual + pointer/keyboard","tide / Legendary / duplicate","Complete native cinematic, text and choice acceptance","Not applicable","COVERAGE.md","Catalog has no such tier"
"C1695","Opening","a06","705x338","0,-58,705,338","1","Studio visual + pointer/keyboard","tide / Legendary / NEW","Complete native cinematic, text and choice acceptance","Not applicable","COVERAGE.md","Catalog has no such tier"
"C1696","Opening","a06","705x338","0,-58,705,338","1","Studio visual + pointer/keyboard","tide / Legendary / duplicate","Complete native cinematic, text and choice acceptance","Not applicable","COVERAGE.md","Catalog has no such tier"
"C1697","Opening","iphone13","749x389","0,-58,749,389","1","Studio visual + pointer/keyboard","tide / Legendary / NEW","Complete native cinematic, text and choice acceptance","Not applicable","COVERAGE.md","Catalog has no such tier"
"C1698","Opening","iphone13","749x389","0,-58,749,389","1","Studio visual + pointer/keyboard","tide / Legendary / duplicate","Complete native cinematic, text and choice acceptance","Not applicable","COVERAGE.md","Catalog has no such tier"
"C1699","Opening","iphone16max","831x439","0,-58,831,439","1","Studio visual + pointer/keyboard","tide / Legendary / NEW","Complete native cinematic, text and choice acceptance","Not applicable","COVERAGE.md","Catalog has no such tier"
"C1700","Opening","iphone16max","831x439","0,-58,831,439","1","Studio visual + pointer/keyboard","tide / Legendary / duplicate","Complete native cinematic, text and choice acceptance","Not applicable","COVERAGE.md","Catalog has no such tier"
"C1701","Opening","smalltablet","959x599","0,-58,959,599","1","Studio visual + pointer/keyboard","tide / Legendary / NEW","Complete native cinematic, text and choice acceptance","Not applicable","COVERAGE.md","Catalog has no such tier"
"C1702","Opening","smalltablet","959x599","0,-58,959,599","1","Studio visual + pointer/keyboard","tide / Legendary / duplicate","Complete native cinematic, text and choice acceptance","Not applicable","COVERAGE.md","Catalog has no such tier"
"C1703","Opening","ipad4x3","1023x768","0,-58,1023,768","1","Studio visual + pointer/keyboard","tide / Legendary / NEW","Complete native cinematic, text and choice acceptance","Not applicable","COVERAGE.md","Catalog has no such tier"
"C1704","Opening","ipad4x3","1023x768","0,-58,1023,768","1","Studio visual + pointer/keyboard","tide / Legendary / duplicate","Complete native cinematic, text and choice acceptance","Not applicable","COVERAGE.md","Catalog has no such tier"
"C1705","Opening","largetablet","1375x1032","0,-58,1375,1032","1.07421875","Studio visual + pointer/keyboard","tide / Legendary / NEW","Complete native cinematic, text and choice acceptance","Not applicable","COVERAGE.md","Catalog has no such tier"
"C1706","Opening","largetablet","1375x1032","0,-58,1375,1032","1.07421875","Studio visual + pointer/keyboard","tide / Legendary / duplicate","Complete native cinematic, text and choice acceptance","Not applicable","COVERAGE.md","Catalog has no such tier"
"C1707","Opening","laptop","1365x768","0,-58,1365,768","1.06640625","Studio visual + pointer/keyboard","tide / Legendary / NEW","Complete native cinematic, text and choice acceptance","Not applicable","COVERAGE.md","Catalog has no such tier"
"C1708","Opening","laptop","1365x768","0,-58,1365,768","1.06640625","Studio visual + pointer/keyboard","tide / Legendary / duplicate","Complete native cinematic, text and choice acceptance","Not applicable","COVERAGE.md","Catalog has no such tier"
"C1709","Opening","hd720","1279x720","0,-58,1279,720","1","Studio visual + pointer/keyboard","tide / Legendary / NEW","Complete native cinematic, text and choice acceptance","Not applicable","COVERAGE.md","Catalog has no such tier"
"C1710","Opening","hd720","1279x720","0,-58,1279,720","1","Studio visual + pointer/keyboard","tide / Legendary / duplicate","Complete native cinematic, text and choice acceptance","Not applicable","COVERAGE.md","Catalog has no such tier"
"C1711","Opening","desktop","1919x1079","0,-58,1919,1079","1.4986110925674438","Studio visual + pointer/keyboard","tide / Legendary / NEW","Complete native cinematic, text and choice acceptance","Not applicable","COVERAGE.md","Catalog has no such tier"
"C1712","Opening","desktop","1919x1079","0,-58,1919,1079","1.4986110925674438","Studio visual + pointer/keyboard","tide / Legendary / duplicate","Complete native cinematic, text and choice acceptance","Not applicable","COVERAGE.md","Catalog has no such tier"
"C1713","Opening","hires","2560x1440","0,-58,2560,1440","2","Studio visual + pointer/keyboard","tide / Legendary / NEW","Complete native cinematic, text and choice acceptance","Not applicable","COVERAGE.md","Catalog has no such tier"
"C1714","Opening","hires","2560x1440","0,-58,2560,1440","2","Studio visual + pointer/keyboard","tide / Legendary / duplicate","Complete native cinematic, text and choice acceptance","Not applicable","COVERAGE.md","Catalog has no such tier"
"C1715","Opening","ultrawide","3440x1440","0,-58,3440,1440","2","Studio visual + pointer/keyboard","tide / Legendary / NEW","Complete native cinematic, text and choice acceptance","Not applicable","COVERAGE.md","Catalog has no such tier"
"C1716","Opening","ultrawide","3440x1440","0,-58,3440,1440","2","Studio visual + pointer/keyboard","tide / Legendary / duplicate","Complete native cinematic, text and choice acceptance","Not applicable","COVERAGE.md","Catalog has no such tier"
"C1717","Opening","iphone7","666x374","0,-58,666,374","1","Studio visual + pointer/keyboard","tide / Mythical / NEW","Complete native cinematic, text and choice acceptance","Not applicable","COVERAGE.md","Catalog has no such tier"
"C1718","Opening","iphone7","666x374","0,-58,666,374","1","Studio visual + pointer/keyboard","tide / Mythical / duplicate","Complete native cinematic, text and choice acceptance","Not applicable","COVERAGE.md","Catalog has no such tier"
"C1719","Opening","a06","705x338","0,-58,705,338","1","Studio visual + pointer/keyboard","tide / Mythical / NEW","Complete native cinematic, text and choice acceptance","Not applicable","COVERAGE.md","Catalog has no such tier"
"C1720","Opening","a06","705x338","0,-58,705,338","1","Studio visual + pointer/keyboard","tide / Mythical / duplicate","Complete native cinematic, text and choice acceptance","Not applicable","COVERAGE.md","Catalog has no such tier"
"C1721","Opening","iphone13","749x389","0,-58,749,389","1","Studio visual + pointer/keyboard","tide / Mythical / NEW","Complete native cinematic, text and choice acceptance","Not applicable","COVERAGE.md","Catalog has no such tier"
"C1722","Opening","iphone13","749x389","0,-58,749,389","1","Studio visual + pointer/keyboard","tide / Mythical / duplicate","Complete native cinematic, text and choice acceptance","Not applicable","COVERAGE.md","Catalog has no such tier"
"C1723","Opening","iphone16max","831x439","0,-58,831,439","1","Studio visual + pointer/keyboard","tide / Mythical / NEW","Complete native cinematic, text and choice acceptance","Not applicable","COVERAGE.md","Catalog has no such tier"
"C1724","Opening","iphone16max","831x439","0,-58,831,439","1","Studio visual + pointer/keyboard","tide / Mythical / duplicate","Complete native cinematic, text and choice acceptance","Not applicable","COVERAGE.md","Catalog has no such tier"
"C1725","Opening","smalltablet","959x599","0,-58,959,599","1","Studio visual + pointer/keyboard","tide / Mythical / NEW","Complete native cinematic, text and choice acceptance","Not applicable","COVERAGE.md","Catalog has no such tier"
"C1726","Opening","smalltablet","959x599","0,-58,959,599","1","Studio visual + pointer/keyboard","tide / Mythical / duplicate","Complete native cinematic, text and choice acceptance","Not applicable","COVERAGE.md","Catalog has no such tier"
"C1727","Opening","ipad4x3","1023x768","0,-58,1023,768","1","Studio visual + pointer/keyboard","tide / Mythical / NEW","Complete native cinematic, text and choice acceptance","Not applicable","COVERAGE.md","Catalog has no such tier"
"C1728","Opening","ipad4x3","1023x768","0,-58,1023,768","1","Studio visual + pointer/keyboard","tide / Mythical / duplicate","Complete native cinematic, text and choice acceptance","Not applicable","COVERAGE.md","Catalog has no such tier"
"C1729","Opening","largetablet","1375x1032","0,-58,1375,1032","1.07421875","Studio visual + pointer/keyboard","tide / Mythical / NEW","Complete native cinematic, text and choice acceptance","Not applicable","COVERAGE.md","Catalog has no such tier"
"C1730","Opening","largetablet","1375x1032","0,-58,1375,1032","1.07421875","Studio visual + pointer/keyboard","tide / Mythical / duplicate","Complete native cinematic, text and choice acceptance","Not applicable","COVERAGE.md","Catalog has no such tier"
"C1731","Opening","laptop","1365x768","0,-58,1365,768","1.06640625","Studio visual + pointer/keyboard","tide / Mythical / NEW","Complete native cinematic, text and choice acceptance","Not applicable","COVERAGE.md","Catalog has no such tier"
"C1732","Opening","laptop","1365x768","0,-58,1365,768","1.06640625","Studio visual + pointer/keyboard","tide / Mythical / duplicate","Complete native cinematic, text and choice acceptance","Not applicable","COVERAGE.md","Catalog has no such tier"
"C1733","Opening","hd720","1279x720","0,-58,1279,720","1","Studio visual + pointer/keyboard","tide / Mythical / NEW","Complete native cinematic, text and choice acceptance","Not applicable","COVERAGE.md","Catalog has no such tier"
"C1734","Opening","hd720","1279x720","0,-58,1279,720","1","Studio visual + pointer/keyboard","tide / Mythical / duplicate","Complete native cinematic, text and choice acceptance","Not applicable","COVERAGE.md","Catalog has no such tier"
"C1735","Opening","desktop","1919x1079","0,-58,1919,1079","1.4986110925674438","Studio visual + pointer/keyboard","tide / Mythical / NEW","Complete native cinematic, text and choice acceptance","Not applicable","COVERAGE.md","Catalog has no such tier"
"C1736","Opening","desktop","1919x1079","0,-58,1919,1079","1.4986110925674438","Studio visual + pointer/keyboard","tide / Mythical / duplicate","Complete native cinematic, text and choice acceptance","Not applicable","COVERAGE.md","Catalog has no such tier"
"C1737","Opening","hires","2560x1440","0,-58,2560,1440","2","Studio visual + pointer/keyboard","tide / Mythical / NEW","Complete native cinematic, text and choice acceptance","Not applicable","COVERAGE.md","Catalog has no such tier"
"C1738","Opening","hires","2560x1440","0,-58,2560,1440","2","Studio visual + pointer/keyboard","tide / Mythical / duplicate","Complete native cinematic, text and choice acceptance","Not applicable","COVERAGE.md","Catalog has no such tier"
"C1739","Opening","ultrawide","3440x1440","0,-58,3440,1440","2","Studio visual + pointer/keyboard","tide / Mythical / NEW","Complete native cinematic, text and choice acceptance","Not applicable","COVERAGE.md","Catalog has no such tier"
"C1740","Opening","ultrawide","3440x1440","0,-58,3440,1440","2","Studio visual + pointer/keyboard","tide / Mythical / duplicate","Complete native cinematic, text and choice acceptance","Not applicable","COVERAGE.md","Catalog has no such tier"
"C1741","Opening","iphone7","666x374","0,-58,666,374","1","Studio visual + pointer/keyboard","concept / Common / NEW","Complete native cinematic, text and choice acceptance","Blocked","COVERAGE.md","B01"
"C1742","Opening","iphone7","666x374","0,-58,666,374","1","Studio visual + pointer/keyboard","concept / Common / duplicate","Complete native cinematic, text and choice acceptance","Blocked","COVERAGE.md","B01"
"C1743","Opening","a06","705x338","0,-58,705,338","1","Studio visual + pointer/keyboard","concept / Common / NEW","Complete native cinematic, text and choice acceptance","Blocked","COVERAGE.md","B01"
"C1744","Opening","a06","705x338","0,-58,705,338","1","Studio visual + pointer/keyboard","concept / Common / duplicate","Complete native cinematic, text and choice acceptance","Blocked","COVERAGE.md","B01"
"C1745","Opening","iphone13","749x389","0,-58,749,389","1","Studio visual + pointer/keyboard","concept / Common / NEW","Complete native cinematic, text and choice acceptance","Blocked","COVERAGE.md","B01"
"C1746","Opening","iphone13","749x389","0,-58,749,389","1","Studio visual + pointer/keyboard","concept / Common / duplicate","Complete native cinematic, text and choice acceptance","Blocked","COVERAGE.md","B01"
"C1747","Opening","iphone16max","831x439","0,-58,831,439","1","Studio visual + pointer/keyboard","concept / Common / NEW","Complete native cinematic, text and choice acceptance","Blocked","COVERAGE.md","B01"
"C1748","Opening","iphone16max","831x439","0,-58,831,439","1","Studio visual + pointer/keyboard","concept / Common / duplicate","Complete native cinematic, text and choice acceptance","Blocked","COVERAGE.md","B01"
"C1749","Opening","smalltablet","959x599","0,-58,959,599","1","Studio visual + pointer/keyboard","concept / Common / NEW","Complete native cinematic, text and choice acceptance","Blocked","COVERAGE.md","B01"
"C1750","Opening","smalltablet","959x599","0,-58,959,599","1","Studio visual + pointer/keyboard","concept / Common / duplicate","Complete native cinematic, text and choice acceptance","Blocked","COVERAGE.md","B01"
"C1751","Opening","ipad4x3","1023x768","0,-58,1023,768","1","Studio visual + pointer/keyboard","concept / Common / NEW","Complete native cinematic, text and choice acceptance","Blocked","COVERAGE.md","B01"
"C1752","Opening","ipad4x3","1023x768","0,-58,1023,768","1","Studio visual + pointer/keyboard","concept / Common / duplicate","Complete native cinematic, text and choice acceptance","Blocked","COVERAGE.md","B01"
"C1753","Opening","largetablet","1375x1032","0,-58,1375,1032","1.07421875","Studio visual + pointer/keyboard","concept / Common / NEW","Complete native cinematic, text and choice acceptance","Blocked","COVERAGE.md","B01"
"C1754","Opening","largetablet","1375x1032","0,-58,1375,1032","1.07421875","Studio visual + pointer/keyboard","concept / Common / duplicate","Complete native cinematic, text and choice acceptance","Blocked","COVERAGE.md","B01"
"C1755","Opening","laptop","1365x768","0,-58,1365,768","1.06640625","Studio visual + pointer/keyboard","concept / Common / NEW","Complete native cinematic, text and choice acceptance","Blocked","COVERAGE.md","B01"
"C1756","Opening","laptop","1365x768","0,-58,1365,768","1.06640625","Studio visual + pointer/keyboard","concept / Common / duplicate","Complete native cinematic, text and choice acceptance","Blocked","COVERAGE.md","B01"
"C1757","Opening","hd720","1279x720","0,-58,1279,720","1","Studio visual + pointer/keyboard","concept / Common / NEW","Complete native cinematic, text and choice acceptance","Blocked","COVERAGE.md","B01"
"C1758","Opening","hd720","1279x720","0,-58,1279,720","1","Studio visual + pointer/keyboard","concept / Common / duplicate","Complete native cinematic, text and choice acceptance","Blocked","COVERAGE.md","B01"
"C1759","Opening","desktop","1919x1079","0,-58,1919,1079","1.4986110925674438","Studio visual + pointer/keyboard","concept / Common / NEW","Complete native cinematic, text and choice acceptance","Blocked","COVERAGE.md","B01"
"C1760","Opening","desktop","1919x1079","0,-58,1919,1079","1.4986110925674438","Studio visual + pointer/keyboard","concept / Common / duplicate","Complete native cinematic, text and choice acceptance","Blocked","COVERAGE.md","B01"
"C1761","Opening","hires","2560x1440","0,-58,2560,1440","2","Studio visual + pointer/keyboard","concept / Common / NEW","Complete native cinematic, text and choice acceptance","Blocked","COVERAGE.md","B01"
"C1762","Opening","hires","2560x1440","0,-58,2560,1440","2","Studio visual + pointer/keyboard","concept / Common / duplicate","Complete native cinematic, text and choice acceptance","Blocked","COVERAGE.md","B01"
"C1763","Opening","ultrawide","3440x1440","0,-58,3440,1440","2","Studio visual + pointer/keyboard","concept / Common / NEW","Complete native cinematic, text and choice acceptance","Blocked","COVERAGE.md","B01"
"C1764","Opening","ultrawide","3440x1440","0,-58,3440,1440","2","Studio visual + pointer/keyboard","concept / Common / duplicate","Complete native cinematic, text and choice acceptance","Blocked","COVERAGE.md","B01"
"C1765","Opening","iphone7","666x374","0,-58,666,374","1","Studio visual + pointer/keyboard","concept / Uncommon / NEW","Complete native cinematic, text and choice acceptance","Blocked","COVERAGE.md","B01"
"C1766","Opening","iphone7","666x374","0,-58,666,374","1","Studio visual + pointer/keyboard","concept / Uncommon / duplicate","Complete native cinematic, text and choice acceptance","Blocked","COVERAGE.md","B01"
"C1767","Opening","a06","705x338","0,-58,705,338","1","Studio visual + pointer/keyboard","concept / Uncommon / NEW","Complete native cinematic, text and choice acceptance","Blocked","COVERAGE.md","B01"
"C1768","Opening","a06","705x338","0,-58,705,338","1","Studio visual + pointer/keyboard","concept / Uncommon / duplicate","Complete native cinematic, text and choice acceptance","Blocked","COVERAGE.md","B01"
"C1769","Opening","iphone13","749x389","0,-58,749,389","1","Studio visual + pointer/keyboard","concept / Uncommon / NEW","Complete native cinematic, text and choice acceptance","Blocked","COVERAGE.md","B01"
"C1770","Opening","iphone13","749x389","0,-58,749,389","1","Studio visual + pointer/keyboard","concept / Uncommon / duplicate","Complete native cinematic, text and choice acceptance","Blocked","COVERAGE.md","B01"
"C1771","Opening","iphone16max","831x439","0,-58,831,439","1","Studio visual + pointer/keyboard","concept / Uncommon / NEW","Complete native cinematic, text and choice acceptance","Blocked","COVERAGE.md","B01"
"C1772","Opening","iphone16max","831x439","0,-58,831,439","1","Studio visual + pointer/keyboard","concept / Uncommon / duplicate","Complete native cinematic, text and choice acceptance","Blocked","COVERAGE.md","B01"
"C1773","Opening","smalltablet","959x599","0,-58,959,599","1","Studio visual + pointer/keyboard","concept / Uncommon / NEW","Complete native cinematic, text and choice acceptance","Blocked","COVERAGE.md","B01"
"C1774","Opening","smalltablet","959x599","0,-58,959,599","1","Studio visual + pointer/keyboard","concept / Uncommon / duplicate","Complete native cinematic, text and choice acceptance","Blocked","COVERAGE.md","B01"
"C1775","Opening","ipad4x3","1023x768","0,-58,1023,768","1","Studio visual + pointer/keyboard","concept / Uncommon / NEW","Complete native cinematic, text and choice acceptance","Blocked","COVERAGE.md","B01"
"C1776","Opening","ipad4x3","1023x768","0,-58,1023,768","1","Studio visual + pointer/keyboard","concept / Uncommon / duplicate","Complete native cinematic, text and choice acceptance","Blocked","COVERAGE.md","B01"
"C1777","Opening","largetablet","1375x1032","0,-58,1375,1032","1.07421875","Studio visual + pointer/keyboard","concept / Uncommon / NEW","Complete native cinematic, text and choice acceptance","Blocked","COVERAGE.md","B01"
"C1778","Opening","largetablet","1375x1032","0,-58,1375,1032","1.07421875","Studio visual + pointer/keyboard","concept / Uncommon / duplicate","Complete native cinematic, text and choice acceptance","Blocked","COVERAGE.md","B01"
"C1779","Opening","laptop","1365x768","0,-58,1365,768","1.06640625","Studio visual + pointer/keyboard","concept / Uncommon / NEW","Complete native cinematic, text and choice acceptance","Blocked","COVERAGE.md","B01"
"C1780","Opening","laptop","1365x768","0,-58,1365,768","1.06640625","Studio visual + pointer/keyboard","concept / Uncommon / duplicate","Complete native cinematic, text and choice acceptance","Blocked","COVERAGE.md","B01"
"C1781","Opening","hd720","1279x720","0,-58,1279,720","1","Studio visual + pointer/keyboard","concept / Uncommon / NEW","Complete native cinematic, text and choice acceptance","Blocked","COVERAGE.md","B01"
"C1782","Opening","hd720","1279x720","0,-58,1279,720","1","Studio visual + pointer/keyboard","concept / Uncommon / duplicate","Complete native cinematic, text and choice acceptance","Blocked","COVERAGE.md","B01"
"C1783","Opening","desktop","1919x1079","0,-58,1919,1079","1.4986110925674438","Studio visual + pointer/keyboard","concept / Uncommon / NEW","Complete native cinematic, text and choice acceptance","Blocked","COVERAGE.md","B01"
"C1784","Opening","desktop","1919x1079","0,-58,1919,1079","1.4986110925674438","Studio visual + pointer/keyboard","concept / Uncommon / duplicate","Complete native cinematic, text and choice acceptance","Blocked","COVERAGE.md","B01"
"C1785","Opening","hires","2560x1440","0,-58,2560,1440","2","Studio visual + pointer/keyboard","concept / Uncommon / NEW","Complete native cinematic, text and choice acceptance","Blocked","COVERAGE.md","B01"
"C1786","Opening","hires","2560x1440","0,-58,2560,1440","2","Studio visual + pointer/keyboard","concept / Uncommon / duplicate","Complete native cinematic, text and choice acceptance","Blocked","COVERAGE.md","B01"
"C1787","Opening","ultrawide","3440x1440","0,-58,3440,1440","2","Studio visual + pointer/keyboard","concept / Uncommon / NEW","Complete native cinematic, text and choice acceptance","Blocked","COVERAGE.md","B01"
"C1788","Opening","ultrawide","3440x1440","0,-58,3440,1440","2","Studio visual + pointer/keyboard","concept / Uncommon / duplicate","Complete native cinematic, text and choice acceptance","Blocked","COVERAGE.md","B01"
"C1789","Opening","iphone7","666x374","0,-58,666,374","1","Studio visual + pointer/keyboard","concept / Rare / NEW","Complete native cinematic, text and choice acceptance","Blocked","COVERAGE.md","B01"
"C1790","Opening","iphone7","666x374","0,-58,666,374","1","Studio visual + pointer/keyboard","concept / Rare / duplicate","Complete native cinematic, text and choice acceptance","Blocked","COVERAGE.md","B01"
"C1791","Opening","a06","705x338","0,-58,705,338","1","Studio visual + pointer/keyboard","concept / Rare / NEW","Complete native cinematic, text and choice acceptance","Blocked","COVERAGE.md","B01"
"C1792","Opening","a06","705x338","0,-58,705,338","1","Studio visual + pointer/keyboard","concept / Rare / duplicate","Complete native cinematic, text and choice acceptance","Blocked","COVERAGE.md","B01"
"C1793","Opening","iphone13","749x389","0,-58,749,389","1","Studio visual + pointer/keyboard","concept / Rare / NEW","Complete native cinematic, text and choice acceptance","Blocked","COVERAGE.md","B01"
"C1794","Opening","iphone13","749x389","0,-58,749,389","1","Studio visual + pointer/keyboard","concept / Rare / duplicate","Complete native cinematic, text and choice acceptance","Blocked","COVERAGE.md","B01"
"C1795","Opening","iphone16max","831x439","0,-58,831,439","1","Studio visual + pointer/keyboard","concept / Rare / NEW","Complete native cinematic, text and choice acceptance","Blocked","COVERAGE.md","B01"
"C1796","Opening","iphone16max","831x439","0,-58,831,439","1","Studio visual + pointer/keyboard","concept / Rare / duplicate","Complete native cinematic, text and choice acceptance","Blocked","COVERAGE.md","B01"
"C1797","Opening","smalltablet","959x599","0,-58,959,599","1","Studio visual + pointer/keyboard","concept / Rare / NEW","Complete native cinematic, text and choice acceptance","Blocked","COVERAGE.md","B01"
"C1798","Opening","smalltablet","959x599","0,-58,959,599","1","Studio visual + pointer/keyboard","concept / Rare / duplicate","Complete native cinematic, text and choice acceptance","Blocked","COVERAGE.md","B01"
"C1799","Opening","ipad4x3","1023x768","0,-58,1023,768","1","Studio visual + pointer/keyboard","concept / Rare / NEW","Complete native cinematic, text and choice acceptance","Blocked","COVERAGE.md","B01"
"C1800","Opening","ipad4x3","1023x768","0,-58,1023,768","1","Studio visual + pointer/keyboard","concept / Rare / duplicate","Complete native cinematic, text and choice acceptance","Blocked","COVERAGE.md","B01"
"C1801","Opening","largetablet","1375x1032","0,-58,1375,1032","1.07421875","Studio visual + pointer/keyboard","concept / Rare / NEW","Complete native cinematic, text and choice acceptance","Blocked","COVERAGE.md","B01"
"C1802","Opening","largetablet","1375x1032","0,-58,1375,1032","1.07421875","Studio visual + pointer/keyboard","concept / Rare / duplicate","Complete native cinematic, text and choice acceptance","Blocked","COVERAGE.md","B01"
"C1803","Opening","laptop","1365x768","0,-58,1365,768","1.06640625","Studio visual + pointer/keyboard","concept / Rare / NEW","Complete native cinematic, text and choice acceptance","Blocked","COVERAGE.md","B01"
"C1804","Opening","laptop","1365x768","0,-58,1365,768","1.06640625","Studio visual + pointer/keyboard","concept / Rare / duplicate","Complete native cinematic, text and choice acceptance","Blocked","COVERAGE.md","B01"
"C1805","Opening","hd720","1279x720","0,-58,1279,720","1","Studio visual + pointer/keyboard","concept / Rare / NEW","Complete native cinematic, text and choice acceptance","Blocked","COVERAGE.md","B01"
"C1806","Opening","hd720","1279x720","0,-58,1279,720","1","Studio visual + pointer/keyboard","concept / Rare / duplicate","Complete native cinematic, text and choice acceptance","Blocked","COVERAGE.md","B01"
"C1807","Opening","desktop","1919x1079","0,-58,1919,1079","1.4986110925674438","Studio visual + pointer/keyboard","concept / Rare / NEW","Complete native cinematic, text and choice acceptance","Blocked","COVERAGE.md","B01"
"C1808","Opening","desktop","1919x1079","0,-58,1919,1079","1.4986110925674438","Studio visual + pointer/keyboard","concept / Rare / duplicate","Complete native cinematic, text and choice acceptance","Blocked","COVERAGE.md","B01"
"C1809","Opening","hires","2560x1440","0,-58,2560,1440","2","Studio visual + pointer/keyboard","concept / Rare / NEW","Complete native cinematic, text and choice acceptance","Blocked","COVERAGE.md","B01"
"C1810","Opening","hires","2560x1440","0,-58,2560,1440","2","Studio visual + pointer/keyboard","concept / Rare / duplicate","Complete native cinematic, text and choice acceptance","Blocked","COVERAGE.md","B01"
"C1811","Opening","ultrawide","3440x1440","0,-58,3440,1440","2","Studio visual + pointer/keyboard","concept / Rare / NEW","Complete native cinematic, text and choice acceptance","Blocked","COVERAGE.md","B01"
"C1812","Opening","ultrawide","3440x1440","0,-58,3440,1440","2","Studio visual + pointer/keyboard","concept / Rare / duplicate","Complete native cinematic, text and choice acceptance","Blocked","COVERAGE.md","B01"
"C1813","Opening","iphone7","666x374","0,-58,666,374","1","Studio visual + pointer/keyboard","concept / Legendary / NEW","Complete native cinematic, text and choice acceptance","Blocked","COVERAGE.md","B01"
"C1814","Opening","iphone7","666x374","0,-58,666,374","1","Studio visual + pointer/keyboard","concept / Legendary / duplicate","Complete native cinematic, text and choice acceptance","Blocked","COVERAGE.md","B01"
"C1815","Opening","a06","705x338","0,-58,705,338","1","Studio visual + pointer/keyboard","concept / Legendary / NEW","Complete native cinematic, text and choice acceptance","Blocked","COVERAGE.md","B01"
"C1816","Opening","a06","705x338","0,-58,705,338","1","Studio visual + pointer/keyboard","concept / Legendary / duplicate","Complete native cinematic, text and choice acceptance","Blocked","COVERAGE.md","B01"
"C1817","Opening","iphone13","749x389","0,-58,749,389","1","Studio visual + pointer/keyboard","concept / Legendary / NEW","Complete native cinematic, text and choice acceptance","Blocked","COVERAGE.md","B01"
"C1818","Opening","iphone13","749x389","0,-58,749,389","1","Studio visual + pointer/keyboard","concept / Legendary / duplicate","Complete native cinematic, text and choice acceptance","Blocked","COVERAGE.md","B01"
"C1819","Opening","iphone16max","831x439","0,-58,831,439","1","Studio visual + pointer/keyboard","concept / Legendary / NEW","Complete native cinematic, text and choice acceptance","Blocked","COVERAGE.md","B01"
"C1820","Opening","iphone16max","831x439","0,-58,831,439","1","Studio visual + pointer/keyboard","concept / Legendary / duplicate","Complete native cinematic, text and choice acceptance","Blocked","COVERAGE.md","B01"
"C1821","Opening","smalltablet","959x599","0,-58,959,599","1","Studio visual + pointer/keyboard","concept / Legendary / NEW","Complete native cinematic, text and choice acceptance","Blocked","COVERAGE.md","B01"
"C1822","Opening","smalltablet","959x599","0,-58,959,599","1","Studio visual + pointer/keyboard","concept / Legendary / duplicate","Complete native cinematic, text and choice acceptance","Blocked","COVERAGE.md","B01"
"C1823","Opening","ipad4x3","1023x768","0,-58,1023,768","1","Studio visual + pointer/keyboard","concept / Legendary / NEW","Complete native cinematic, text and choice acceptance","Blocked","COVERAGE.md","B01"
"C1824","Opening","ipad4x3","1023x768","0,-58,1023,768","1","Studio visual + pointer/keyboard","concept / Legendary / duplicate","Complete native cinematic, text and choice acceptance","Blocked","COVERAGE.md","B01"
"C1825","Opening","largetablet","1375x1032","0,-58,1375,1032","1.07421875","Studio visual + pointer/keyboard","concept / Legendary / NEW","Complete native cinematic, text and choice acceptance","Blocked","COVERAGE.md","B01"
"C1826","Opening","largetablet","1375x1032","0,-58,1375,1032","1.07421875","Studio visual + pointer/keyboard","concept / Legendary / duplicate","Complete native cinematic, text and choice acceptance","Blocked","COVERAGE.md","B01"
"C1827","Opening","laptop","1365x768","0,-58,1365,768","1.06640625","Studio visual + pointer/keyboard","concept / Legendary / NEW","Complete native cinematic, text and choice acceptance","Blocked","COVERAGE.md","B01"
"C1828","Opening","laptop","1365x768","0,-58,1365,768","1.06640625","Studio visual + pointer/keyboard","concept / Legendary / duplicate","Complete native cinematic, text and choice acceptance","Blocked","COVERAGE.md","B01"
"C1829","Opening","hd720","1279x720","0,-58,1279,720","1","Studio visual + pointer/keyboard","concept / Legendary / NEW","Complete native cinematic, text and choice acceptance","Blocked","COVERAGE.md","B01"
"C1830","Opening","hd720","1279x720","0,-58,1279,720","1","Studio visual + pointer/keyboard","concept / Legendary / duplicate","Complete native cinematic, text and choice acceptance","Blocked","COVERAGE.md","B01"
"C1831","Opening","desktop","1919x1079","0,-58,1919,1079","1.4986110925674438","Studio visual + pointer/keyboard","concept / Legendary / NEW","Complete native cinematic, text and choice acceptance","Blocked","COVERAGE.md","B01"
"C1832","Opening","desktop","1919x1079","0,-58,1919,1079","1.4986110925674438","Studio visual + pointer/keyboard","concept / Legendary / duplicate","Complete native cinematic, text and choice acceptance","Blocked","COVERAGE.md","B01"
"C1833","Opening","hires","2560x1440","0,-58,2560,1440","2","Studio visual + pointer/keyboard","concept / Legendary / NEW","Complete native cinematic, text and choice acceptance","Blocked","COVERAGE.md","B01"
"C1834","Opening","hires","2560x1440","0,-58,2560,1440","2","Studio visual + pointer/keyboard","concept / Legendary / duplicate","Complete native cinematic, text and choice acceptance","Blocked","COVERAGE.md","B01"
"C1835","Opening","ultrawide","3440x1440","0,-58,3440,1440","2","Studio visual + pointer/keyboard","concept / Legendary / NEW","Complete native cinematic, text and choice acceptance","Blocked","COVERAGE.md","B01"
"C1836","Opening","ultrawide","3440x1440","0,-58,3440,1440","2","Studio visual + pointer/keyboard","concept / Legendary / duplicate","Complete native cinematic, text and choice acceptance","Blocked","COVERAGE.md","B01"
"C1837","Opening","iphone7","666x374","0,-58,666,374","1","Studio visual + pointer/keyboard","concept / Mythical / NEW","Complete native cinematic, text and choice acceptance","Blocked","COVERAGE.md","B01"
"C1838","Opening","iphone7","666x374","0,-58,666,374","1","Studio visual + pointer/keyboard","concept / Mythical / duplicate","Complete native cinematic, text and choice acceptance","Blocked","COVERAGE.md","B01"
"C1839","Opening","a06","705x338","0,-58,705,338","1","Studio visual + pointer/keyboard","concept / Mythical / NEW","Complete native cinematic, text and choice acceptance","Blocked","COVERAGE.md","B01"
"C1840","Opening","a06","705x338","0,-58,705,338","1","Studio visual + pointer/keyboard","concept / Mythical / duplicate","Complete native cinematic, text and choice acceptance","Blocked","COVERAGE.md","B01"
"C1841","Opening","iphone13","749x389","0,-58,749,389","1","Studio visual + pointer/keyboard","concept / Mythical / NEW","Complete native cinematic, text and choice acceptance","Blocked","COVERAGE.md","B01"
"C1842","Opening","iphone13","749x389","0,-58,749,389","1","Studio visual + pointer/keyboard","concept / Mythical / duplicate","Complete native cinematic, text and choice acceptance","Blocked","COVERAGE.md","B01"
"C1843","Opening","iphone16max","831x439","0,-58,831,439","1","Studio visual + pointer/keyboard","concept / Mythical / NEW","Complete native cinematic, text and choice acceptance","Blocked","COVERAGE.md","B01"
"C1844","Opening","iphone16max","831x439","0,-58,831,439","1","Studio visual + pointer/keyboard","concept / Mythical / duplicate","Complete native cinematic, text and choice acceptance","Blocked","COVERAGE.md","B01"
"C1845","Opening","smalltablet","959x599","0,-58,959,599","1","Studio visual + pointer/keyboard","concept / Mythical / NEW","Complete native cinematic, text and choice acceptance","Blocked","COVERAGE.md","B01"
"C1846","Opening","smalltablet","959x599","0,-58,959,599","1","Studio visual + pointer/keyboard","concept / Mythical / duplicate","Complete native cinematic, text and choice acceptance","Blocked","COVERAGE.md","B01"
"C1847","Opening","ipad4x3","1023x768","0,-58,1023,768","1","Studio visual + pointer/keyboard","concept / Mythical / NEW","Complete native cinematic, text and choice acceptance","Blocked","COVERAGE.md","B01"
"C1848","Opening","ipad4x3","1023x768","0,-58,1023,768","1","Studio visual + pointer/keyboard","concept / Mythical / duplicate","Complete native cinematic, text and choice acceptance","Blocked","COVERAGE.md","B01"
"C1849","Opening","largetablet","1375x1032","0,-58,1375,1032","1.07421875","Studio visual + pointer/keyboard","concept / Mythical / NEW","Complete native cinematic, text and choice acceptance","Blocked","COVERAGE.md","B01"
"C1850","Opening","largetablet","1375x1032","0,-58,1375,1032","1.07421875","Studio visual + pointer/keyboard","concept / Mythical / duplicate","Complete native cinematic, text and choice acceptance","Blocked","COVERAGE.md","B01"
"C1851","Opening","laptop","1365x768","0,-58,1365,768","1.06640625","Studio visual + pointer/keyboard","concept / Mythical / NEW","Complete native cinematic, text and choice acceptance","Blocked","COVERAGE.md","B01"
"C1852","Opening","laptop","1365x768","0,-58,1365,768","1.06640625","Studio visual + pointer/keyboard","concept / Mythical / duplicate","Complete native cinematic, text and choice acceptance","Blocked","COVERAGE.md","B01"
"C1853","Opening","hd720","1279x720","0,-58,1279,720","1","Studio visual + pointer/keyboard","concept / Mythical / NEW","Complete native cinematic, text and choice acceptance","Blocked","COVERAGE.md","B01"
"C1854","Opening","hd720","1279x720","0,-58,1279,720","1","Studio visual + pointer/keyboard","concept / Mythical / duplicate","Complete native cinematic, text and choice acceptance","Blocked","COVERAGE.md","B01"
"C1855","Opening","desktop","1919x1079","0,-58,1919,1079","1.4986110925674438","Studio visual + pointer/keyboard","concept / Mythical / NEW","Complete native cinematic, text and choice acceptance","Blocked","COVERAGE.md","B01"
"C1856","Opening","desktop","1919x1079","0,-58,1919,1079","1.4986110925674438","Studio visual + pointer/keyboard","concept / Mythical / duplicate","Complete native cinematic, text and choice acceptance","Blocked","COVERAGE.md","B01"
"C1857","Opening","hires","2560x1440","0,-58,2560,1440","2","Studio visual + pointer/keyboard","concept / Mythical / NEW","Complete native cinematic, text and choice acceptance","Blocked","COVERAGE.md","B01"
"C1858","Opening","hires","2560x1440","0,-58,2560,1440","2","Studio visual + pointer/keyboard","concept / Mythical / duplicate","Complete native cinematic, text and choice acceptance","Blocked","COVERAGE.md","B01"
"C1859","Opening","ultrawide","3440x1440","0,-58,3440,1440","2","Studio visual + pointer/keyboard","concept / Mythical / NEW","Complete native cinematic, text and choice acceptance","Blocked","COVERAGE.md","B01"
"C1860","Opening","ultrawide","3440x1440","0,-58,3440,1440","2","Studio visual + pointer/keyboard","concept / Mythical / duplicate","Complete native cinematic, text and choice acceptance","Blocked","COVERAGE.md","B01"
"C1861","Opening","iphone7","666x374","0,-58,666,374","1","Studio visual + pointer/keyboard","echo / Common / NEW","Complete native cinematic, text and choice acceptance","Blocked","COVERAGE.md","B01"
"C1862","Opening","iphone7","666x374","0,-58,666,374","1","Studio visual + pointer/keyboard","echo / Common / duplicate","Complete native cinematic, text and choice acceptance","Blocked","COVERAGE.md","B01"
"C1863","Opening","a06","705x338","0,-58,705,338","1","Studio visual + pointer/keyboard","echo / Common / NEW","Complete native cinematic, text and choice acceptance","Blocked","COVERAGE.md","B01"
"C1864","Opening","a06","705x338","0,-58,705,338","1","Studio visual + pointer/keyboard","echo / Common / duplicate","Complete native cinematic, text and choice acceptance","Blocked","COVERAGE.md","B01"
"C1865","Opening","iphone13","749x389","0,-58,749,389","1","Studio visual + pointer/keyboard","echo / Common / NEW","Complete native cinematic, text and choice acceptance","Blocked","COVERAGE.md","B01"
"C1866","Opening","iphone13","749x389","0,-58,749,389","1","Studio visual + pointer/keyboard","echo / Common / duplicate","Complete native cinematic, text and choice acceptance","Blocked","COVERAGE.md","B01"
"C1867","Opening","iphone16max","831x439","0,-58,831,439","1","Studio visual + pointer/keyboard","echo / Common / NEW","Complete native cinematic, text and choice acceptance","Blocked","COVERAGE.md","B01"
"C1868","Opening","iphone16max","831x439","0,-58,831,439","1","Studio visual + pointer/keyboard","echo / Common / duplicate","Complete native cinematic, text and choice acceptance","Blocked","COVERAGE.md","B01"
"C1869","Opening","smalltablet","959x599","0,-58,959,599","1","Studio visual + pointer/keyboard","echo / Common / NEW","Complete native cinematic, text and choice acceptance","Blocked","COVERAGE.md","B01"
"C1870","Opening","smalltablet","959x599","0,-58,959,599","1","Studio visual + pointer/keyboard","echo / Common / duplicate","Complete native cinematic, text and choice acceptance","Blocked","COVERAGE.md","B01"
"C1871","Opening","ipad4x3","1023x768","0,-58,1023,768","1","Studio visual + pointer/keyboard","echo / Common / NEW","Complete native cinematic, text and choice acceptance","Blocked","COVERAGE.md","B01"
"C1872","Opening","ipad4x3","1023x768","0,-58,1023,768","1","Studio visual + pointer/keyboard","echo / Common / duplicate","Complete native cinematic, text and choice acceptance","Blocked","COVERAGE.md","B01"
"C1873","Opening","largetablet","1375x1032","0,-58,1375,1032","1.07421875","Studio visual + pointer/keyboard","echo / Common / NEW","Complete native cinematic, text and choice acceptance","Blocked","COVERAGE.md","B01"
"C1874","Opening","largetablet","1375x1032","0,-58,1375,1032","1.07421875","Studio visual + pointer/keyboard","echo / Common / duplicate","Complete native cinematic, text and choice acceptance","Blocked","COVERAGE.md","B01"
"C1875","Opening","laptop","1365x768","0,-58,1365,768","1.06640625","Studio visual + pointer/keyboard","echo / Common / NEW","Complete native cinematic, text and choice acceptance","Blocked","COVERAGE.md","B01"
"C1876","Opening","laptop","1365x768","0,-58,1365,768","1.06640625","Studio visual + pointer/keyboard","echo / Common / duplicate","Complete native cinematic, text and choice acceptance","Blocked","COVERAGE.md","B01"
"C1877","Opening","hd720","1279x720","0,-58,1279,720","1","Studio visual + pointer/keyboard","echo / Common / NEW","Complete native cinematic, text and choice acceptance","Blocked","COVERAGE.md","B01"
"C1878","Opening","hd720","1279x720","0,-58,1279,720","1","Studio visual + pointer/keyboard","echo / Common / duplicate","Complete native cinematic, text and choice acceptance","Blocked","COVERAGE.md","B01"
"C1879","Opening","desktop","1919x1079","0,-58,1919,1079","1.4986110925674438","Studio visual + pointer/keyboard","echo / Common / NEW","Complete native cinematic, text and choice acceptance","Blocked","COVERAGE.md","B01"
"C1880","Opening","desktop","1919x1079","0,-58,1919,1079","1.4986110925674438","Studio visual + pointer/keyboard","echo / Common / duplicate","Complete native cinematic, text and choice acceptance","Blocked","COVERAGE.md","B01"
"C1881","Opening","hires","2560x1440","0,-58,2560,1440","2","Studio visual + pointer/keyboard","echo / Common / NEW","Complete native cinematic, text and choice acceptance","Blocked","COVERAGE.md","B01"
"C1882","Opening","hires","2560x1440","0,-58,2560,1440","2","Studio visual + pointer/keyboard","echo / Common / duplicate","Complete native cinematic, text and choice acceptance","Blocked","COVERAGE.md","B01"
"C1883","Opening","ultrawide","3440x1440","0,-58,3440,1440","2","Studio visual + pointer/keyboard","echo / Common / NEW","Complete native cinematic, text and choice acceptance","Blocked","COVERAGE.md","B01"
"C1884","Opening","ultrawide","3440x1440","0,-58,3440,1440","2","Studio visual + pointer/keyboard","echo / Common / duplicate","Complete native cinematic, text and choice acceptance","Blocked","COVERAGE.md","B01"
"C1885","Opening","iphone7","666x374","0,-58,666,374","1","Studio visual + pointer/keyboard","echo / Uncommon / NEW","Complete native cinematic, text and choice acceptance","Blocked","COVERAGE.md","B01"
"C1886","Opening","iphone7","666x374","0,-58,666,374","1","Studio visual + pointer/keyboard","echo / Uncommon / duplicate","Complete native cinematic, text and choice acceptance","Blocked","COVERAGE.md","B01"
"C1887","Opening","a06","705x338","0,-58,705,338","1","Studio visual + pointer/keyboard","echo / Uncommon / NEW","Complete native cinematic, text and choice acceptance","Blocked","COVERAGE.md","B01"
"C1888","Opening","a06","705x338","0,-58,705,338","1","Studio visual + pointer/keyboard","echo / Uncommon / duplicate","Complete native cinematic, text and choice acceptance","Blocked","COVERAGE.md","B01"
"C1889","Opening","iphone13","749x389","0,-58,749,389","1","Studio visual + pointer/keyboard","echo / Uncommon / NEW","Complete native cinematic, text and choice acceptance","Blocked","COVERAGE.md","B01"
"C1890","Opening","iphone13","749x389","0,-58,749,389","1","Studio visual + pointer/keyboard","echo / Uncommon / duplicate","Complete native cinematic, text and choice acceptance","Blocked","COVERAGE.md","B01"
"C1891","Opening","iphone16max","831x439","0,-58,831,439","1","Studio visual + pointer/keyboard","echo / Uncommon / NEW","Complete native cinematic, text and choice acceptance","Blocked","COVERAGE.md","B01"
"C1892","Opening","iphone16max","831x439","0,-58,831,439","1","Studio visual + pointer/keyboard","echo / Uncommon / duplicate","Complete native cinematic, text and choice acceptance","Blocked","COVERAGE.md","B01"
"C1893","Opening","smalltablet","959x599","0,-58,959,599","1","Studio visual + pointer/keyboard","echo / Uncommon / NEW","Complete native cinematic, text and choice acceptance","Blocked","COVERAGE.md","B01"
"C1894","Opening","smalltablet","959x599","0,-58,959,599","1","Studio visual + pointer/keyboard","echo / Uncommon / duplicate","Complete native cinematic, text and choice acceptance","Blocked","COVERAGE.md","B01"
"C1895","Opening","ipad4x3","1023x768","0,-58,1023,768","1","Studio visual + pointer/keyboard","echo / Uncommon / NEW","Complete native cinematic, text and choice acceptance","Blocked","COVERAGE.md","B01"
"C1896","Opening","ipad4x3","1023x768","0,-58,1023,768","1","Studio visual + pointer/keyboard","echo / Uncommon / duplicate","Complete native cinematic, text and choice acceptance","Blocked","COVERAGE.md","B01"
"C1897","Opening","largetablet","1375x1032","0,-58,1375,1032","1.07421875","Studio visual + pointer/keyboard","echo / Uncommon / NEW","Complete native cinematic, text and choice acceptance","Blocked","COVERAGE.md","B01"
"C1898","Opening","largetablet","1375x1032","0,-58,1375,1032","1.07421875","Studio visual + pointer/keyboard","echo / Uncommon / duplicate","Complete native cinematic, text and choice acceptance","Blocked","COVERAGE.md","B01"
"C1899","Opening","laptop","1365x768","0,-58,1365,768","1.06640625","Studio visual + pointer/keyboard","echo / Uncommon / NEW","Complete native cinematic, text and choice acceptance","Blocked","COVERAGE.md","B01"
"C1900","Opening","laptop","1365x768","0,-58,1365,768","1.06640625","Studio visual + pointer/keyboard","echo / Uncommon / duplicate","Complete native cinematic, text and choice acceptance","Blocked","COVERAGE.md","B01"
"C1901","Opening","hd720","1279x720","0,-58,1279,720","1","Studio visual + pointer/keyboard","echo / Uncommon / NEW","Complete native cinematic, text and choice acceptance","Blocked","COVERAGE.md","B01"
"C1902","Opening","hd720","1279x720","0,-58,1279,720","1","Studio visual + pointer/keyboard","echo / Uncommon / duplicate","Complete native cinematic, text and choice acceptance","Blocked","COVERAGE.md","B01"
"C1903","Opening","desktop","1919x1079","0,-58,1919,1079","1.4986110925674438","Studio visual + pointer/keyboard","echo / Uncommon / NEW","Complete native cinematic, text and choice acceptance","Blocked","COVERAGE.md","B01"
"C1904","Opening","desktop","1919x1079","0,-58,1919,1079","1.4986110925674438","Studio visual + pointer/keyboard","echo / Uncommon / duplicate","Complete native cinematic, text and choice acceptance","Blocked","COVERAGE.md","B01"
"C1905","Opening","hires","2560x1440","0,-58,2560,1440","2","Studio visual + pointer/keyboard","echo / Uncommon / NEW","Complete native cinematic, text and choice acceptance","Blocked","COVERAGE.md","B01"
"C1906","Opening","hires","2560x1440","0,-58,2560,1440","2","Studio visual + pointer/keyboard","echo / Uncommon / duplicate","Complete native cinematic, text and choice acceptance","Blocked","COVERAGE.md","B01"
"C1907","Opening","ultrawide","3440x1440","0,-58,3440,1440","2","Studio visual + pointer/keyboard","echo / Uncommon / NEW","Complete native cinematic, text and choice acceptance","Blocked","COVERAGE.md","B01"
"C1908","Opening","ultrawide","3440x1440","0,-58,3440,1440","2","Studio visual + pointer/keyboard","echo / Uncommon / duplicate","Complete native cinematic, text and choice acceptance","Blocked","COVERAGE.md","B01"
"C1909","Opening","iphone7","666x374","0,-58,666,374","1","Studio visual + pointer/keyboard","echo / Rare / NEW","Complete native cinematic, text and choice acceptance","Blocked","COVERAGE.md","B01"
"C1910","Opening","iphone7","666x374","0,-58,666,374","1","Studio visual + pointer/keyboard","echo / Rare / duplicate","Complete native cinematic, text and choice acceptance","Blocked","COVERAGE.md","B01"
"C1911","Opening","a06","705x338","0,-58,705,338","1","Studio visual + pointer/keyboard","echo / Rare / NEW","Complete native cinematic, text and choice acceptance","Blocked","COVERAGE.md","B01"
"C1912","Opening","a06","705x338","0,-58,705,338","1","Studio visual + pointer/keyboard","echo / Rare / duplicate","Complete native cinematic, text and choice acceptance","Blocked","COVERAGE.md","B01"
"C1913","Opening","iphone13","749x389","0,-58,749,389","1","Studio visual + pointer/keyboard","echo / Rare / NEW","Complete native cinematic, text and choice acceptance","Blocked","COVERAGE.md","B01"
"C1914","Opening","iphone13","749x389","0,-58,749,389","1","Studio visual + pointer/keyboard","echo / Rare / duplicate","Complete native cinematic, text and choice acceptance","Blocked","COVERAGE.md","B01"
"C1915","Opening","iphone16max","831x439","0,-58,831,439","1","Studio visual + pointer/keyboard","echo / Rare / NEW","Complete native cinematic, text and choice acceptance","Blocked","COVERAGE.md","B01"
"C1916","Opening","iphone16max","831x439","0,-58,831,439","1","Studio visual + pointer/keyboard","echo / Rare / duplicate","Complete native cinematic, text and choice acceptance","Blocked","COVERAGE.md","B01"
"C1917","Opening","smalltablet","959x599","0,-58,959,599","1","Studio visual + pointer/keyboard","echo / Rare / NEW","Complete native cinematic, text and choice acceptance","Blocked","COVERAGE.md","B01"
"C1918","Opening","smalltablet","959x599","0,-58,959,599","1","Studio visual + pointer/keyboard","echo / Rare / duplicate","Complete native cinematic, text and choice acceptance","Blocked","COVERAGE.md","B01"
"C1919","Opening","ipad4x3","1023x768","0,-58,1023,768","1","Studio visual + pointer/keyboard","echo / Rare / NEW","Complete native cinematic, text and choice acceptance","Blocked","COVERAGE.md","B01"
"C1920","Opening","ipad4x3","1023x768","0,-58,1023,768","1","Studio visual + pointer/keyboard","echo / Rare / duplicate","Complete native cinematic, text and choice acceptance","Blocked","COVERAGE.md","B01"
"C1921","Opening","largetablet","1375x1032","0,-58,1375,1032","1.07421875","Studio visual + pointer/keyboard","echo / Rare / NEW","Complete native cinematic, text and choice acceptance","Blocked","COVERAGE.md","B01"
"C1922","Opening","largetablet","1375x1032","0,-58,1375,1032","1.07421875","Studio visual + pointer/keyboard","echo / Rare / duplicate","Complete native cinematic, text and choice acceptance","Blocked","COVERAGE.md","B01"
"C1923","Opening","laptop","1365x768","0,-58,1365,768","1.06640625","Studio visual + pointer/keyboard","echo / Rare / NEW","Complete native cinematic, text and choice acceptance","Blocked","COVERAGE.md","B01"
"C1924","Opening","laptop","1365x768","0,-58,1365,768","1.06640625","Studio visual + pointer/keyboard","echo / Rare / duplicate","Complete native cinematic, text and choice acceptance","Blocked","COVERAGE.md","B01"
"C1925","Opening","hd720","1279x720","0,-58,1279,720","1","Studio visual + pointer/keyboard","echo / Rare / NEW","Complete native cinematic, text and choice acceptance","Blocked","COVERAGE.md","B01"
"C1926","Opening","hd720","1279x720","0,-58,1279,720","1","Studio visual + pointer/keyboard","echo / Rare / duplicate","Complete native cinematic, text and choice acceptance","Blocked","COVERAGE.md","B01"
"C1927","Opening","desktop","1919x1079","0,-58,1919,1079","1.4986110925674438","Studio visual + pointer/keyboard","echo / Rare / NEW","Complete native cinematic, text and choice acceptance","Blocked","COVERAGE.md","B01"
"C1928","Opening","desktop","1919x1079","0,-58,1919,1079","1.4986110925674438","Studio visual + pointer/keyboard","echo / Rare / duplicate","Complete native cinematic, text and choice acceptance","Blocked","COVERAGE.md","B01"
"C1929","Opening","hires","2560x1440","0,-58,2560,1440","2","Studio visual + pointer/keyboard","echo / Rare / NEW","Complete native cinematic, text and choice acceptance","Blocked","COVERAGE.md","B01"
"C1930","Opening","hires","2560x1440","0,-58,2560,1440","2","Studio visual + pointer/keyboard","echo / Rare / duplicate","Complete native cinematic, text and choice acceptance","Blocked","COVERAGE.md","B01"
"C1931","Opening","ultrawide","3440x1440","0,-58,3440,1440","2","Studio visual + pointer/keyboard","echo / Rare / NEW","Complete native cinematic, text and choice acceptance","Blocked","COVERAGE.md","B01"
"C1932","Opening","ultrawide","3440x1440","0,-58,3440,1440","2","Studio visual + pointer/keyboard","echo / Rare / duplicate","Complete native cinematic, text and choice acceptance","Blocked","COVERAGE.md","B01"
"C1933","Opening","iphone7","666x374","0,-58,666,374","1","Studio visual + pointer/keyboard","echo / Legendary / NEW","Complete native cinematic, text and choice acceptance","Blocked","COVERAGE.md","B01"
"C1934","Opening","iphone7","666x374","0,-58,666,374","1","Studio visual + pointer/keyboard","echo / Legendary / duplicate","Complete native cinematic, text and choice acceptance","Blocked","COVERAGE.md","B01"
"C1935","Opening","a06","705x338","0,-58,705,338","1","Studio visual + pointer/keyboard","echo / Legendary / NEW","Complete native cinematic, text and choice acceptance","Blocked","COVERAGE.md","B01"
"C1936","Opening","a06","705x338","0,-58,705,338","1","Studio visual + pointer/keyboard","echo / Legendary / duplicate","Complete native cinematic, text and choice acceptance","Blocked","COVERAGE.md","B01"
"C1937","Opening","iphone13","749x389","0,-58,749,389","1","Studio visual + pointer/keyboard","echo / Legendary / NEW","Complete native cinematic, text and choice acceptance","Blocked","COVERAGE.md","B01"
"C1938","Opening","iphone13","749x389","0,-58,749,389","1","Studio visual + pointer/keyboard","echo / Legendary / duplicate","Complete native cinematic, text and choice acceptance","Blocked","COVERAGE.md","B01"
"C1939","Opening","iphone16max","831x439","0,-58,831,439","1","Studio visual + pointer/keyboard","echo / Legendary / NEW","Complete native cinematic, text and choice acceptance","Blocked","COVERAGE.md","B01"
"C1940","Opening","iphone16max","831x439","0,-58,831,439","1","Studio visual + pointer/keyboard","echo / Legendary / duplicate","Complete native cinematic, text and choice acceptance","Blocked","COVERAGE.md","B01"
"C1941","Opening","smalltablet","959x599","0,-58,959,599","1","Studio visual + pointer/keyboard","echo / Legendary / NEW","Complete native cinematic, text and choice acceptance","Blocked","COVERAGE.md","B01"
"C1942","Opening","smalltablet","959x599","0,-58,959,599","1","Studio visual + pointer/keyboard","echo / Legendary / duplicate","Complete native cinematic, text and choice acceptance","Blocked","COVERAGE.md","B01"
"C1943","Opening","ipad4x3","1023x768","0,-58,1023,768","1","Studio visual + pointer/keyboard","echo / Legendary / NEW","Complete native cinematic, text and choice acceptance","Blocked","COVERAGE.md","B01"
"C1944","Opening","ipad4x3","1023x768","0,-58,1023,768","1","Studio visual + pointer/keyboard","echo / Legendary / duplicate","Complete native cinematic, text and choice acceptance","Blocked","COVERAGE.md","B01"
"C1945","Opening","largetablet","1375x1032","0,-58,1375,1032","1.07421875","Studio visual + pointer/keyboard","echo / Legendary / NEW","Complete native cinematic, text and choice acceptance","Blocked","COVERAGE.md","B01"
"C1946","Opening","largetablet","1375x1032","0,-58,1375,1032","1.07421875","Studio visual + pointer/keyboard","echo / Legendary / duplicate","Complete native cinematic, text and choice acceptance","Blocked","COVERAGE.md","B01"
"C1947","Opening","laptop","1365x768","0,-58,1365,768","1.06640625","Studio visual + pointer/keyboard","echo / Legendary / NEW","Complete native cinematic, text and choice acceptance","Blocked","COVERAGE.md","B01"
"C1948","Opening","laptop","1365x768","0,-58,1365,768","1.06640625","Studio visual + pointer/keyboard","echo / Legendary / duplicate","Complete native cinematic, text and choice acceptance","Blocked","COVERAGE.md","B01"
"C1949","Opening","hd720","1279x720","0,-58,1279,720","1","Studio visual + pointer/keyboard","echo / Legendary / NEW","Complete native cinematic, text and choice acceptance","Blocked","COVERAGE.md","B01"
"C1950","Opening","hd720","1279x720","0,-58,1279,720","1","Studio visual + pointer/keyboard","echo / Legendary / duplicate","Complete native cinematic, text and choice acceptance","Blocked","COVERAGE.md","B01"
"C1951","Opening","desktop","1919x1079","0,-58,1919,1079","1.4986110925674438","Studio visual + pointer/keyboard","echo / Legendary / NEW","Complete native cinematic, text and choice acceptance","Blocked","COVERAGE.md","B01"
"C1952","Opening","desktop","1919x1079","0,-58,1919,1079","1.4986110925674438","Studio visual + pointer/keyboard","echo / Legendary / duplicate","Complete native cinematic, text and choice acceptance","Blocked","COVERAGE.md","B01"
"C1953","Opening","hires","2560x1440","0,-58,2560,1440","2","Studio visual + pointer/keyboard","echo / Legendary / NEW","Complete native cinematic, text and choice acceptance","Blocked","COVERAGE.md","B01"
"C1954","Opening","hires","2560x1440","0,-58,2560,1440","2","Studio visual + pointer/keyboard","echo / Legendary / duplicate","Complete native cinematic, text and choice acceptance","Blocked","COVERAGE.md","B01"
"C1955","Opening","ultrawide","3440x1440","0,-58,3440,1440","2","Studio visual + pointer/keyboard","echo / Legendary / NEW","Complete native cinematic, text and choice acceptance","Blocked","COVERAGE.md","B01"
"C1956","Opening","ultrawide","3440x1440","0,-58,3440,1440","2","Studio visual + pointer/keyboard","echo / Legendary / duplicate","Complete native cinematic, text and choice acceptance","Blocked","COVERAGE.md","B01"
"C1957","Opening","iphone7","666x374","0,-58,666,374","1","Studio visual + pointer/keyboard","echo / Mythical / NEW","Complete native cinematic, text and choice acceptance","Blocked","COVERAGE.md","B01"
"C1958","Opening","iphone7","666x374","0,-58,666,374","1","Studio visual + pointer/keyboard","echo / Mythical / duplicate","Complete native cinematic, text and choice acceptance","Blocked","COVERAGE.md","B01"
"C1959","Opening","a06","705x338","0,-58,705,338","1","Studio visual + pointer/keyboard","echo / Mythical / NEW","Complete native cinematic, text and choice acceptance","Blocked","COVERAGE.md","B01"
"C1960","Opening","a06","705x338","0,-58,705,338","1","Studio visual + pointer/keyboard","echo / Mythical / duplicate","Complete native cinematic, text and choice acceptance","Blocked","COVERAGE.md","B01"
"C1961","Opening","iphone13","749x389","0,-58,749,389","1","Studio visual + pointer/keyboard","echo / Mythical / NEW","Complete native cinematic, text and choice acceptance","Blocked","COVERAGE.md","B01"
"C1962","Opening","iphone13","749x389","0,-58,749,389","1","Studio visual + pointer/keyboard","echo / Mythical / duplicate","Complete native cinematic, text and choice acceptance","Blocked","COVERAGE.md","B01"
"C1963","Opening","iphone16max","831x439","0,-58,831,439","1","Studio visual + pointer/keyboard","echo / Mythical / NEW","Complete native cinematic, text and choice acceptance","Blocked","COVERAGE.md","B01"
"C1964","Opening","iphone16max","831x439","0,-58,831,439","1","Studio visual + pointer/keyboard","echo / Mythical / duplicate","Complete native cinematic, text and choice acceptance","Blocked","COVERAGE.md","B01"
"C1965","Opening","smalltablet","959x599","0,-58,959,599","1","Studio visual + pointer/keyboard","echo / Mythical / NEW","Complete native cinematic, text and choice acceptance","Blocked","COVERAGE.md","B01"
"C1966","Opening","smalltablet","959x599","0,-58,959,599","1","Studio visual + pointer/keyboard","echo / Mythical / duplicate","Complete native cinematic, text and choice acceptance","Blocked","COVERAGE.md","B01"
"C1967","Opening","ipad4x3","1023x768","0,-58,1023,768","1","Studio visual + pointer/keyboard","echo / Mythical / NEW","Complete native cinematic, text and choice acceptance","Blocked","COVERAGE.md","B01"
"C1968","Opening","ipad4x3","1023x768","0,-58,1023,768","1","Studio visual + pointer/keyboard","echo / Mythical / duplicate","Complete native cinematic, text and choice acceptance","Blocked","COVERAGE.md","B01"
"C1969","Opening","largetablet","1375x1032","0,-58,1375,1032","1.07421875","Studio visual + pointer/keyboard","echo / Mythical / NEW","Complete native cinematic, text and choice acceptance","Blocked","COVERAGE.md","B01"
"C1970","Opening","largetablet","1375x1032","0,-58,1375,1032","1.07421875","Studio visual + pointer/keyboard","echo / Mythical / duplicate","Complete native cinematic, text and choice acceptance","Blocked","COVERAGE.md","B01"
"C1971","Opening","laptop","1365x768","0,-58,1365,768","1.06640625","Studio visual + pointer/keyboard","echo / Mythical / NEW","Complete native cinematic, text and choice acceptance","Blocked","COVERAGE.md","B01"
"C1972","Opening","laptop","1365x768","0,-58,1365,768","1.06640625","Studio visual + pointer/keyboard","echo / Mythical / duplicate","Complete native cinematic, text and choice acceptance","Blocked","COVERAGE.md","B01"
"C1973","Opening","hd720","1279x720","0,-58,1279,720","1","Studio visual + pointer/keyboard","echo / Mythical / NEW","Complete native cinematic, text and choice acceptance","Blocked","COVERAGE.md","B01"
"C1974","Opening","hd720","1279x720","0,-58,1279,720","1","Studio visual + pointer/keyboard","echo / Mythical / duplicate","Complete native cinematic, text and choice acceptance","Blocked","COVERAGE.md","B01"
"C1975","Opening","desktop","1919x1079","0,-58,1919,1079","1.4986110925674438","Studio visual + pointer/keyboard","echo / Mythical / NEW","Complete native cinematic, text and choice acceptance","Blocked","COVERAGE.md","B01"
"C1976","Opening","desktop","1919x1079","0,-58,1919,1079","1.4986110925674438","Studio visual + pointer/keyboard","echo / Mythical / duplicate","Complete native cinematic, text and choice acceptance","Blocked","COVERAGE.md","B01"
"C1977","Opening","hires","2560x1440","0,-58,2560,1440","2","Studio visual + pointer/keyboard","echo / Mythical / NEW","Complete native cinematic, text and choice acceptance","Blocked","COVERAGE.md","B01"
"C1978","Opening","hires","2560x1440","0,-58,2560,1440","2","Studio visual + pointer/keyboard","echo / Mythical / duplicate","Complete native cinematic, text and choice acceptance","Blocked","COVERAGE.md","B01"
"C1979","Opening","ultrawide","3440x1440","0,-58,3440,1440","2","Studio visual + pointer/keyboard","echo / Mythical / NEW","Complete native cinematic, text and choice acceptance","Blocked","COVERAGE.md","B01"
"C1980","Opening","ultrawide","3440x1440","0,-58,3440,1440","2","Studio visual + pointer/keyboard","echo / Mythical / duplicate","Complete native cinematic, text and choice acceptance","Blocked","COVERAGE.md","B01"
"C1981","Opening","iphone7","666x374","0,-58,666,374","1","Studio visual + pointer/keyboard","star / Common / NEW","Complete native cinematic, text and choice acceptance","Blocked","COVERAGE.md","B01"
"C1982","Opening","iphone7","666x374","0,-58,666,374","1","Studio visual + pointer/keyboard","star / Common / duplicate","Complete native cinematic, text and choice acceptance","Blocked","COVERAGE.md","B01"
"C1983","Opening","a06","705x338","0,-58,705,338","1","Studio visual + pointer/keyboard","star / Common / NEW","Complete native cinematic, text and choice acceptance","Blocked","COVERAGE.md","B01"
"C1984","Opening","a06","705x338","0,-58,705,338","1","Studio visual + pointer/keyboard","star / Common / duplicate","Complete native cinematic, text and choice acceptance","Blocked","COVERAGE.md","B01"
"C1985","Opening","iphone13","749x389","0,-58,749,389","1","Studio visual + pointer/keyboard","star / Common / NEW","Complete native cinematic, text and choice acceptance","Blocked","COVERAGE.md","B01"
"C1986","Opening","iphone13","749x389","0,-58,749,389","1","Studio visual + pointer/keyboard","star / Common / duplicate","Complete native cinematic, text and choice acceptance","Blocked","COVERAGE.md","B01"
"C1987","Opening","iphone16max","831x439","0,-58,831,439","1","Studio visual + pointer/keyboard","star / Common / NEW","Complete native cinematic, text and choice acceptance","Blocked","COVERAGE.md","B01"
"C1988","Opening","iphone16max","831x439","0,-58,831,439","1","Studio visual + pointer/keyboard","star / Common / duplicate","Complete native cinematic, text and choice acceptance","Blocked","COVERAGE.md","B01"
"C1989","Opening","smalltablet","959x599","0,-58,959,599","1","Studio visual + pointer/keyboard","star / Common / NEW","Complete native cinematic, text and choice acceptance","Blocked","COVERAGE.md","B01"
"C1990","Opening","smalltablet","959x599","0,-58,959,599","1","Studio visual + pointer/keyboard","star / Common / duplicate","Complete native cinematic, text and choice acceptance","Blocked","COVERAGE.md","B01"
"C1991","Opening","ipad4x3","1023x768","0,-58,1023,768","1","Studio visual + pointer/keyboard","star / Common / NEW","Complete native cinematic, text and choice acceptance","Blocked","COVERAGE.md","B01"
"C1992","Opening","ipad4x3","1023x768","0,-58,1023,768","1","Studio visual + pointer/keyboard","star / Common / duplicate","Complete native cinematic, text and choice acceptance","Blocked","COVERAGE.md","B01"
"C1993","Opening","largetablet","1375x1032","0,-58,1375,1032","1.07421875","Studio visual + pointer/keyboard","star / Common / NEW","Complete native cinematic, text and choice acceptance","Blocked","COVERAGE.md","B01"
"C1994","Opening","largetablet","1375x1032","0,-58,1375,1032","1.07421875","Studio visual + pointer/keyboard","star / Common / duplicate","Complete native cinematic, text and choice acceptance","Blocked","COVERAGE.md","B01"
"C1995","Opening","laptop","1365x768","0,-58,1365,768","1.06640625","Studio visual + pointer/keyboard","star / Common / NEW","Complete native cinematic, text and choice acceptance","Blocked","COVERAGE.md","B01"
"C1996","Opening","laptop","1365x768","0,-58,1365,768","1.06640625","Studio visual + pointer/keyboard","star / Common / duplicate","Complete native cinematic, text and choice acceptance","Blocked","COVERAGE.md","B01"
"C1997","Opening","hd720","1279x720","0,-58,1279,720","1","Studio visual + pointer/keyboard","star / Common / NEW","Complete native cinematic, text and choice acceptance","Blocked","COVERAGE.md","B01"
"C1998","Opening","hd720","1279x720","0,-58,1279,720","1","Studio visual + pointer/keyboard","star / Common / duplicate","Complete native cinematic, text and choice acceptance","Blocked","COVERAGE.md","B01"
"C1999","Opening","desktop","1919x1079","0,-58,1919,1079","1.4986110925674438","Studio visual + pointer/keyboard","star / Common / NEW","Complete native cinematic, text and choice acceptance","Blocked","COVERAGE.md","B01"
"C2000","Opening","desktop","1919x1079","0,-58,1919,1079","1.4986110925674438","Studio visual + pointer/keyboard","star / Common / duplicate","Complete native cinematic, text and choice acceptance","Blocked","COVERAGE.md","B01"
"C2001","Opening","hires","2560x1440","0,-58,2560,1440","2","Studio visual + pointer/keyboard","star / Common / NEW","Complete native cinematic, text and choice acceptance","Blocked","COVERAGE.md","B01"
"C2002","Opening","hires","2560x1440","0,-58,2560,1440","2","Studio visual + pointer/keyboard","star / Common / duplicate","Complete native cinematic, text and choice acceptance","Blocked","COVERAGE.md","B01"
"C2003","Opening","ultrawide","3440x1440","0,-58,3440,1440","2","Studio visual + pointer/keyboard","star / Common / NEW","Complete native cinematic, text and choice acceptance","Blocked","COVERAGE.md","B01"
"C2004","Opening","ultrawide","3440x1440","0,-58,3440,1440","2","Studio visual + pointer/keyboard","star / Common / duplicate","Complete native cinematic, text and choice acceptance","Blocked","COVERAGE.md","B01"
"C2005","Opening","iphone7","666x374","0,-58,666,374","1","Studio visual + pointer/keyboard","star / Uncommon / NEW","Complete native cinematic, text and choice acceptance","Blocked","COVERAGE.md","B01"
"C2006","Opening","iphone7","666x374","0,-58,666,374","1","Studio visual + pointer/keyboard","star / Uncommon / duplicate","Complete native cinematic, text and choice acceptance","Blocked","COVERAGE.md","B01"
"C2007","Opening","a06","705x338","0,-58,705,338","1","Studio visual + pointer/keyboard","star / Uncommon / NEW","Complete native cinematic, text and choice acceptance","Blocked","COVERAGE.md","B01"
"C2008","Opening","a06","705x338","0,-58,705,338","1","Studio visual + pointer/keyboard","star / Uncommon / duplicate","Complete native cinematic, text and choice acceptance","Blocked","COVERAGE.md","B01"
"C2009","Opening","iphone13","749x389","0,-58,749,389","1","Studio visual + pointer/keyboard","star / Uncommon / NEW","Complete native cinematic, text and choice acceptance","Blocked","COVERAGE.md","B01"
"C2010","Opening","iphone13","749x389","0,-58,749,389","1","Studio visual + pointer/keyboard","star / Uncommon / duplicate","Complete native cinematic, text and choice acceptance","Blocked","COVERAGE.md","B01"
"C2011","Opening","iphone16max","831x439","0,-58,831,439","1","Studio visual + pointer/keyboard","star / Uncommon / NEW","Complete native cinematic, text and choice acceptance","Blocked","COVERAGE.md","B01"
"C2012","Opening","iphone16max","831x439","0,-58,831,439","1","Studio visual + pointer/keyboard","star / Uncommon / duplicate","Complete native cinematic, text and choice acceptance","Blocked","COVERAGE.md","B01"
"C2013","Opening","smalltablet","959x599","0,-58,959,599","1","Studio visual + pointer/keyboard","star / Uncommon / NEW","Complete native cinematic, text and choice acceptance","Blocked","COVERAGE.md","B01"
"C2014","Opening","smalltablet","959x599","0,-58,959,599","1","Studio visual + pointer/keyboard","star / Uncommon / duplicate","Complete native cinematic, text and choice acceptance","Blocked","COVERAGE.md","B01"
"C2015","Opening","ipad4x3","1023x768","0,-58,1023,768","1","Studio visual + pointer/keyboard","star / Uncommon / NEW","Complete native cinematic, text and choice acceptance","Blocked","COVERAGE.md","B01"
"C2016","Opening","ipad4x3","1023x768","0,-58,1023,768","1","Studio visual + pointer/keyboard","star / Uncommon / duplicate","Complete native cinematic, text and choice acceptance","Blocked","COVERAGE.md","B01"
"C2017","Opening","largetablet","1375x1032","0,-58,1375,1032","1.07421875","Studio visual + pointer/keyboard","star / Uncommon / NEW","Complete native cinematic, text and choice acceptance","Blocked","COVERAGE.md","B01"
"C2018","Opening","largetablet","1375x1032","0,-58,1375,1032","1.07421875","Studio visual + pointer/keyboard","star / Uncommon / duplicate","Complete native cinematic, text and choice acceptance","Blocked","COVERAGE.md","B01"
"C2019","Opening","laptop","1365x768","0,-58,1365,768","1.06640625","Studio visual + pointer/keyboard","star / Uncommon / NEW","Complete native cinematic, text and choice acceptance","Blocked","COVERAGE.md","B01"
"C2020","Opening","laptop","1365x768","0,-58,1365,768","1.06640625","Studio visual + pointer/keyboard","star / Uncommon / duplicate","Complete native cinematic, text and choice acceptance","Blocked","COVERAGE.md","B01"
"C2021","Opening","hd720","1279x720","0,-58,1279,720","1","Studio visual + pointer/keyboard","star / Uncommon / NEW","Complete native cinematic, text and choice acceptance","Blocked","COVERAGE.md","B01"
"C2022","Opening","hd720","1279x720","0,-58,1279,720","1","Studio visual + pointer/keyboard","star / Uncommon / duplicate","Complete native cinematic, text and choice acceptance","Blocked","COVERAGE.md","B01"
"C2023","Opening","desktop","1919x1079","0,-58,1919,1079","1.4986110925674438","Studio visual + pointer/keyboard","star / Uncommon / NEW","Complete native cinematic, text and choice acceptance","Blocked","COVERAGE.md","B01"
"C2024","Opening","desktop","1919x1079","0,-58,1919,1079","1.4986110925674438","Studio visual + pointer/keyboard","star / Uncommon / duplicate","Complete native cinematic, text and choice acceptance","Blocked","COVERAGE.md","B01"
"C2025","Opening","hires","2560x1440","0,-58,2560,1440","2","Studio visual + pointer/keyboard","star / Uncommon / NEW","Complete native cinematic, text and choice acceptance","Blocked","COVERAGE.md","B01"
"C2026","Opening","hires","2560x1440","0,-58,2560,1440","2","Studio visual + pointer/keyboard","star / Uncommon / duplicate","Complete native cinematic, text and choice acceptance","Blocked","COVERAGE.md","B01"
"C2027","Opening","ultrawide","3440x1440","0,-58,3440,1440","2","Studio visual + pointer/keyboard","star / Uncommon / NEW","Complete native cinematic, text and choice acceptance","Blocked","COVERAGE.md","B01"
"C2028","Opening","ultrawide","3440x1440","0,-58,3440,1440","2","Studio visual + pointer/keyboard","star / Uncommon / duplicate","Complete native cinematic, text and choice acceptance","Blocked","COVERAGE.md","B01"
"C2029","Opening","iphone7","666x374","0,-58,666,374","1","Studio visual + pointer/keyboard","star / Rare / NEW","Complete native cinematic, text and choice acceptance","Blocked","COVERAGE.md","B01"
"C2030","Opening","iphone7","666x374","0,-58,666,374","1","Studio visual + pointer/keyboard","star / Rare / duplicate","Complete native cinematic, text and choice acceptance","Blocked","COVERAGE.md","B01"
"C2031","Opening","a06","705x338","0,-58,705,338","1","Studio visual + pointer/keyboard","star / Rare / NEW","Complete native cinematic, text and choice acceptance","Blocked","COVERAGE.md","B01"
"C2032","Opening","a06","705x338","0,-58,705,338","1","Studio visual + pointer/keyboard","star / Rare / duplicate","Complete native cinematic, text and choice acceptance","Blocked","COVERAGE.md","B01"
"C2033","Opening","iphone13","749x389","0,-58,749,389","1","Studio visual + pointer/keyboard","star / Rare / NEW","Complete native cinematic, text and choice acceptance","Blocked","COVERAGE.md","B01"
"C2034","Opening","iphone13","749x389","0,-58,749,389","1","Studio visual + pointer/keyboard","star / Rare / duplicate","Complete native cinematic, text and choice acceptance","Blocked","COVERAGE.md","B01"
"C2035","Opening","iphone16max","831x439","0,-58,831,439","1","Studio visual + pointer/keyboard","star / Rare / NEW","Complete native cinematic, text and choice acceptance","Blocked","COVERAGE.md","B01"
"C2036","Opening","iphone16max","831x439","0,-58,831,439","1","Studio visual + pointer/keyboard","star / Rare / duplicate","Complete native cinematic, text and choice acceptance","Blocked","COVERAGE.md","B01"
"C2037","Opening","smalltablet","959x599","0,-58,959,599","1","Studio visual + pointer/keyboard","star / Rare / NEW","Complete native cinematic, text and choice acceptance","Blocked","COVERAGE.md","B01"
"C2038","Opening","smalltablet","959x599","0,-58,959,599","1","Studio visual + pointer/keyboard","star / Rare / duplicate","Complete native cinematic, text and choice acceptance","Blocked","COVERAGE.md","B01"
"C2039","Opening","ipad4x3","1023x768","0,-58,1023,768","1","Studio visual + pointer/keyboard","star / Rare / NEW","Complete native cinematic, text and choice acceptance","Blocked","COVERAGE.md","B01"
"C2040","Opening","ipad4x3","1023x768","0,-58,1023,768","1","Studio visual + pointer/keyboard","star / Rare / duplicate","Complete native cinematic, text and choice acceptance","Blocked","COVERAGE.md","B01"
"C2041","Opening","largetablet","1375x1032","0,-58,1375,1032","1.07421875","Studio visual + pointer/keyboard","star / Rare / NEW","Complete native cinematic, text and choice acceptance","Blocked","COVERAGE.md","B01"
"C2042","Opening","largetablet","1375x1032","0,-58,1375,1032","1.07421875","Studio visual + pointer/keyboard","star / Rare / duplicate","Complete native cinematic, text and choice acceptance","Blocked","COVERAGE.md","B01"
"C2043","Opening","laptop","1365x768","0,-58,1365,768","1.06640625","Studio visual + pointer/keyboard","star / Rare / NEW","Complete native cinematic, text and choice acceptance","Blocked","COVERAGE.md","B01"
"C2044","Opening","laptop","1365x768","0,-58,1365,768","1.06640625","Studio visual + pointer/keyboard","star / Rare / duplicate","Complete native cinematic, text and choice acceptance","Blocked","COVERAGE.md","B01"
"C2045","Opening","hd720","1279x720","0,-58,1279,720","1","Studio visual + pointer/keyboard","star / Rare / NEW","Complete native cinematic, text and choice acceptance","Blocked","COVERAGE.md","B01"
"C2046","Opening","hd720","1279x720","0,-58,1279,720","1","Studio visual + pointer/keyboard","star / Rare / duplicate","Complete native cinematic, text and choice acceptance","Blocked","COVERAGE.md","B01"
"C2047","Opening","desktop","1919x1079","0,-58,1919,1079","1.4986110925674438","Studio visual + pointer/keyboard","star / Rare / NEW","Complete native cinematic, text and choice acceptance","Blocked","COVERAGE.md","B01"
"C2048","Opening","desktop","1919x1079","0,-58,1919,1079","1.4986110925674438","Studio visual + pointer/keyboard","star / Rare / duplicate","Complete native cinematic, text and choice acceptance","Blocked","COVERAGE.md","B01"
"C2049","Opening","hires","2560x1440","0,-58,2560,1440","2","Studio visual + pointer/keyboard","star / Rare / NEW","Complete native cinematic, text and choice acceptance","Blocked","COVERAGE.md","B01"
"C2050","Opening","hires","2560x1440","0,-58,2560,1440","2","Studio visual + pointer/keyboard","star / Rare / duplicate","Complete native cinematic, text and choice acceptance","Blocked","COVERAGE.md","B01"
"C2051","Opening","ultrawide","3440x1440","0,-58,3440,1440","2","Studio visual + pointer/keyboard","star / Rare / NEW","Complete native cinematic, text and choice acceptance","Blocked","COVERAGE.md","B01"
"C2052","Opening","ultrawide","3440x1440","0,-58,3440,1440","2","Studio visual + pointer/keyboard","star / Rare / duplicate","Complete native cinematic, text and choice acceptance","Blocked","COVERAGE.md","B01"
"C2053","Opening","iphone7","666x374","0,-58,666,374","1","Studio visual + pointer/keyboard","star / Legendary / NEW","Complete native cinematic, text and choice acceptance","Blocked","COVERAGE.md","B01"
"C2054","Opening","iphone7","666x374","0,-58,666,374","1","Studio visual + pointer/keyboard","star / Legendary / duplicate","Complete native cinematic, text and choice acceptance","Blocked","COVERAGE.md","B01"
"C2055","Opening","a06","705x338","0,-58,705,338","1","Studio visual + pointer/keyboard","star / Legendary / NEW","Complete native cinematic, text and choice acceptance","Blocked","COVERAGE.md","B01"
"C2056","Opening","a06","705x338","0,-58,705,338","1","Studio visual + pointer/keyboard","star / Legendary / duplicate","Complete native cinematic, text and choice acceptance","Blocked","COVERAGE.md","B01"
"C2057","Opening","iphone13","749x389","0,-58,749,389","1","Studio visual + pointer/keyboard","star / Legendary / NEW","Complete native cinematic, text and choice acceptance","Blocked","COVERAGE.md","B01"
"C2058","Opening","iphone13","749x389","0,-58,749,389","1","Studio visual + pointer/keyboard","star / Legendary / duplicate","Complete native cinematic, text and choice acceptance","Blocked","COVERAGE.md","B01"
"C2059","Opening","iphone16max","831x439","0,-58,831,439","1","Studio visual + pointer/keyboard","star / Legendary / NEW","Complete native cinematic, text and choice acceptance","Blocked","COVERAGE.md","B01"
"C2060","Opening","iphone16max","831x439","0,-58,831,439","1","Studio visual + pointer/keyboard","star / Legendary / duplicate","Complete native cinematic, text and choice acceptance","Blocked","COVERAGE.md","B01"
"C2061","Opening","smalltablet","959x599","0,-58,959,599","1","Studio visual + pointer/keyboard","star / Legendary / NEW","Complete native cinematic, text and choice acceptance","Blocked","COVERAGE.md","B01"
"C2062","Opening","smalltablet","959x599","0,-58,959,599","1","Studio visual + pointer/keyboard","star / Legendary / duplicate","Complete native cinematic, text and choice acceptance","Blocked","COVERAGE.md","B01"
"C2063","Opening","ipad4x3","1023x768","0,-58,1023,768","1","Studio visual + pointer/keyboard","star / Legendary / NEW","Complete native cinematic, text and choice acceptance","Blocked","COVERAGE.md","B01"
"C2064","Opening","ipad4x3","1023x768","0,-58,1023,768","1","Studio visual + pointer/keyboard","star / Legendary / duplicate","Complete native cinematic, text and choice acceptance","Blocked","COVERAGE.md","B01"
"C2065","Opening","largetablet","1375x1032","0,-58,1375,1032","1.07421875","Studio visual + pointer/keyboard","star / Legendary / NEW","Complete native cinematic, text and choice acceptance","Blocked","COVERAGE.md","B01"
"C2066","Opening","largetablet","1375x1032","0,-58,1375,1032","1.07421875","Studio visual + pointer/keyboard","star / Legendary / duplicate","Complete native cinematic, text and choice acceptance","Blocked","COVERAGE.md","B01"
"C2067","Opening","laptop","1365x768","0,-58,1365,768","1.06640625","Studio visual + pointer/keyboard","star / Legendary / NEW","Complete native cinematic, text and choice acceptance","Blocked","COVERAGE.md","B01"
"C2068","Opening","laptop","1365x768","0,-58,1365,768","1.06640625","Studio visual + pointer/keyboard","star / Legendary / duplicate","Complete native cinematic, text and choice acceptance","Blocked","COVERAGE.md","B01"
"C2069","Opening","hd720","1279x720","0,-58,1279,720","1","Studio visual + pointer/keyboard","star / Legendary / NEW","Complete native cinematic, text and choice acceptance","Blocked","COVERAGE.md","B01"
"C2070","Opening","hd720","1279x720","0,-58,1279,720","1","Studio visual + pointer/keyboard","star / Legendary / duplicate","Complete native cinematic, text and choice acceptance","Blocked","COVERAGE.md","B01"
"C2071","Opening","desktop","1919x1079","0,-58,1919,1079","1.4986110925674438","Studio visual + pointer/keyboard","star / Legendary / NEW","Complete native cinematic, text and choice acceptance","Blocked","COVERAGE.md","B01"
"C2072","Opening","desktop","1919x1079","0,-58,1919,1079","1.4986110925674438","Studio visual + pointer/keyboard","star / Legendary / duplicate","Complete native cinematic, text and choice acceptance","Blocked","COVERAGE.md","B01"
"C2073","Opening","hires","2560x1440","0,-58,2560,1440","2","Studio visual + pointer/keyboard","star / Legendary / NEW","Complete native cinematic, text and choice acceptance","Blocked","COVERAGE.md","B01"
"C2074","Opening","hires","2560x1440","0,-58,2560,1440","2","Studio visual + pointer/keyboard","star / Legendary / duplicate","Complete native cinematic, text and choice acceptance","Blocked","COVERAGE.md","B01"
"C2075","Opening","ultrawide","3440x1440","0,-58,3440,1440","2","Studio visual + pointer/keyboard","star / Legendary / NEW","Complete native cinematic, text and choice acceptance","Blocked","COVERAGE.md","B01"
"C2076","Opening","ultrawide","3440x1440","0,-58,3440,1440","2","Studio visual + pointer/keyboard","star / Legendary / duplicate","Complete native cinematic, text and choice acceptance","Blocked","COVERAGE.md","B01"
"C2077","Opening","iphone7","666x374","0,-58,666,374","1","Studio visual + pointer/keyboard","star / Mythical / NEW","Complete native cinematic, text and choice acceptance","Blocked","COVERAGE.md","B01"
"C2078","Opening","iphone7","666x374","0,-58,666,374","1","Studio visual + pointer/keyboard","star / Mythical / duplicate","Complete native cinematic, text and choice acceptance","Blocked","COVERAGE.md","B01"
"C2079","Opening","a06","705x338","0,-58,705,338","1","Studio visual + pointer/keyboard","star / Mythical / NEW","Complete native cinematic, text and choice acceptance","Blocked","COVERAGE.md","B01"
"C2080","Opening","a06","705x338","0,-58,705,338","1","Studio visual + pointer/keyboard","star / Mythical / duplicate","Complete native cinematic, text and choice acceptance","Blocked","COVERAGE.md","B01"
"C2081","Opening","iphone13","749x389","0,-58,749,389","1","Studio visual + pointer/keyboard","star / Mythical / NEW","Complete native cinematic, text and choice acceptance","Blocked","COVERAGE.md","B01"
"C2082","Opening","iphone13","749x389","0,-58,749,389","1","Studio visual + pointer/keyboard","star / Mythical / duplicate","Complete native cinematic, text and choice acceptance","Blocked","COVERAGE.md","B01"
"C2083","Opening","iphone16max","831x439","0,-58,831,439","1","Studio visual + pointer/keyboard","star / Mythical / NEW","Complete native cinematic, text and choice acceptance","Blocked","COVERAGE.md","B01"
"C2084","Opening","iphone16max","831x439","0,-58,831,439","1","Studio visual + pointer/keyboard","star / Mythical / duplicate","Complete native cinematic, text and choice acceptance","Blocked","COVERAGE.md","B01"
"C2085","Opening","smalltablet","959x599","0,-58,959,599","1","Studio visual + pointer/keyboard","star / Mythical / NEW","Complete native cinematic, text and choice acceptance","Blocked","COVERAGE.md","B01"
"C2086","Opening","smalltablet","959x599","0,-58,959,599","1","Studio visual + pointer/keyboard","star / Mythical / duplicate","Complete native cinematic, text and choice acceptance","Blocked","COVERAGE.md","B01"
"C2087","Opening","ipad4x3","1023x768","0,-58,1023,768","1","Studio visual + pointer/keyboard","star / Mythical / NEW","Complete native cinematic, text and choice acceptance","Blocked","COVERAGE.md","B01"
"C2088","Opening","ipad4x3","1023x768","0,-58,1023,768","1","Studio visual + pointer/keyboard","star / Mythical / duplicate","Complete native cinematic, text and choice acceptance","Blocked","COVERAGE.md","B01"
"C2089","Opening","largetablet","1375x1032","0,-58,1375,1032","1.07421875","Studio visual + pointer/keyboard","star / Mythical / NEW","Complete native cinematic, text and choice acceptance","Blocked","COVERAGE.md","B01"
"C2090","Opening","largetablet","1375x1032","0,-58,1375,1032","1.07421875","Studio visual + pointer/keyboard","star / Mythical / duplicate","Complete native cinematic, text and choice acceptance","Blocked","COVERAGE.md","B01"
"C2091","Opening","laptop","1365x768","0,-58,1365,768","1.06640625","Studio visual + pointer/keyboard","star / Mythical / NEW","Complete native cinematic, text and choice acceptance","Blocked","COVERAGE.md","B01"
"C2092","Opening","laptop","1365x768","0,-58,1365,768","1.06640625","Studio visual + pointer/keyboard","star / Mythical / duplicate","Complete native cinematic, text and choice acceptance","Blocked","COVERAGE.md","B01"
"C2093","Opening","hd720","1279x720","0,-58,1279,720","1","Studio visual + pointer/keyboard","star / Mythical / NEW","Complete native cinematic, text and choice acceptance","Blocked","COVERAGE.md","B01"
"C2094","Opening","hd720","1279x720","0,-58,1279,720","1","Studio visual + pointer/keyboard","star / Mythical / duplicate","Complete native cinematic, text and choice acceptance","Blocked","COVERAGE.md","B01"
"C2095","Opening","desktop","1919x1079","0,-58,1919,1079","1.4986110925674438","Studio visual + pointer/keyboard","star / Mythical / NEW","Complete native cinematic, text and choice acceptance","Blocked","COVERAGE.md","B01"
"C2096","Opening","desktop","1919x1079","0,-58,1919,1079","1.4986110925674438","Studio visual + pointer/keyboard","star / Mythical / duplicate","Complete native cinematic, text and choice acceptance","Blocked","COVERAGE.md","B01"
"C2097","Opening","hires","2560x1440","0,-58,2560,1440","2","Studio visual + pointer/keyboard","star / Mythical / NEW","Complete native cinematic, text and choice acceptance","Blocked","COVERAGE.md","B01"
"C2098","Opening","hires","2560x1440","0,-58,2560,1440","2","Studio visual + pointer/keyboard","star / Mythical / duplicate","Complete native cinematic, text and choice acceptance","Blocked","COVERAGE.md","B01"
"C2099","Opening","ultrawide","3440x1440","0,-58,3440,1440","2","Studio visual + pointer/keyboard","star / Mythical / NEW","Complete native cinematic, text and choice acceptance","Blocked","COVERAGE.md","B01"
"C2100","Opening","ultrawide","3440x1440","0,-58,3440,1440","2","Studio visual + pointer/keyboard","star / Mythical / duplicate","Complete native cinematic, text and choice acceptance","Blocked","COVERAGE.md","B01"
"C2101","Shop","iphone7","666x374","0,-58,666,374","1","Studio native pointer/keyboard","Fresh","Welcome gift activation","Pass","final-runtime.json",""
"C2102","Opening","iphone7","666x374","0,-58,666,374","1","Studio native pointer/keyboard","Uncommon NEW","Welcome Open / reveal / Put on Display","Pass","welcome-reveal.jpg; final-runtime.json",""
"C2103","OwnerWorld","iphone7","666x374","0,-58,666,374","1","Studio native pointer/keyboard","First displayed figure","WASD / collection plate","Pass","collect-success.jpg; final-runtime.json",""
"C2104","Shop","iphone7","666x374","0,-58,666,374","1","Studio native pointer/keyboard","Coins5038","Paid Grove Buy","Pass","paid-result.jpg; final-runtime.json",""
"C2105","PullSummary","iphone7","666x374","0,-58,666,374","1","Studio native pointer/keyboard","Welcome10 / completed Grove","Skip / all ten results / Done","Fail","AQ04; welcome-ten-summary.jpg",""
"C2106","Shelves","iphone7","666x374","0,-58,666,374","1","Studio native pointer/keyboard","Completed Grove / reward Shelf4","Natural Mallow placement / Quest completion","Pass","final-runtime.json",""
"C2107","Login","iphone7","666x374","0,-58,666,374","1","Studio native pointer/keyboard","Day1 ready","Double-click claim exactly500","Pass","final-runtime.json",""
"C2108","Settings","defaultDesktop","1529x730","0,-58,1529,730","1.013889","Studio native pointer/keyboard","Natural completion","Reduced / both volumes50","Pass","progressed.json; final-runtime.json",""
"C2109","Display","defaultDesktop","1529x730","0,-58,1529,730","1.013889","Studio native pointer/keyboard","3 distinct Grove owned","Equip Best / repeated no-op / bonus","Pass","progressed.json; final-runtime.json",""
"C2110","Goals","defaultDesktop","1529x730","0,-58,1529,730","1.013889","Studio native pointer/keyboard","Progress3","Daily goal double click pays once","Pass","progressed.json; final-runtime.json",""
"C2111","Display","defaultDesktop","1529x730","0,-58,1529,730","1.013889","Studio native pointer/keyboard","Fixture +20M","Unlock4/5/6 sequential charges","Pass","progressed.json; final-runtime.json",""
"C2112","Shelves","defaultDesktop","1529x730","0,-58,1529,730","1.013889","Studio native pointer/keyboard","Fixture funded","Two valid purchases 50K+125K","Pass","progressed.json; final-runtime.json",""
"C2113","Multiplayer","native engine headless","","","","Synthetic FireServer / engine lifecycle","2 players, unsaved isolated sessions","private snapshot isolation","Pass","multiplayer.json",""
"C2114","Multiplayer","native engine headless","","","","Synthetic FireServer / engine lifecycle","2 players, unsaved isolated sessions","exact Welcome and Buy retries","Pass","multiplayer.json",""
"C2115","Multiplayer","native engine headless","","","","Synthetic FireServer / engine lifecycle","2 players, unsaved isolated sessions","changed ID reuse / unknown fields / NaN / stale revision","Pass","multiplayer.json",""
"C2116","Multiplayer","native engine headless","","","","Synthetic FireServer / engine lifecycle","2 players, unsaved isolated sessions","visitor edit and Collect denial","Pass","multiplayer.json",""
"C2117","Multiplayer","native engine headless","","","","Synthetic FireServer / engine lifecycle","2 players, unsaved isolated sessions","Home identity ignored","Pass","multiplayer.json",""
"C2118","Multiplayer","native engine headless","","","","Synthetic FireServer / engine lifecycle","2 players, unsaved isolated sessions","owner bank / Shelf placement-removal","Pass","multiplayer.json",""
"C2119","Multiplayer","native engine headless","","","","Synthetic FireServer / engine lifecycle","2 players, unsaved isolated sessions","per-player deal stock and sold-out","Pass","multiplayer.json",""
"C2120","Multiplayer","native engine headless","","","","Synthetic FireServer / engine lifecycle","2 players, unsaved isolated sessions","disconnect / reassignment","Pass","multiplayer.json",""
"C2121","Collection","Console Xbox/PlayStation","","","","Native platform input","Experience enablement unknown","Applicability and hardware acceptance","Blocked","COVERAGE.md","B02; B03; B01"
"C2122","Display","Console Xbox/PlayStation","","","","Native platform input","Experience enablement unknown","Applicability and hardware acceptance","Blocked","COVERAGE.md","B02; B03; B01"
"C2123","Shop","Console Xbox/PlayStation","","","","Native platform input","Experience enablement unknown","Applicability and hardware acceptance","Blocked","COVERAGE.md","B02; B03; B01"
"C2124","Goals","Console Xbox/PlayStation","","","","Native platform input","Experience enablement unknown","Applicability and hardware acceptance","Blocked","COVERAGE.md","B02; B03; B01"
"C2125","Shelves","Console Xbox/PlayStation","","","","Native platform input","Experience enablement unknown","Applicability and hardware acceptance","Blocked","COVERAGE.md","B02; B03; B01"
"C2126","Login","Console Xbox/PlayStation","","","","Native platform input","Experience enablement unknown","Applicability and hardware acceptance","Blocked","COVERAGE.md","B02; B03; B01"
"C2127","HUD","Console Xbox/PlayStation","","","","Native platform input","Experience enablement unknown","Applicability and hardware acceptance","Blocked","COVERAGE.md","B02; B03; B01"
"C2128","Settings","Console Xbox/PlayStation","","","","Native platform input","Experience enablement unknown","Applicability and hardware acceptance","Blocked","COVERAGE.md","B02; B03; B01"
"C2129","Collection","VR Quest","","","","Native platform input","Experience enablement unknown","Applicability and hardware acceptance","Blocked","COVERAGE.md","B02; B03; B01"
"C2130","Display","VR Quest","","","","Native platform input","Experience enablement unknown","Applicability and hardware acceptance","Blocked","COVERAGE.md","B02; B03; B01"
"C2131","Shop","VR Quest","","","","Native platform input","Experience enablement unknown","Applicability and hardware acceptance","Blocked","COVERAGE.md","B02; B03; B01"
"C2132","Goals","VR Quest","","","","Native platform input","Experience enablement unknown","Applicability and hardware acceptance","Blocked","COVERAGE.md","B02; B03; B01"
"C2133","Shelves","VR Quest","","","","Native platform input","Experience enablement unknown","Applicability and hardware acceptance","Blocked","COVERAGE.md","B02; B03; B01"
"C2134","Login","VR Quest","","","","Native platform input","Experience enablement unknown","Applicability and hardware acceptance","Blocked","COVERAGE.md","B02; B03; B01"
"C2135","HUD","VR Quest","","","","Native platform input","Experience enablement unknown","Applicability and hardware acceptance","Blocked","COVERAGE.md","B02; B03; B01"
"C2136","Settings","VR Quest","","","","Native platform input","Experience enablement unknown","Applicability and hardware acceptance","Blocked","COVERAGE.md","B02; B03; B01"
"C2137","Collection","non-Windows physical desktop","","","","Native platform input","Experience enablement unknown","Applicability and hardware acceptance","Blocked","COVERAGE.md","B02; B03; B01"
"C2138","Display","non-Windows physical desktop","","","","Native platform input","Experience enablement unknown","Applicability and hardware acceptance","Blocked","COVERAGE.md","B02; B03; B01"
"C2139","Shop","non-Windows physical desktop","","","","Native platform input","Experience enablement unknown","Applicability and hardware acceptance","Blocked","COVERAGE.md","B02; B03; B01"
"C2140","Goals","non-Windows physical desktop","","","","Native platform input","Experience enablement unknown","Applicability and hardware acceptance","Blocked","COVERAGE.md","B02; B03; B01"
"C2141","Shelves","non-Windows physical desktop","","","","Native platform input","Experience enablement unknown","Applicability and hardware acceptance","Blocked","COVERAGE.md","B02; B03; B01"
"C2142","Login","non-Windows physical desktop","","","","Native platform input","Experience enablement unknown","Applicability and hardware acceptance","Blocked","COVERAGE.md","B02; B03; B01"
"C2143","HUD","non-Windows physical desktop","","","","Native platform input","Experience enablement unknown","Applicability and hardware acceptance","Blocked","COVERAGE.md","B02; B03; B01"
"C2144","Settings","non-Windows physical desktop","","","","Native platform input","Experience enablement unknown","Applicability and hardware acceptance","Blocked","COVERAGE.md","B02; B03; B01"
